gene_symbol,structure_id,source,structure_type,method,resolution,chain_ids,ligand_ids,organism,title,file_format,local_file_path,download_url,docking_recommended,is_preferred,is_downloaded,quality_note
ABL1,AF-P00519-F1,AlphaFold,predicted,Predicted,,A,,Homo sapiens,AlphaFold predicted model for ABL1,cif,data/target_db/cache/alphafold/P00519/AF-P00519-F1-model_v6.cif,https://alphafold.ebi.ac.uk/files/AF-P00519-F1-model_v6.cif,0,0,1,AlphaFold predicted model; useful as structural reference when experimental structures are unavailable.
ABL1,1AB2,RCSB_PDB,experimental,NMR,,A,,Homo sapiens,THREE-DIMENSIONAL SOLUTION STRUCTURE OF THE SRC HOMOLOGY 2 DOMAIN OF C-ABL,cif,data/target_db/cache/rcsb/ABL1/1AB2.cif,https://files.rcsb.org/download/1AB2.cif,0,1,1,Experimental RCSB structure imported by bulk sync.
ABL1,1AWO,RCSB_PDB,experimental,NMR,,A,,Homo sapiens,"THE SOLUTION NMR STRUCTURE OF ABL SH3 AND ITS RELATIONSHIP TO SH2 IN THE SH(32) CONSTRUCT, 20 STRUCTURES",cif,data/target_db/cache/rcsb/ABL1/1AWO.cif,https://files.rcsb.org/download/1AWO.cif,0,0,1,Experimental RCSB structure imported by bulk sync.
ABL1,1BBZ,RCSB_PDB,experimental,X-ray,1.65,A;C;E;G,SO4,Homo sapiens,CRYSTAL STRUCTURE OF THE ABL-SH3 DOMAIN COMPLEXED WITH A DESIGNED HIGH-AFFINITY PEPTIDE LIGAND: IMPLICATIONS FOR SH3-LIGAND INTERACTIONS,cif,data/target_db/cache/rcsb/ABL1/1BBZ.cif,https://files.rcsb.org/download/1BBZ.cif,1,0,1,Experimental RCSB structure imported by bulk sync; resolution 1.65 A; ligand(s): SO4; candidate for docking review.
ABL1,1JU5,RCSB_PDB,experimental,NMR,,C,,Homo sapiens,"Ternary complex of an Crk SH2 domain, Crk-derived phophopeptide, and Abl SH3 domain by NMR spectroscopy",cif,data/target_db/cache/rcsb/ABL1/1JU5.cif,https://files.rcsb.org/download/1JU5.cif,0,0,1,Experimental RCSB structure imported by bulk sync.
ABL1,1OPL,RCSB_PDB,experimental,X-ray,3.42,A;B,MYR;P16,Homo sapiens,Structural basis for the auto-inhibition of c-Abl tyrosine kinase,cif,data/target_db/cache/rcsb/ABL1/1OPL.cif,https://files.rcsb.org/download/1OPL.cif,1,0,1,Experimental RCSB structure imported by bulk sync; resolution 3.42 A; ligand(s): MYR;P16; candidate for docking review.
ACE,AF-P12821-F1,AlphaFold,predicted,Predicted,,A,,Homo sapiens,AlphaFold predicted model for ACE,cif,data/target_db/cache/alphafold/P12821/AF-P12821-F1-model_v6.cif,https://alphafold.ebi.ac.uk/files/AF-P12821-F1-model_v6.cif,0,0,1,AlphaFold predicted model; useful as structural reference when experimental structures are unavailable.
ACE,1O86,RCSB_PDB,experimental,X-ray,2.0,A,CL;GLY;LPR;ZN,Homo sapiens,Crystal Structure of Human Angiotensin Converting Enzyme in complex with lisinopril.,cif,data/target_db/cache/rcsb/ACE/1O86.cif,https://files.rcsb.org/download/1O86.cif,1,1,1,Experimental RCSB structure imported by bulk sync; resolution 2.0 A; ligand(s): CL;GLY;LPR;ZN; candidate for docking review.
ACE,1O8A,RCSB_PDB,experimental,X-ray,2.0,A,ACT;CL;NAG;NXA;ZN,Homo sapiens,Crystal Structure of Human Angiotensin Converting Enzyme (Native).,cif,data/target_db/cache/rcsb/ACE/1O8A.cif,https://files.rcsb.org/download/1O8A.cif,1,0,1,Experimental RCSB structure imported by bulk sync; resolution 2.0 A; ligand(s): ACT;CL;NAG;NXA;ZN; candidate for docking review.
ACE,1UZE,RCSB_PDB,experimental,X-ray,1.82,A,CL;EAL;GLY;ZN,Homo sapiens,Complex of the anti-hypertensive drug enalaprilat and the human testicular angiotensin I-converting enzyme,cif,data/target_db/cache/rcsb/ACE/1UZE.cif,https://files.rcsb.org/download/1UZE.cif,1,0,1,Experimental RCSB structure imported by bulk sync; resolution 1.82 A; ligand(s): CL;EAL;GLY;ZN; candidate for docking review.
ACE2,AF-Q9BYF1-F1,AlphaFold,predicted,Predicted,,A,,Homo sapiens,AlphaFold predicted model for ACE2,cif,data/target_db/cache/alphafold/Q9BYF1/AF-Q9BYF1-F1-model_v6.cif,https://alphafold.ebi.ac.uk/files/AF-Q9BYF1-F1-model_v6.cif,0,0,1,AlphaFold predicted model; useful as structural reference when experimental structures are unavailable.
ACE2,1R42,RCSB_PDB,experimental,X-ray,2.2,A,CL;NAG;ZN,Homo sapiens,Native Human Angiotensin Converting Enzyme-Related Carboxypeptidase (ACE2),cif,data/target_db/cache/rcsb/ACE2/1R42.cif,https://files.rcsb.org/download/1R42.cif,1,1,1,Experimental RCSB structure imported by bulk sync; resolution 2.2 A; ligand(s): CL;NAG;ZN; candidate for docking review.
ACE2,1R4L,RCSB_PDB,experimental,X-ray,3.0,A,CL;NAG;XX5;ZN,Homo sapiens,Inhibitor Bound Human Angiotensin Converting Enzyme-Related Carboxypeptidase (ACE2),cif,data/target_db/cache/rcsb/ACE2/1R4L.cif,https://files.rcsb.org/download/1R4L.cif,1,0,1,Experimental RCSB structure imported by bulk sync; resolution 3.0 A; ligand(s): CL;NAG;XX5;ZN; candidate for docking review.
ACE2,28KD,RCSB_PDB,experimental,X-ray,2.02,A;B,ZN,Synthetic plasmid,ACE2 extracellular domain in complex with the macrocyclic peptide GR3.1.2,cif,data/target_db/cache/rcsb/ACE2/28KD.cif,https://files.rcsb.org/download/28KD.cif,1,0,1,Experimental RCSB structure imported by bulk sync; resolution 2.02 A; ligand(s): ZN; candidate for docking review.
ADAM17,AF-P78536-F1,AlphaFold,predicted,Predicted,,A,,Homo sapiens,AlphaFold predicted model for ADAM17,cif,data/target_db/cache/alphafold/P78536/AF-P78536-F1-model_v6.cif,https://alphafold.ebi.ac.uk/files/AF-P78536-F1-model_v6.cif,0,0,1,AlphaFold predicted model; useful as structural reference when experimental structures are unavailable.
ADAM17,1BKC,RCSB_PDB,experimental,X-ray,2.0,A;C;E;I,INN;ZN,Homo sapiens,CATALYTIC DOMAIN OF TNF-ALPHA CONVERTING ENZYME (TACE),cif,data/target_db/cache/rcsb/ADAM17/1BKC.cif,https://files.rcsb.org/download/1BKC.cif,1,1,1,Experimental RCSB structure imported by bulk sync; resolution 2.0 A; ligand(s): INN;ZN; candidate for docking review.
ADAM17,1ZXC,RCSB_PDB,experimental,X-ray,2.28,A;B,IH6;ZN,Homo sapiens,Crystal structure of catalytic domain of TNF-alpha converting enzyme (TACE) with inhibitor,cif,data/target_db/cache/rcsb/ADAM17/1ZXC.cif,https://files.rcsb.org/download/1ZXC.cif,1,0,1,Experimental RCSB structure imported by bulk sync; resolution 2.28 A; ligand(s): IH6;ZN; candidate for docking review.
ADAM17,2A8H,RCSB_PDB,experimental,X-ray,2.3,A;B,4NH;ZN,Homo sapiens,Crystal structure of catalytic domain of TACE with Thiomorpholine Sulfonamide Hydroxamate inhibitor,cif,data/target_db/cache/rcsb/ADAM17/2A8H.cif,https://files.rcsb.org/download/2A8H.cif,1,0,1,Experimental RCSB structure imported by bulk sync; resolution 2.3 A; ligand(s): 4NH;ZN; candidate for docking review.
ADORA2A,AF-P29274-F1,AlphaFold,predicted,Predicted,,A,,Homo sapiens,AlphaFold predicted model for ADORA2A,cif,data/target_db/cache/alphafold/P29274/AF-P29274-F1-model_v6.cif,https://alphafold.ebi.ac.uk/files/AF-P29274-F1-model_v6.cif,0,0,1,AlphaFold predicted model; useful as structural reference when experimental structures are unavailable.
ADORA2A,2YDO,RCSB_PDB,experimental,X-ray,3.0,A,ADN;SOG,Homo sapiens,Thermostabilised HUMAN A2a Receptor with adenosine bound,cif,data/target_db/cache/rcsb/ADORA2A/2YDO.cif,https://files.rcsb.org/download/2YDO.cif,1,1,1,Experimental RCSB structure imported by bulk sync; resolution 3.0 A; ligand(s): ADN;SOG; candidate for docking review.
ADORA2A,2YDV,RCSB_PDB,experimental,X-ray,2.6,A,NEC;SOG,Homo sapiens,Thermostabilised HUMAN A2a Receptor with NECA bound,cif,data/target_db/cache/rcsb/ADORA2A/2YDV.cif,https://files.rcsb.org/download/2YDV.cif,1,0,1,Experimental RCSB structure imported by bulk sync; resolution 2.6 A; ligand(s): NEC;SOG; candidate for docking review.
ADORA2A,3EML,RCSB_PDB,experimental,X-ray,2.6,A,SO4;STE;ZMA,Homo sapiens,The 2.6 A Crystal Structure of a Human A2A Adenosine Receptor bound to ZM241385.,cif,data/target_db/cache/rcsb/ADORA2A/3EML.cif,https://files.rcsb.org/download/3EML.cif,1,0,1,Experimental RCSB structure imported by bulk sync; resolution 2.6 A; ligand(s): SO4;STE;ZMA; candidate for docking review.
ADRB2,AF-P07550-F1,AlphaFold,predicted,Predicted,,A,,Homo sapiens,AlphaFold predicted model for ADRB2,cif,data/target_db/cache/alphafold/P07550/AF-P07550-F1-model_v6.cif,https://alphafold.ebi.ac.uk/files/AF-P07550-F1-model_v6.cif,0,0,1,AlphaFold predicted model; useful as structural reference when experimental structures are unavailable.
ADRB2,1GQ4,RCSB_PDB,experimental,X-ray,1.9,A,CL,Homo sapiens,STRUCTURAL DETERMINANTS OF THE NHERF INTERACTION WITH BETA2AR AND PDGFR,cif,data/target_db/cache/rcsb/ADRB2/1GQ4.cif,https://files.rcsb.org/download/1GQ4.cif,1,1,1,Experimental RCSB structure imported by bulk sync; resolution 1.9 A; ligand(s): CL; candidate for docking review.
ADRB2,2R4R,RCSB_PDB,experimental,X-ray,3.4,A,,Homo sapiens,Crystal structure of the human beta2 adrenoceptor,cif,data/target_db/cache/rcsb/ADRB2/2R4R.cif,https://files.rcsb.org/download/2R4R.cif,0,0,1,Experimental RCSB structure imported by bulk sync; resolution 3.4 A.
ADRB2,2R4S,RCSB_PDB,experimental,X-ray,3.4,A,,Mus musculus,Crystal structure of the human beta2 adrenoceptor,cif,data/target_db/cache/rcsb/ADRB2/2R4S.cif,https://files.rcsb.org/download/2R4S.cif,0,0,1,Experimental RCSB structure imported by bulk sync; resolution 3.4 A.
ADRB2,2RH1,RCSB_PDB,experimental,X-ray,2.4,A,12P;ACM;BU1;CAU;CLR;PLM;SO4,Homo sapiens,High resolution crystal structure of human B2-adrenergic G protein-coupled receptor.,cif,data/target_db/cache/rcsb/ADRB2/2RH1.cif,https://files.rcsb.org/download/2RH1.cif,1,0,1,Experimental RCSB structure imported by bulk sync; resolution 2.4 A; ligand(s): 12P;ACM;BU1;CAU;CLR;PLM;SO4; candidate for docking review.
ADRB2,3D4S,RCSB_PDB,experimental,X-ray,2.8,A,CLR;OLC;TIM,Homo sapiens,Cholesterol bound form of human beta2 adrenergic receptor.,cif,data/target_db/cache/rcsb/ADRB2/3D4S.cif,https://files.rcsb.org/download/3D4S.cif,1,0,1,Experimental RCSB structure imported by bulk sync; resolution 2.8 A; ligand(s): CLR;OLC;TIM; candidate for docking review.
AKT1,AF-P31749-F1,AlphaFold,predicted,Predicted,,A,,Homo sapiens,AlphaFold predicted model for AKT1,cif,data/target_db/cache/alphafold/P31749/AF-P31749-F1-model_v6.cif,https://alphafold.ebi.ac.uk/files/AF-P31749-F1-model_v6.cif,0,0,1,AlphaFold predicted model; useful as structural reference when experimental structures are unavailable.
AKT1,1H10,RCSB_PDB,experimental,X-ray,1.4,A,4IP,Homo sapiens,"HIGH RESOLUTION STRUCTURE OF THE PLECKSTRIN HOMOLOGY DOMAIN OF PROTEIN KINASE B/AKT BOUND TO INS(1,3,4,5)-TETRAKISPHOPHATE",cif,data/target_db/cache/rcsb/AKT1/1H10.cif,https://files.rcsb.org/download/1H10.cif,1,1,1,Experimental RCSB structure imported by bulk sync; resolution 1.4 A; ligand(s): 4IP; candidate for docking review.
AKT1,1UNP,RCSB_PDB,experimental,X-ray,1.65,A,,Homo sapiens,Crystal structure of the pleckstrin homology domain of PKB alpha,cif,data/target_db/cache/rcsb/AKT1/1UNP.cif,https://files.rcsb.org/download/1UNP.cif,0,0,1,Experimental RCSB structure imported by bulk sync; resolution 1.65 A.
AKT1,1UNQ,RCSB_PDB,experimental,X-ray,0.98,A,4IP,Homo sapiens,"High resolution crystal structure of the Pleckstrin Homology Domain Of Protein Kinase B/Akt Bound To Ins(1,3,4,5)-Tetrakisphophate",cif,data/target_db/cache/rcsb/AKT1/1UNQ.cif,https://files.rcsb.org/download/1UNQ.cif,1,0,1,Experimental RCSB structure imported by bulk sync; resolution 0.98 A; ligand(s): 4IP; candidate for docking review.
AKT1,1UNR,RCSB_PDB,experimental,X-ray,1.25,A,SO4,Homo sapiens,Crystal structure of the PH domain of PKB alpha in complex with a sulfate molecule,cif,data/target_db/cache/rcsb/AKT1/1UNR.cif,https://files.rcsb.org/download/1UNR.cif,1,0,1,Experimental RCSB structure imported by bulk sync; resolution 1.25 A; ligand(s): SO4; candidate for docking review.
AKT1,2UVM,RCSB_PDB,experimental,X-ray,1.94,A,GVF;NA,Homo sapiens,"Structure of PKBalpha PH domain in complex with a novel inositol headgroup surrogate, benzene 1,2,3,4-tetrakisphosphate",cif,data/target_db/cache/rcsb/AKT1/2UVM.cif,https://files.rcsb.org/download/2UVM.cif,1,0,1,Experimental RCSB structure imported by bulk sync; resolution 1.94 A; ligand(s): GVF;NA; candidate for docking review.
ALK,AF-Q9UM73-F1,AlphaFold,predicted,Predicted,,A,,Homo sapiens,AlphaFold predicted model for ALK,cif,data/target_db/cache/alphafold/Q9UM73/AF-Q9UM73-F1-model_v6.cif,https://alphafold.ebi.ac.uk/files/AF-Q9UM73-F1-model_v6.cif,0,0,1,AlphaFold predicted model; useful as structural reference when experimental structures are unavailable.
ALK,2KUP,RCSB_PDB,experimental,NMR,,B,,Homo sapiens,Solution structure of the complex of the PTB domain of SNT-2 and 19-residue peptide (aa 1571-1589) of HALK,cif,data/target_db/cache/rcsb/ALK/2KUP.cif,https://files.rcsb.org/download/2KUP.cif,0,1,1,Experimental RCSB structure imported by bulk sync.
ALK,2KUQ,RCSB_PDB,experimental,NMR,,A,,Homo sapiens,Solution structure of the chimera of the PTB domain of SNT-2 and 19-residue peptide (aa 1571-1589) of HALK,cif,data/target_db/cache/rcsb/ALK/2KUQ.cif,https://files.rcsb.org/download/2KUQ.cif,0,0,1,Experimental RCSB structure imported by bulk sync.
ALK,2XB7,RCSB_PDB,experimental,X-ray,2.5,A,GUI,Homo sapiens,Structure of Human Anaplastic Lymphoma Kinase in complex with NVP- TAE684,cif,data/target_db/cache/rcsb/ALK/2XB7.cif,https://files.rcsb.org/download/2XB7.cif,1,0,1,Experimental RCSB structure imported by bulk sync; resolution 2.5 A; ligand(s): GUI; candidate for docking review.
ALK,2XBA,RCSB_PDB,experimental,X-ray,1.95,A,571,Homo sapiens,Structure of Human Anaplastic Lymphoma Kinase in complex with PHA- E429,cif,data/target_db/cache/rcsb/ALK/2XBA.cif,https://files.rcsb.org/download/2XBA.cif,1,0,1,Experimental RCSB structure imported by bulk sync; resolution 1.95 A; ligand(s): 571; candidate for docking review.
ALK,2XP2,RCSB_PDB,experimental,X-ray,1.9,A,VGH,Homo sapiens,Structure of the Human Anaplastic Lymphoma Kinase in Complex with Crizotinib (PF-02341066),cif,data/target_db/cache/rcsb/ALK/2XP2.cif,https://files.rcsb.org/download/2XP2.cif,1,0,1,Experimental RCSB structure imported by bulk sync; resolution 1.9 A; ligand(s): VGH; candidate for docking review.
AR,AF-P10275-F1,AlphaFold,predicted,Predicted,,A,,Homo sapiens,AlphaFold predicted model for AR,cif,data/target_db/cache/alphafold/P10275/AF-P10275-F1-model_v6.cif,https://alphafold.ebi.ac.uk/files/AF-P10275-F1-model_v6.cif,0,0,1,AlphaFold predicted model; useful as structural reference when experimental structures are unavailable.
AR,1E3G,RCSB_PDB,experimental,X-ray,2.4,A,R18,Homo sapiens,Human Androgen Receptor Ligand Binding in complex with the ligand metribolone (R1881),cif,data/target_db/cache/rcsb/AR/1E3G.cif,https://files.rcsb.org/download/1E3G.cif,1,1,1,Experimental RCSB structure imported by bulk sync; resolution 2.4 A; ligand(s): R18; candidate for docking review.
AR,1GS4,RCSB_PDB,experimental,X-ray,1.95,A,PO4;ZK5,Homo sapiens,Structural basis for the glucocorticoid response in a mutant human androgen receptor (ARccr) derived from an androgen-independent prostate cancer,cif,data/target_db/cache/rcsb/AR/1GS4.cif,https://files.rcsb.org/download/1GS4.cif,1,0,1,Experimental RCSB structure imported by bulk sync; resolution 1.95 A; ligand(s): PO4;ZK5; candidate for docking review.
AR,1T5Z,RCSB_PDB,experimental,X-ray,2.3,A,DHT,Homo sapiens,Crystal Structure of the Androgen Receptor Ligand Binding Domain (LBD) with DHT and a peptide derived from its physiological coactivator ARA70,cif,data/target_db/cache/rcsb/AR/1T5Z.cif,https://files.rcsb.org/download/1T5Z.cif,1,0,1,Experimental RCSB structure imported by bulk sync; resolution 2.3 A; ligand(s): DHT; candidate for docking review.
AR,1T63,RCSB_PDB,experimental,X-ray,2.07,A,DHT,Homo sapiens,Crystal Structure of the Androgen Receptor Ligand Binding Domain with DHT and a peptide derived from its physiological coactivator GRIP1 NR box3,cif,data/target_db/cache/rcsb/AR/1T63.cif,https://files.rcsb.org/download/1T63.cif,1,0,1,Experimental RCSB structure imported by bulk sync; resolution 2.07 A; ligand(s): DHT; candidate for docking review.
AR,1T65,RCSB_PDB,experimental,X-ray,1.66,A,DHT,Homo sapiens,Crystal structure of the androgen receptor ligand binding domain with DHT and a peptide derived form its physiological coactivator GRIP1 NR box 2 bound in a non-helical conformation,cif,data/target_db/cache/rcsb/AR/1T65.cif,https://files.rcsb.org/download/1T65.cif,1,0,1,Experimental RCSB structure imported by bulk sync; resolution 1.66 A; ligand(s): DHT; candidate for docking review.
AURKA,AF-O14965-F1,AlphaFold,predicted,Predicted,,A,,Homo sapiens,AlphaFold predicted model for AURKA,cif,data/target_db/cache/alphafold/O14965/AF-O14965-F1-model_v6.cif,https://alphafold.ebi.ac.uk/files/AF-O14965-F1-model_v6.cif,0,0,1,AlphaFold predicted model; useful as structural reference when experimental structures are unavailable.
AURKA,1MQ4,RCSB_PDB,experimental,X-ray,1.9,A,ADP;MG;PO4,Homo sapiens,Crystal Structure of Aurora-A Protein Kinase,cif,data/target_db/cache/rcsb/AURKA/1MQ4.cif,https://files.rcsb.org/download/1MQ4.cif,1,1,1,Experimental RCSB structure imported by bulk sync; resolution 1.9 A; ligand(s): ADP;MG;PO4; candidate for docking review.
AURKA,1MUO,RCSB_PDB,experimental,X-ray,2.9,A,ADN,Homo sapiens,"CRYSTAL STRUCTURE OF AURORA-2, AN ONCOGENIC SERINE-THREONINE KINASE",cif,data/target_db/cache/rcsb/AURKA/1MUO.cif,https://files.rcsb.org/download/1MUO.cif,1,0,1,Experimental RCSB structure imported by bulk sync; resolution 2.9 A; ligand(s): ADN; candidate for docking review.
AURKA,1OL5,RCSB_PDB,experimental,X-ray,2.5,A,ADP;MG;SO4,Homo sapiens,"Structure of Aurora-A 122-403, phosphorylated on Thr287, Thr288 and bound to TPX2 1-43",cif,data/target_db/cache/rcsb/AURKA/1OL5.cif,https://files.rcsb.org/download/1OL5.cif,1,0,1,Experimental RCSB structure imported by bulk sync; resolution 2.5 A; ligand(s): ADP;MG;SO4; candidate for docking review.
AURKA,1OL6,RCSB_PDB,experimental,X-ray,3.0,A,ATP,Homo sapiens,Structure of unphosphorylated D274N mutant of Aurora-A,cif,data/target_db/cache/rcsb/AURKA/1OL6.cif,https://files.rcsb.org/download/1OL6.cif,1,0,1,Experimental RCSB structure imported by bulk sync; resolution 3.0 A; ligand(s): ATP; candidate for docking review.
AURKA,1OL7,RCSB_PDB,experimental,X-ray,2.75,A,ADP;MG,Homo sapiens,"Structure of Human Aurora-A 122-403 phosphorylated on Thr287, Thr288",cif,data/target_db/cache/rcsb/AURKA/1OL7.cif,https://files.rcsb.org/download/1OL7.cif,1,0,1,Experimental RCSB structure imported by bulk sync; resolution 2.75 A; ligand(s): ADP;MG; candidate for docking review.
AURKA,3E5A,RCSB_PDB,experimental,X-ray,2.75,A,ADP,Homo sapiens,Aurora A kinase domain,cif,data/target_db/cache/rcsb/AURKA/3E5A.cif,https://files.rcsb.org/download/3E5A.cif,1,1,1,Experimental RCSB structure; resolution 2.75 A; ligand(s): ADP; recommended for docking demo.
BACE1,AF-P56817-F1,AlphaFold,predicted,Predicted,,A,,Homo sapiens,AlphaFold predicted model for BACE1,cif,data/target_db/cache/alphafold/P56817/AF-P56817-F1-model_v6.cif,https://alphafold.ebi.ac.uk/files/AF-P56817-F1-model_v6.cif,0,0,1,AlphaFold predicted model; useful as structural reference when experimental structures are unavailable.
BACE1,1FKN,RCSB_PDB,experimental,X-ray,1.9,A;B,,Homo sapiens,Structure of Beta-Secretase Complexed with Inhibitor,cif,data/target_db/cache/rcsb/BACE1/1FKN.cif,https://files.rcsb.org/download/1FKN.cif,0,1,1,Experimental RCSB structure imported by bulk sync; resolution 1.9 A.
BACE1,1M4H,RCSB_PDB,experimental,X-ray,2.1,A;B,,synthetic construct,Crystal Structure of Beta-secretase complexed with Inhibitor OM00-3,cif,data/target_db/cache/rcsb/BACE1/1M4H.cif,https://files.rcsb.org/download/1M4H.cif,0,0,1,Experimental RCSB structure imported by bulk sync; resolution 2.1 A.
BACE1,1PY1,RCSB_PDB,experimental,X-ray,2.6,E;F;G;H,,Homo sapiens,Complex of GGA1-VHS domain and beta-secretase C-terminal phosphopeptide,cif,data/target_db/cache/rcsb/BACE1/1PY1.cif,https://files.rcsb.org/download/1PY1.cif,0,0,1,Experimental RCSB structure imported by bulk sync; resolution 2.6 A.
BACE1,1SGZ,RCSB_PDB,experimental,X-ray,2.0,A;B;C;D,,Homo sapiens,Crystal Structure of Unbound Beta-Secretase Catalytic Domain.,cif,data/target_db/cache/rcsb/BACE1/1SGZ.cif,https://files.rcsb.org/download/1SGZ.cif,0,0,1,Experimental RCSB structure imported by bulk sync; resolution 2.0 A.
BACE1,1TQF,RCSB_PDB,experimental,X-ray,1.8,A,32P,Homo sapiens,Crystal structure of human Beta secretase complexed with inhibitor,cif,data/target_db/cache/rcsb/BACE1/1TQF.cif,https://files.rcsb.org/download/1TQF.cif,1,0,1,Experimental RCSB structure imported by bulk sync; resolution 1.8 A; ligand(s): 32P; candidate for docking review.
BCL2,AF-P10415-F1,AlphaFold,predicted,Predicted,,A,,Homo sapiens,AlphaFold predicted model for BCL2,cif,data/target_db/cache/alphafold/P10415/AF-P10415-F1-model_v6.cif,https://alphafold.ebi.ac.uk/files/AF-P10415-F1-model_v6.cif,0,0,1,AlphaFold predicted model; useful as structural reference when experimental structures are unavailable.
BCL2,1G5M,RCSB_PDB,experimental,NMR,,A,,Homo sapiens,"HUMAN BCL-2, ISOFORM 1",cif,data/target_db/cache/rcsb/BCL2/1G5M.cif,https://files.rcsb.org/download/1G5M.cif,0,1,1,Experimental RCSB structure imported by bulk sync.
BCL2,1GJH,RCSB_PDB,experimental,NMR,,A,,Homo sapiens,"HUMAN BCL-2, ISOFORM 2",cif,data/target_db/cache/rcsb/BCL2/1GJH.cif,https://files.rcsb.org/download/1GJH.cif,0,0,1,Experimental RCSB structure imported by bulk sync.
BCL2,1YSW,RCSB_PDB,experimental,NMR,,A,43B,Homo sapiens,Solution structure of the anti-apoptotic protein Bcl-2 complexed with an acyl-sulfonamide-based ligand,cif,data/target_db/cache/rcsb/BCL2/1YSW.cif,https://files.rcsb.org/download/1YSW.cif,0,0,1,Experimental RCSB structure imported by bulk sync; ligand(s): 43B.
BRAF,AF-P15056-F1,AlphaFold,predicted,Predicted,,A,,Homo sapiens,AlphaFold predicted model for BRAF,cif,data/target_db/cache/alphafold/P15056/AF-P15056-F1-model_v6.cif,https://alphafold.ebi.ac.uk/files/AF-P15056-F1-model_v6.cif,0,0,1,AlphaFold predicted model; useful as structural reference when experimental structures are unavailable.
BRAF,1UWH,RCSB_PDB,experimental,X-ray,2.95,A;B,BAX;CL,Homo sapiens,The complex of wild type B-RAF and BAY439006.,cif,data/target_db/cache/rcsb/BRAF/1UWH.cif,https://files.rcsb.org/download/1UWH.cif,1,1,1,Experimental RCSB structure imported by bulk sync; resolution 2.95 A; ligand(s): BAX;CL; candidate for docking review.
BRAF,1UWJ,RCSB_PDB,experimental,X-ray,3.5,A;B,BAX,Homo sapiens,The complex of mutant V599E B-RAF and BAY439006.,cif,data/target_db/cache/rcsb/BRAF/1UWJ.cif,https://files.rcsb.org/download/1UWJ.cif,1,0,1,Experimental RCSB structure imported by bulk sync; resolution 3.5 A; ligand(s): BAX; candidate for docking review.
BRAF,2FB8,RCSB_PDB,experimental,X-ray,2.9,A;B,215,Homo sapiens,Structure of the B-Raf kinase domain bound to SB-590885,cif,data/target_db/cache/rcsb/BRAF/2FB8.cif,https://files.rcsb.org/download/2FB8.cif,1,0,1,Experimental RCSB structure imported by bulk sync; resolution 2.9 A; ligand(s): 215; candidate for docking review.
BRAF,2L05,RCSB_PDB,experimental,NMR,,A,,Homo sapiens,"Solution NMR Structure of the Ras-binding domain of Serine/threonine-protein kinase B-raf from Homo sapiens, Northeast Structural Genomics Consortium Target HR4694F",cif,data/target_db/cache/rcsb/BRAF/2L05.cif,https://files.rcsb.org/download/2L05.cif,0,0,1,Experimental RCSB structure imported by bulk sync.
BRAF,3C4C,RCSB_PDB,experimental,X-ray,2.57,A;B,324,Homo sapiens,B-Raf Kinase in Complex with PLX4720,cif,data/target_db/cache/rcsb/BRAF/3C4C.cif,https://files.rcsb.org/download/3C4C.cif,1,0,1,Experimental RCSB structure imported by bulk sync; resolution 2.57 A; ligand(s): 324; candidate for docking review.
BRAF,4RZV,RCSB_PDB,experimental,X-ray,2.55,A,BAX,Homo sapiens,BRAF kinase inhibitor complex,cif,data/target_db/cache/rcsb/BRAF/4RZV.cif,https://files.rcsb.org/download/4RZV.cif,1,1,1,Experimental RCSB structure; resolution 2.55 A; ligand(s): BAX; recommended for docking demo.
BRD4,AF-O60885-F1,AlphaFold,predicted,Predicted,,A,,Homo sapiens,AlphaFold predicted model for BRD4,cif,data/target_db/cache/alphafold/O60885/AF-O60885-F1-model_v6.cif,https://alphafold.ebi.ac.uk/files/AF-O60885-F1-model_v6.cif,0,0,1,AlphaFold predicted model; useful as structural reference when experimental structures are unavailable.
BRD4,2I8N,RCSB_PDB,experimental,NMR,,A,,Homo sapiens,Solution structure of the second bromodomain of Brd4,cif,data/target_db/cache/rcsb/BRD4/2I8N.cif,https://files.rcsb.org/download/2I8N.cif,0,1,1,Experimental RCSB structure imported by bulk sync.
BRD4,2LSP,RCSB_PDB,experimental,NMR,,B,,Homo sapiens,solution structures of BRD4 second bromodomain with NF-kB-K310ac peptide,cif,data/target_db/cache/rcsb/BRD4/2LSP.cif,https://files.rcsb.org/download/2LSP.cif,0,0,1,Experimental RCSB structure imported by bulk sync.
BRD4,2MJV,RCSB_PDB,experimental,NMR,,B,,Homo sapiens,Solution structures of second bromodomain of Brd4 with di-acetylated Twist peptide,cif,data/target_db/cache/rcsb/BRD4/2MJV.cif,https://files.rcsb.org/download/2MJV.cif,0,0,1,Experimental RCSB structure imported by bulk sync.
BRD4,2N3K,RCSB_PDB,experimental,NMR,,A,,Moloney murine leukemia virus,Human Brd4 ET domain in complex with MLV Integrase C-term,cif,data/target_db/cache/rcsb/BRD4/2N3K.cif,https://files.rcsb.org/download/2N3K.cif,0,0,1,Experimental RCSB structure imported by bulk sync.
BRD4,2NCZ,RCSB_PDB,experimental,NMR,,A,,Homo sapiens,Solution NMR structures of BRD4 ET domain in complex with NSD3_1 peptide,cif,data/target_db/cache/rcsb/BRD4/2NCZ.cif,https://files.rcsb.org/download/2NCZ.cif,0,0,1,Experimental RCSB structure imported by bulk sync.
BTK,AF-Q06187-F1,AlphaFold,predicted,Predicted,,A,,Homo sapiens,AlphaFold predicted model for BTK,cif,data/target_db/cache/alphafold/Q06187/AF-Q06187-F1-model_v6.cif,https://alphafold.ebi.ac.uk/files/AF-Q06187-F1-model_v6.cif,0,0,1,AlphaFold predicted model; useful as structural reference when experimental structures are unavailable.
BTK,1AWW,RCSB_PDB,experimental,NMR,,A,,Homo sapiens,"SH3 DOMAIN FROM BRUTON'S TYROSINE KINASE, NMR, 42 STRUCTURES",cif,data/target_db/cache/rcsb/BTK/1AWW.cif,https://files.rcsb.org/download/1AWW.cif,0,1,1,Experimental RCSB structure imported by bulk sync.
BTK,1AWX,RCSB_PDB,experimental,NMR,,A,,Homo sapiens,"SH3 DOMAIN FROM BRUTON'S TYROSINE KINASE, NMR, MINIMIZED AVERAGE STRUCTURE",cif,data/target_db/cache/rcsb/BTK/1AWX.cif,https://files.rcsb.org/download/1AWX.cif,0,0,1,Experimental RCSB structure imported by bulk sync.
BTK,1B55,RCSB_PDB,experimental,X-ray,2.4,A;B,4IP;ZN,Homo sapiens,"PH DOMAIN FROM BRUTON'S TYROSINE KINASE IN COMPLEX WITH INOSITOL 1,3,4,5-TETRAKISPHOSPHATE",cif,data/target_db/cache/rcsb/BTK/1B55.cif,https://files.rcsb.org/download/1B55.cif,1,0,1,Experimental RCSB structure imported by bulk sync; resolution 2.4 A; ligand(s): 4IP;ZN; candidate for docking review.
BTK,1BTK,RCSB_PDB,experimental,X-ray,1.6,A;B,NA;ZN,Homo sapiens,PH DOMAIN AND BTK MOTIF FROM BRUTON'S TYROSINE KINASE MUTANT R28C,cif,data/target_db/cache/rcsb/BTK/1BTK.cif,https://files.rcsb.org/download/1BTK.cif,1,0,1,Experimental RCSB structure imported by bulk sync; resolution 1.6 A; ligand(s): NA;ZN; candidate for docking review.
BTK,1BWN,RCSB_PDB,experimental,X-ray,2.1,A;B,4IP;ZN,Homo sapiens,"PH DOMAIN AND BTK MOTIF FROM BRUTON'S TYROSINE KINASE MUTANT E41K IN COMPLEX WITH INS(1,3,4,5)P4",cif,data/target_db/cache/rcsb/BTK/1BWN.cif,https://files.rcsb.org/download/1BWN.cif,1,0,1,Experimental RCSB structure imported by bulk sync; resolution 2.1 A; ligand(s): 4IP;ZN; candidate for docking review.
CA2,AF-P00918-F1,AlphaFold,predicted,Predicted,,A,,Homo sapiens,AlphaFold predicted model for CA2,cif,data/target_db/cache/alphafold/P00918/AF-P00918-F1-model_v6.cif,https://alphafold.ebi.ac.uk/files/AF-P00918-F1-model_v6.cif,0,0,1,AlphaFold predicted model; useful as structural reference when experimental structures are unavailable.
CA2,12CA,RCSB_PDB,experimental,X-ray,2.4,A,HG;ZN,Homo sapiens,ALTERING THE MOUTH OF A HYDROPHOBIC POCKET. STRUCTURE AND KINETICS OF HUMAN CARBONIC ANHYDRASE II MUTANTS AT RESIDUE VAL-121,cif,data/target_db/cache/rcsb/CA2/12CA.cif,https://files.rcsb.org/download/12CA.cif,1,1,1,Experimental RCSB structure imported by bulk sync; resolution 2.4 A; ligand(s): HG;ZN; candidate for docking review.
CA2,1A42,RCSB_PDB,experimental,X-ray,2.25,A,BZU;HG;ZN,Homo sapiens,HUMAN CARBONIC ANHYDRASE II COMPLEXED WITH BRINZOLAMIDE,cif,data/target_db/cache/rcsb/CA2/1A42.cif,https://files.rcsb.org/download/1A42.cif,1,0,1,Experimental RCSB structure imported by bulk sync; resolution 2.25 A; ligand(s): BZU;HG;ZN; candidate for docking review.
CA2,1AM6,RCSB_PDB,experimental,X-ray,2.0,A,HAE;HG;ZN,Homo sapiens,CARBONIC ANHYDRASE II INHIBITOR: ACETOHYDROXAMATE,cif,data/target_db/cache/rcsb/CA2/1AM6.cif,https://files.rcsb.org/download/1AM6.cif,1,0,1,Experimental RCSB structure imported by bulk sync; resolution 2.0 A; ligand(s): HAE;HG;ZN; candidate for docking review.
CA9,AF-Q16790-F1,AlphaFold,predicted,Predicted,,A,,Homo sapiens,AlphaFold predicted model for CA9,cif,data/target_db/cache/alphafold/Q16790/AF-Q16790-F1-model_v6.cif,https://alphafold.ebi.ac.uk/files/AF-Q16790-F1-model_v6.cif,0,0,1,AlphaFold predicted model; useful as structural reference when experimental structures are unavailable.
CA9,2HKF,RCSB_PDB,experimental,X-ray,2.01,P,,Mus musculus,Crystal structure of the Complex Fab M75- Peptide,cif,data/target_db/cache/rcsb/CA9/2HKF.cif,https://files.rcsb.org/download/2HKF.cif,0,1,1,Experimental RCSB structure imported by bulk sync; resolution 2.01 A.
CA9,3IAI,RCSB_PDB,experimental,X-ray,2.2,A;B;C;D,AZM;GOL;PO4;TRS;ZN,Homo sapiens,Crystal structure of the catalytic domain of the tumor-associated human carbonic anhydrase IX,cif,data/target_db/cache/rcsb/CA9/3IAI.cif,https://files.rcsb.org/download/3IAI.cif,1,0,1,Experimental RCSB structure imported by bulk sync; resolution 2.2 A; ligand(s): AZM;GOL;PO4;TRS;ZN; candidate for docking review.
CA9,5DVX,RCSB_PDB,experimental,X-ray,1.598,A;B,CL;GOL;TRS;ZN,Homo sapiens,Crystal structure of the catalytic-domain of human carbonic anhydrase IX at 1.6 angstrom resolution,cif,data/target_db/cache/rcsb/CA9/5DVX.cif,https://files.rcsb.org/download/5DVX.cif,1,0,1,Experimental RCSB structure imported by bulk sync; resolution 1.598 A; ligand(s): CL;GOL;TRS;ZN; candidate for docking review.
CCR2,AF-P41597-F1,AlphaFold,predicted,Predicted,,A,,Homo sapiens,AlphaFold predicted model for CCR2,cif,data/target_db/cache/alphafold/P41597/AF-P41597-F1-model_v6.cif,https://alphafold.ebi.ac.uk/files/AF-P41597-F1-model_v6.cif,0,0,1,AlphaFold predicted model; useful as structural reference when experimental structures are unavailable.
CCR2,2MLO,RCSB_PDB,experimental,NMR,,A,,Homo sapiens,Human CCR2 Membrane-Proximal C-Terminal Region (PRO-C) in a Membrane bound form,cif,data/target_db/cache/rcsb/CCR2/2MLO.cif,https://files.rcsb.org/download/2MLO.cif,0,1,1,Experimental RCSB structure imported by bulk sync.
CCR2,2MLQ,RCSB_PDB,experimental,NMR,,A,,Homo sapiens,Human CCR2 Membrane-Proximal C-Terminal Region (PRO-C) in a frount bound form,cif,data/target_db/cache/rcsb/CCR2/2MLQ.cif,https://files.rcsb.org/download/2MLQ.cif,0,0,1,Experimental RCSB structure imported by bulk sync.
CCR2,5T1A,RCSB_PDB,experimental,X-ray,2.806,A,73R;OLC;SO4;VT5;ZN,Homo sapiens,Structure of CC Chemokine Receptor 2 with Orthosteric and Allosteric Antagonists,cif,data/target_db/cache/rcsb/CCR2/5T1A.cif,https://files.rcsb.org/download/5T1A.cif,1,0,1,Experimental RCSB structure imported by bulk sync; resolution 2.806 A; ligand(s): 73R;OLC;SO4;VT5;ZN; candidate for docking review.
CCR5,AF-P51681-F1,AlphaFold,predicted,Predicted,,A,,Homo sapiens,AlphaFold predicted model for CCR5,cif,data/target_db/cache/alphafold/P51681/AF-P51681-F1-model_v6.cif,https://alphafold.ebi.ac.uk/files/AF-P51681-F1-model_v6.cif,0,0,1,AlphaFold predicted model; useful as structural reference when experimental structures are unavailable.
CCR5,2L87,RCSB_PDB,experimental,NMR,,A,,Homo sapiens,The 27-residue N-terminus CCR5-peptide in a ternary complex with HIV-1 gp120 and a CD4-mimic peptide,cif,data/target_db/cache/rcsb/CCR5/2L87.cif,https://files.rcsb.org/download/2L87.cif,0,1,1,Experimental RCSB structure imported by bulk sync.
CCR5,2MZX,RCSB_PDB,experimental,NMR,,A,,Homo sapiens,"CCR5-ECL2 helical structure, residues Q186-T195",cif,data/target_db/cache/rcsb/CCR5/2MZX.cif,https://files.rcsb.org/download/2MZX.cif,0,0,1,Experimental RCSB structure imported by bulk sync.
CCR5,2RLL,RCSB_PDB,experimental,NMR,,A,,Homo sapiens,CCR5 Nt(7-15),cif,data/target_db/cache/rcsb/CCR5/2RLL.cif,https://files.rcsb.org/download/2RLL.cif,0,0,1,Experimental RCSB structure imported by bulk sync.
CDK2,AF-P24941-F1,AlphaFold,predicted,Predicted,,A,,Homo sapiens,AlphaFold predicted model for CDK2,cif,data/target_db/cache/alphafold/P24941/AF-P24941-F1-model_v6.cif,https://alphafold.ebi.ac.uk/files/AF-P24941-F1-model_v6.cif,0,0,1,AlphaFold predicted model; useful as structural reference when experimental structures are unavailable.
CDK2,1AQ1,RCSB_PDB,experimental,X-ray,2.0,A,STU,Homo sapiens,HUMAN CYCLIN DEPENDENT KINASE 2 COMPLEXED WITH THE INHIBITOR STAUROSPORINE,cif,data/target_db/cache/rcsb/CDK2/1AQ1.cif,https://files.rcsb.org/download/1AQ1.cif,1,1,1,Experimental RCSB structure imported by bulk sync; resolution 2.0 A; ligand(s): STU; candidate for docking review.
CDK2,1B38,RCSB_PDB,experimental,X-ray,2.0,A,ATP;MG,Homo sapiens,HUMAN CYCLIN-DEPENDENT KINASE 2,cif,data/target_db/cache/rcsb/CDK2/1B38.cif,https://files.rcsb.org/download/1B38.cif,1,0,1,Experimental RCSB structure imported by bulk sync; resolution 2.0 A; ligand(s): ATP;MG; candidate for docking review.
CDK2,1B39,RCSB_PDB,experimental,X-ray,2.1,A,ATP;MG,Homo sapiens,HUMAN CYCLIN-DEPENDENT KINASE 2 PHOSPHORYLATED ON THR 160,cif,data/target_db/cache/rcsb/CDK2/1B39.cif,https://files.rcsb.org/download/1B39.cif,1,0,1,Experimental RCSB structure imported by bulk sync; resolution 2.1 A; ligand(s): ATP;MG; candidate for docking review.
CDK2,1BUH,RCSB_PDB,experimental,X-ray,2.6,A,,Homo sapiens,CRYSTAL STRUCTURE OF THE HUMAN CDK2 KINASE COMPLEX WITH CELL CYCLE-REGULATORY PROTEIN CKSHS1,cif,data/target_db/cache/rcsb/CDK2/1BUH.cif,https://files.rcsb.org/download/1BUH.cif,0,0,1,Experimental RCSB structure imported by bulk sync; resolution 2.6 A.
CDK2,1CKP,RCSB_PDB,experimental,X-ray,2.05,A,EDO;PVB,Homo sapiens,HUMAN CYCLIN DEPENDENT KINASE 2 COMPLEXED WITH THE INHIBITOR PURVALANOL B,cif,data/target_db/cache/rcsb/CDK2/1CKP.cif,https://files.rcsb.org/download/1CKP.cif,1,0,1,Experimental RCSB structure imported by bulk sync; resolution 2.05 A; ligand(s): EDO;PVB; candidate for docking review.
CDK2,1HCK,RCSB_PDB,experimental,X-ray,1.9,A,ATP,Homo sapiens,CDK2 ATP complex,cif,data/target_db/cache/rcsb/CDK2/1HCK.cif,https://files.rcsb.org/download/1HCK.cif,1,1,1,Experimental RCSB structure; resolution 1.9 A; ligand(s): ATP; recommended for docking demo.
CDK4,AF-P11802-F1,AlphaFold,predicted,Predicted,,A,,Homo sapiens,AlphaFold predicted model for CDK4,cif,data/target_db/cache/alphafold/P11802/AF-P11802-F1-model_v6.cif,https://alphafold.ebi.ac.uk/files/AF-P11802-F1-model_v6.cif,0,0,1,AlphaFold predicted model; useful as structural reference when experimental structures are unavailable.
CDK4,2W96,RCSB_PDB,experimental,X-ray,2.3,B,GOL,Homo sapiens,Crystal Structure of CDK4 in complex with a D-type cyclin,cif,data/target_db/cache/rcsb/CDK4/2W96.cif,https://files.rcsb.org/download/2W96.cif,1,1,1,Experimental RCSB structure imported by bulk sync; resolution 2.3 A; ligand(s): GOL; candidate for docking review.
CDK4,2W99,RCSB_PDB,experimental,X-ray,2.8,B,,Homo sapiens,Crystal Structure of CDK4 in complex with a D-type cyclin,cif,data/target_db/cache/rcsb/CDK4/2W99.cif,https://files.rcsb.org/download/2W99.cif,0,0,1,Experimental RCSB structure imported by bulk sync; resolution 2.8 A.
CDK4,2W9F,RCSB_PDB,experimental,X-ray,2.85,B,,Homo sapiens,Crystal Structure of CDK4 in complex with a D-type cyclin,cif,data/target_db/cache/rcsb/CDK4/2W9F.cif,https://files.rcsb.org/download/2W9F.cif,0,0,1,Experimental RCSB structure imported by bulk sync; resolution 2.85 A.
CDK6,AF-Q00534-F1,AlphaFold,predicted,Predicted,,A,,Homo sapiens,AlphaFold predicted model for CDK6,cif,data/target_db/cache/alphafold/Q00534/AF-Q00534-F1-model_v6.cif,https://alphafold.ebi.ac.uk/files/AF-Q00534-F1-model_v6.cif,0,0,1,AlphaFold predicted model; useful as structural reference when experimental structures are unavailable.
CDK6,1BI7,RCSB_PDB,experimental,X-ray,3.4,A,,Homo sapiens,MECHANISM OF G1 CYCLIN DEPENDENT KINASE INHIBITION FROM THE STRUCTURE OF THE CDK6-P16INK4A TUMOR SUPPRESSOR COMPLEX,cif,data/target_db/cache/rcsb/CDK6/1BI7.cif,https://files.rcsb.org/download/1BI7.cif,0,1,1,Experimental RCSB structure imported by bulk sync; resolution 3.4 A.
CDK6,1BI8,RCSB_PDB,experimental,X-ray,2.8,A;C,,Homo sapiens,MECHANISM OF G1 CYCLIN DEPENDENT KINASE INHIBITION FROM THE STRUCTURES CDK6-P19INK4D INHIBITOR COMPLEX,cif,data/target_db/cache/rcsb/CDK6/1BI8.cif,https://files.rcsb.org/download/1BI8.cif,0,0,1,Experimental RCSB structure imported by bulk sync; resolution 2.8 A.
CDK6,1BLX,RCSB_PDB,experimental,X-ray,1.9,A,CA,Mus musculus,P19INK4D/CDK6 COMPLEX,cif,data/target_db/cache/rcsb/CDK6/1BLX.cif,https://files.rcsb.org/download/1BLX.cif,1,0,1,Experimental RCSB structure imported by bulk sync; resolution 1.9 A; ligand(s): CA; candidate for docking review.
CHEK1,AF-O14757-F1,AlphaFold,predicted,Predicted,,A,,Homo sapiens,AlphaFold predicted model for CHEK1,cif,data/target_db/cache/alphafold/O14757/AF-O14757-F1-model_v6.cif,https://alphafold.ebi.ac.uk/files/AF-O14757-F1-model_v6.cif,0,0,1,AlphaFold predicted model; useful as structural reference when experimental structures are unavailable.
CHEK1,10HY,RCSB_PDB,experimental,X-ray,2.03,A,A1C5F,Homo sapiens,"Structure of CHK1 10-pt. mutant complex with macrocyclic LRRK2 inhibitor compound 1 ((11R)-8-chloro-3,11-dimethyl-2-(oxan-4-yl)-2,4,10,11,12,13-hexahydro-9,5-(azeno)pyrazolo[3,4-b][1,4,6,10]oxatriazacyclotridecine)",cif,data/target_db/cache/rcsb/CHEK1/10HY.cif,https://files.rcsb.org/download/10HY.cif,1,1,1,Experimental RCSB structure imported by bulk sync; resolution 2.03 A; ligand(s): A1C5F; candidate for docking review.
CHEK1,10HZ,RCSB_PDB,experimental,X-ray,1.666,A,A1C5G,Homo sapiens,"Structure of CHK1 10-pt. mutant complex with macrocyclic LRRK2 inhibitor compound 7 ((10aS,13aS)-3-cyclobutyl-1-methyl-8-(trifluoromethyl)-3,4,10a,11,13a,14-hexahydro-10H,13H-9,5-(azeno)furo[3,4-k]pyrazolo[4,3-b][1,4,6,10]oxatriazacyclotridecine)",cif,data/target_db/cache/rcsb/CHEK1/10HZ.cif,https://files.rcsb.org/download/10HZ.cif,1,0,1,Experimental RCSB structure imported by bulk sync; resolution 1.666 A; ligand(s): A1C5G; candidate for docking review.
CHEK1,10IA,RCSB_PDB,experimental,X-ray,1.739,A,A1C5H,Homo sapiens,"Structure of CHK1 10-pt. mutant complex with macrocyclic LRRK2 inhibitor compound 12 ((10aS,13aS)-3-cyclopropyl-1-methyl-8-(trifluoromethyl)-3,4,10a,11,13a,14-hexahydro-10H,13H-9,5-(azeno)furo[3,4-k]pyrazolo[4,3-b][1,4,6,10]oxatriazacyclotridecine)",cif,data/target_db/cache/rcsb/CHEK1/10IA.cif,https://files.rcsb.org/download/10IA.cif,1,0,1,Experimental RCSB structure imported by bulk sync; resolution 1.739 A; ligand(s): A1C5H; candidate for docking review.
CHRM3,AF-P20309-F1,AlphaFold,predicted,Predicted,,A,,Homo sapiens,AlphaFold predicted model for CHRM3,cif,data/target_db/cache/alphafold/P20309/AF-P20309-F1-model_v6.cif,https://alphafold.ebi.ac.uk/files/AF-P20309-F1-model_v6.cif,0,0,1,AlphaFold predicted model; useful as structural reference when experimental structures are unavailable.
CHRM3,2CSA,RCSB_PDB,experimental,NMR,,A,,Homo sapiens,Structure of the M3 Muscarinic Acetylcholine Receptor Basolateral Sorting Signal,cif,data/target_db/cache/rcsb/CHRM3/2CSA.cif,https://files.rcsb.org/download/2CSA.cif,0,1,1,Experimental RCSB structure imported by bulk sync.
CHRM3,8E9W,RCSB_PDB,experimental,Cryo-EM,2.69,A,WEC,Mus musculus,CryoEM structure of miniGq-coupled hM3Dq in complex with DCZ,cif,data/target_db/cache/rcsb/CHRM3/8E9W.cif,https://files.rcsb.org/download/8E9W.cif,1,0,1,Experimental RCSB structure imported by bulk sync; resolution 2.69 A; ligand(s): WEC; candidate for docking review.
CHRM3,8E9Y,RCSB_PDB,experimental,Cryo-EM,2.79,A,WE9,Homo sapiens,CryoEM structure of miniGq-coupled hM3Dq in complex with CNO,cif,data/target_db/cache/rcsb/CHRM3/8E9Y.cif,https://files.rcsb.org/download/8E9Y.cif,1,0,1,Experimental RCSB structure imported by bulk sync; resolution 2.79 A; ligand(s): WE9; candidate for docking review.
CREBBP,AF-Q92793-F1,AlphaFold,predicted,Predicted,,A,,Homo sapiens,AlphaFold predicted model for CREBBP,cif,data/target_db/cache/alphafold/Q92793/AF-Q92793-F1-model_v6.cif,https://alphafold.ebi.ac.uk/files/AF-Q92793-F1-model_v6.cif,0,0,1,AlphaFold predicted model; useful as structural reference when experimental structures are unavailable.
CREBBP,1JSP,RCSB_PDB,experimental,NMR,,B,,Homo sapiens,NMR Structure of CBP Bromodomain in complex with p53 peptide,cif,data/target_db/cache/rcsb/CREBBP/1JSP.cif,https://files.rcsb.org/download/1JSP.cif,0,1,1,Experimental RCSB structure imported by bulk sync.
CREBBP,1LIQ,RCSB_PDB,experimental,NMR,,A,ZN,Homo sapiens,Non-native Solution Structure of a fragment of the CH1 domain of CBP,cif,data/target_db/cache/rcsb/CREBBP/1LIQ.cif,https://files.rcsb.org/download/1LIQ.cif,0,0,1,Experimental RCSB structure imported by bulk sync; ligand(s): ZN.
CREBBP,1RDT,RCSB_PDB,experimental,X-ray,2.4,E,570;L79,Homo sapiens,Crystal Structure of a new rexinoid bound to the RXRalpha ligand binding doamin in the RXRalpha/PPARgamma heterodimer,cif,data/target_db/cache/rcsb/CREBBP/1RDT.cif,https://files.rcsb.org/download/1RDT.cif,1,0,1,Experimental RCSB structure imported by bulk sync; resolution 2.4 A; ligand(s): 570;L79; candidate for docking review.
CSF1R,AF-P07333-F1,AlphaFold,predicted,Predicted,,A,,Homo sapiens,AlphaFold predicted model for CSF1R,cif,data/target_db/cache/alphafold/P07333/AF-P07333-F1-model_v6.cif,https://alphafold.ebi.ac.uk/files/AF-P07333-F1-model_v6.cif,0,0,1,AlphaFold predicted model; useful as structural reference when experimental structures are unavailable.
CSF1R,2I0V,RCSB_PDB,experimental,X-ray,2.8,A,6C3;SO4,Homo sapiens,c-FMS tyrosine kinase in complex with a quinolone inhibitor,cif,data/target_db/cache/rcsb/CSF1R/2I0V.cif,https://files.rcsb.org/download/2I0V.cif,1,1,1,Experimental RCSB structure imported by bulk sync; resolution 2.8 A; ligand(s): 6C3;SO4; candidate for docking review.
CSF1R,2I0Y,RCSB_PDB,experimental,X-ray,1.9,A,5CN,Homo sapiens,cFMS tyrosine kinase (FGF KID) in complex with an arylamide inhibitor,cif,data/target_db/cache/rcsb/CSF1R/2I0Y.cif,https://files.rcsb.org/download/2I0Y.cif,1,0,1,Experimental RCSB structure imported by bulk sync; resolution 1.9 A; ligand(s): 5CN; candidate for docking review.
CSF1R,2I1M,RCSB_PDB,experimental,X-ray,1.8,A,5CN,Homo sapiens,cFMS tyrosine kinase (tie2 KID) in complex with an arylamide inhibitor,cif,data/target_db/cache/rcsb/CSF1R/2I1M.cif,https://files.rcsb.org/download/2I1M.cif,1,0,1,Experimental RCSB structure imported by bulk sync; resolution 1.8 A; ligand(s): 5CN; candidate for docking review.
CXCR4,AF-P61073-F1,AlphaFold,predicted,Predicted,,A,,Homo sapiens,AlphaFold predicted model for CXCR4,cif,data/target_db/cache/alphafold/P61073/AF-P61073-F1-model_v6.cif,https://alphafold.ebi.ac.uk/files/AF-P61073-F1-model_v6.cif,0,0,1,AlphaFold predicted model; useful as structural reference when experimental structures are unavailable.
CXCR4,22XC,RCSB_PDB,experimental,Cryo-EM,3.28,C;G;R,CLR;D21,Homo sapiens,Structure of CXCR4 in complex with a de-novo designed mini-protein antagonist,cif,data/target_db/cache/rcsb/CXCR4/22XC.cif,https://files.rcsb.org/download/22XC.cif,1,1,1,Experimental RCSB structure imported by bulk sync; resolution 3.28 A; ligand(s): CLR;D21; candidate for docking review.
CXCR4,2K03,RCSB_PDB,experimental,NMR,,B;D,,Homo sapiens,Structure of SDF1 in complex with the CXCR4 N-terminus containing a sulfotyrosine at postition 21,cif,data/target_db/cache/rcsb/CXCR4/2K03.cif,https://files.rcsb.org/download/2K03.cif,0,0,1,Experimental RCSB structure imported by bulk sync.
CXCR4,2K04,RCSB_PDB,experimental,NMR,,B;D,,Homo sapiens,Structure of SDF1 in complex with the CXCR4 N-terminus containing no sulfotyrosines,cif,data/target_db/cache/rcsb/CXCR4/2K04.cif,https://files.rcsb.org/download/2K04.cif,0,0,1,Experimental RCSB structure imported by bulk sync.
CYP3A4,AF-P08684-F1,AlphaFold,predicted,Predicted,,A,,Homo sapiens,AlphaFold predicted model for CYP3A4,cif,data/target_db/cache/alphafold/P08684/AF-P08684-F1-model_v6.cif,https://alphafold.ebi.ac.uk/files/AF-P08684-F1-model_v6.cif,0,0,1,AlphaFold predicted model; useful as structural reference when experimental structures are unavailable.
CYP3A4,1TQN,RCSB_PDB,experimental,X-ray,2.05,A,HEM,Homo sapiens,Crystal Structure of Human Microsomal P450 3A4,cif,data/target_db/cache/rcsb/CYP3A4/1TQN.cif,https://files.rcsb.org/download/1TQN.cif,1,1,1,Experimental RCSB structure imported by bulk sync; resolution 2.05 A; ligand(s): HEM; candidate for docking review.
CYP3A4,1W0E,RCSB_PDB,experimental,X-ray,2.8,A,HEM,Homo sapiens,Crystal structure of human cytochrome P450 3A4,cif,data/target_db/cache/rcsb/CYP3A4/1W0E.cif,https://files.rcsb.org/download/1W0E.cif,1,0,1,Experimental RCSB structure imported by bulk sync; resolution 2.8 A; ligand(s): HEM; candidate for docking review.
CYP3A4,1W0F,RCSB_PDB,experimental,X-ray,2.65,A,HEM;STR,Homo sapiens,Crystal structure of human cytochrome P450 3A4,cif,data/target_db/cache/rcsb/CYP3A4/1W0F.cif,https://files.rcsb.org/download/1W0F.cif,1,0,1,Experimental RCSB structure imported by bulk sync; resolution 2.65 A; ligand(s): HEM;STR; candidate for docking review.
CYP3A4,1W0G,RCSB_PDB,experimental,X-ray,2.73,A,HEM;MYT,Homo sapiens,Crystal structure of human cytochrome P450 3A4,cif,data/target_db/cache/rcsb/CYP3A4/1W0G.cif,https://files.rcsb.org/download/1W0G.cif,1,0,1,Experimental RCSB structure imported by bulk sync; resolution 2.73 A; ligand(s): HEM;MYT; candidate for docking review.
CYP3A4,2J0D,RCSB_PDB,experimental,X-ray,2.75,A;B,ERY;HEM,Homo sapiens,Crystal structure of human P450 3A4 in complex with erythromycin,cif,data/target_db/cache/rcsb/CYP3A4/2J0D.cif,https://files.rcsb.org/download/2J0D.cif,1,0,1,Experimental RCSB structure imported by bulk sync; resolution 2.75 A; ligand(s): ERY;HEM; candidate for docking review.
CYP3A4,3NXU,RCSB_PDB,experimental,X-ray,2.05,A,HEM;DTZ,Homo sapiens,CYP3A4 ligand-bound structure,cif,data/target_db/cache/rcsb/CYP3A4/3NXU.cif,https://files.rcsb.org/download/3NXU.cif,1,1,1,Experimental RCSB structure; resolution 2.05 A; ligand(s): HEM;DTZ; recommended for docking demo.
DHFR,AF-P00374-F1,AlphaFold,predicted,Predicted,,A,,Homo sapiens,AlphaFold predicted model for DHFR,cif,data/target_db/cache/alphafold/P00374/AF-P00374-F1-model_v6.cif,https://alphafold.ebi.ac.uk/files/AF-P00374-F1-model_v6.cif,0,0,1,AlphaFold predicted model; useful as structural reference when experimental structures are unavailable.
DHFR,1BOZ,RCSB_PDB,experimental,X-ray,2.1,A,NDP;PRD,Homo sapiens,"STRUCTURE-BASED DESIGN AND SYNTHESIS OF LIPOPHILIC 2,4-DIAMINO-6-SUBSTITUTED QUINAZOLINES AND THEIR EVALUATION AS INHIBITORS OF DIHYDROFOLATE REDUCTASE AND POTENTIAL ANTITUMOR AGENTS",cif,data/target_db/cache/rcsb/DHFR/1BOZ.cif,https://files.rcsb.org/download/1BOZ.cif,1,1,1,Experimental RCSB structure imported by bulk sync; resolution 2.1 A; ligand(s): NDP;PRD; candidate for docking review.
DHFR,1DHF,RCSB_PDB,experimental,X-ray,2.3,A;B,FOL,Homo sapiens,CRYSTAL STRUCTURES OF RECOMBINANT HUMAN DIHYDROFOLATE REDUCTASE COMPLEXED WITH FOLATE AND 5-DEAZOFOLATE,cif,data/target_db/cache/rcsb/DHFR/1DHF.cif,https://files.rcsb.org/download/1DHF.cif,1,0,1,Experimental RCSB structure imported by bulk sync; resolution 2.3 A; ligand(s): FOL; candidate for docking review.
DHFR,1DLR,RCSB_PDB,experimental,X-ray,2.3,A,MXA;NDP,Homo sapiens,"METHOTREXATE-RESISTANT VARIANTS OF HUMAN DIHYDROFOLATE REDUCTASE WITH SUBSTITUTION OF LEUCINE 22: KINETICS, CRYSTALLOGRAPHY AND POTENTIAL AS SELECTABLE MARKERS",cif,data/target_db/cache/rcsb/DHFR/1DLR.cif,https://files.rcsb.org/download/1DLR.cif,1,0,1,Experimental RCSB structure imported by bulk sync; resolution 2.3 A; ligand(s): MXA;NDP; candidate for docking review.
DNMT1,AF-P26358-F1,AlphaFold,predicted,Predicted,,A,,Homo sapiens,AlphaFold predicted model for DNMT1,cif,data/target_db/cache/alphafold/P26358/AF-P26358-F1-model_v6.cif,https://alphafold.ebi.ac.uk/files/AF-P26358-F1-model_v6.cif,0,0,1,AlphaFold predicted model; useful as structural reference when experimental structures are unavailable.
DNMT1,3EPZ,RCSB_PDB,experimental,X-ray,2.31,A;B,BGC;GOL;NA;ZN,Homo sapiens,Structure of the replication foci-targeting sequence of human DNA cytosine methyltransferase DNMT1,cif,data/target_db/cache/rcsb/DNMT1/3EPZ.cif,https://files.rcsb.org/download/3EPZ.cif,1,1,1,Experimental RCSB structure imported by bulk sync; resolution 2.31 A; ligand(s): BGC;GOL;NA;ZN; candidate for docking review.
DNMT1,3PTA,RCSB_PDB,experimental,X-ray,3.6,A,SAH;ZN,Homo sapiens,Crystal structure of human DNMT1(646-1600) in complex with DNA,cif,data/target_db/cache/rcsb/DNMT1/3PTA.cif,https://files.rcsb.org/download/3PTA.cif,1,0,1,Experimental RCSB structure imported by bulk sync; resolution 3.6 A; ligand(s): SAH;ZN; candidate for docking review.
DNMT1,3SWR,RCSB_PDB,experimental,X-ray,2.49,A,EDO;MES;SFG;SO4;ZN,Homo sapiens,Structure of human DNMT1 (601-1600) in complex with Sinefungin,cif,data/target_db/cache/rcsb/DNMT1/3SWR.cif,https://files.rcsb.org/download/3SWR.cif,1,0,1,Experimental RCSB structure imported by bulk sync; resolution 2.49 A; ligand(s): EDO;MES;SFG;SO4;ZN; candidate for docking review.
DNMT1,4WXX,RCSB_PDB,experimental,X-ray,2.622,A;B,SAH;ZN,Homo sapiens,The crystal structure of human DNMT1(351-1600),cif,data/target_db/cache/rcsb/DNMT1/4WXX.cif,https://files.rcsb.org/download/4WXX.cif,1,0,1,Experimental RCSB structure imported by bulk sync; resolution 2.622 A; ligand(s): SAH;ZN; candidate for docking review.
DNMT1,4YOC,RCSB_PDB,experimental,X-ray,2.916,A,ZN,Homo sapiens,Crystal Structure of human DNMT1 and USP7/HAUSP complex,cif,data/target_db/cache/rcsb/DNMT1/4YOC.cif,https://files.rcsb.org/download/4YOC.cif,1,0,1,Experimental RCSB structure imported by bulk sync; resolution 2.916 A; ligand(s): ZN; candidate for docking review.
DOT1L,AF-Q8TEK3-F1,AlphaFold,predicted,Predicted,,A,,Homo sapiens,AlphaFold predicted model for DOT1L,cif,data/target_db/cache/alphafold/Q8TEK3/AF-Q8TEK3-F1-model_v6.cif,https://alphafold.ebi.ac.uk/files/AF-Q8TEK3-F1-model_v6.cif,0,0,1,AlphaFold predicted model; useful as structural reference when experimental structures are unavailable.
DOT1L,1NW3,RCSB_PDB,experimental,X-ray,2.5,A,ACT;SAM;SO4,Homo sapiens,"Structure of the Catalytic domain of human DOT1L, a non-SET domain nucleosomal histone methyltransferase",cif,data/target_db/cache/rcsb/DOT1L/1NW3.cif,https://files.rcsb.org/download/1NW3.cif,1,1,1,Experimental RCSB structure imported by bulk sync; resolution 2.5 A; ligand(s): ACT;SAM;SO4; candidate for docking review.
DOT1L,2MV7,RCSB_PDB,experimental,NMR,,B,,Homo sapiens,Solution NMR structure of DOT1L in complex with AF9 (DOT1L-AF9),cif,data/target_db/cache/rcsb/DOT1L/2MV7.cif,https://files.rcsb.org/download/2MV7.cif,0,0,1,Experimental RCSB structure imported by bulk sync.
DOT1L,3QOW,RCSB_PDB,experimental,X-ray,2.1,A,SAM;SO4,Homo sapiens,DOT1L Structure in complex with SAM,cif,data/target_db/cache/rcsb/DOT1L/3QOW.cif,https://files.rcsb.org/download/3QOW.cif,1,0,1,Experimental RCSB structure imported by bulk sync; resolution 2.1 A; ligand(s): SAM;SO4; candidate for docking review.
DPP4,AF-P27487-F1,AlphaFold,predicted,Predicted,,A,,Homo sapiens,AlphaFold predicted model for DPP4,cif,data/target_db/cache/alphafold/P27487/AF-P27487-F1-model_v6.cif,https://alphafold.ebi.ac.uk/files/AF-P27487-F1-model_v6.cif,0,0,1,AlphaFold predicted model; useful as structural reference when experimental structures are unavailable.
DPP4,1J2E,RCSB_PDB,experimental,X-ray,2.6,A;B,NAG,Homo sapiens,Crystal structure of Human Dipeptidyl peptidase IV,cif,data/target_db/cache/rcsb/DPP4/1J2E.cif,https://files.rcsb.org/download/1J2E.cif,1,1,1,Experimental RCSB structure imported by bulk sync; resolution 2.6 A; ligand(s): NAG; candidate for docking review.
DPP4,1N1M,RCSB_PDB,experimental,X-ray,2.5,A;B,A3M;HG;NAG,Homo sapiens,Human Dipeptidyl Peptidase IV/CD26 in complex with an inhibitor,cif,data/target_db/cache/rcsb/DPP4/1N1M.cif,https://files.rcsb.org/download/1N1M.cif,1,0,1,Experimental RCSB structure imported by bulk sync; resolution 2.5 A; ligand(s): A3M;HG;NAG; candidate for docking review.
DPP4,1NU6,RCSB_PDB,experimental,X-ray,2.1,A;B,HG;NAG,Homo sapiens,Crystal structure of human Dipeptidyl Peptidase IV (DPP-IV),cif,data/target_db/cache/rcsb/DPP4/1NU6.cif,https://files.rcsb.org/download/1NU6.cif,1,0,1,Experimental RCSB structure imported by bulk sync; resolution 2.1 A; ligand(s): HG;NAG; candidate for docking review.
DPP4,1NU8,RCSB_PDB,experimental,X-ray,2.5,A;B,NAG,synthetic construct,Crystal structure of human dipeptidyl peptidase IV (DPP-IV) in complex with Diprotin A (IPI),cif,data/target_db/cache/rcsb/DPP4/1NU8.cif,https://files.rcsb.org/download/1NU8.cif,1,0,1,Experimental RCSB structure imported by bulk sync; resolution 2.5 A; ligand(s): NAG; candidate for docking review.
DPP4,1PFQ,RCSB_PDB,experimental,X-ray,1.9,A;B,NAG,Homo sapiens,crystal structure of human apo dipeptidyl peptidase IV / CD26,cif,data/target_db/cache/rcsb/DPP4/1PFQ.cif,https://files.rcsb.org/download/1PFQ.cif,1,0,1,Experimental RCSB structure imported by bulk sync; resolution 1.9 A; ligand(s): NAG; candidate for docking review.
DRD2,AF-P14416-F1,AlphaFold,predicted,Predicted,,A,,Homo sapiens,AlphaFold predicted model for DRD2,cif,data/target_db/cache/alphafold/P14416/AF-P14416-F1-model_v6.cif,https://alphafold.ebi.ac.uk/files/AF-P14416-F1-model_v6.cif,0,0,1,AlphaFold predicted model; useful as structural reference when experimental structures are unavailable.
DRD2,5AER,RCSB_PDB,experimental,X-ray,2.19,B;C,CA;K,Homo sapiens,Neuronal calcium sensor-1 (NCS-1)from Rattus norvegicus complex with D2 dopamine receptor peptide from Homo sapiens,cif,data/target_db/cache/rcsb/DRD2/5AER.cif,https://files.rcsb.org/download/5AER.cif,1,1,1,Experimental RCSB structure imported by bulk sync; resolution 2.19 A; ligand(s): CA;K; candidate for docking review.
DRD2,6CM4,RCSB_PDB,experimental,X-ray,2.867,A,8NU;OLA;PEG,Homo sapiens,Structure of the D2 Dopamine Receptor Bound to the Atypical Antipsychotic Drug Risperidone,cif,data/target_db/cache/rcsb/DRD2/6CM4.cif,https://files.rcsb.org/download/6CM4.cif,1,0,1,Experimental RCSB structure imported by bulk sync; resolution 2.867 A; ligand(s): 8NU;OLA;PEG; candidate for docking review.
DRD2,6LUQ,RCSB_PDB,experimental,X-ray,3.1,A,GMJ;OLA,Homo sapiens,Haloperidol bound D2 dopamine receptor structure inspired discovery of subtype selective ligands,cif,data/target_db/cache/rcsb/DRD2/6LUQ.cif,https://files.rcsb.org/download/6LUQ.cif,1,0,1,Experimental RCSB structure imported by bulk sync; resolution 3.1 A; ligand(s): GMJ;OLA; candidate for docking review.
DRD2,6VMS,RCSB_PDB,experimental,Cryo-EM,3.8,R,08Y,Rattus norvegicus,Structure of a D2 dopamine receptor-G-protein complex in a lipid membrane,cif,data/target_db/cache/rcsb/DRD2/6VMS.cif,https://files.rcsb.org/download/6VMS.cif,1,0,1,Experimental RCSB structure imported by bulk sync; resolution 3.8 A; ligand(s): 08Y; candidate for docking review.
DRD2,7DFP,RCSB_PDB,experimental,X-ray,3.1,A,SIP,Mus musculus,Human dopamine D2 receptor in complex with spiperone,cif,data/target_db/cache/rcsb/DRD2/7DFP.cif,https://files.rcsb.org/download/7DFP.cif,1,0,1,Experimental RCSB structure imported by bulk sync; resolution 3.1 A; ligand(s): SIP; candidate for docking review.
EGFR,AF-P00533-F1,AlphaFold,predicted,Predicted,,A,,Homo sapiens,AlphaFold predicted model for EGFR,cif,data/target_db/cache/alphafold/P00533/AF-P00533-F1-model_v6.cif,https://alphafold.ebi.ac.uk/files/AF-P00533-F1-model_v6.cif,0,0,1,AlphaFold predicted model; useful as structural reference when experimental structures are unavailable.
EGFR,1IVO,RCSB_PDB,experimental,X-ray,3.3,A;B,NAG,Homo sapiens,Crystal Structure of the Complex of Human Epidermal Growth Factor and Receptor Extracellular Domains.,cif,data/target_db/cache/rcsb/EGFR/1IVO.cif,https://files.rcsb.org/download/1IVO.cif,1,1,1,Experimental RCSB structure imported by bulk sync; resolution 3.3 A; ligand(s): NAG; candidate for docking review.
EGFR,1M14,RCSB_PDB,experimental,X-ray,2.6,A,,Homo sapiens,Tyrosine Kinase Domain from Epidermal Growth Factor Receptor,cif,data/target_db/cache/rcsb/EGFR/1M14.cif,https://files.rcsb.org/download/1M14.cif,0,0,1,Experimental RCSB structure imported by bulk sync; resolution 2.6 A.
EGFR,1M17,RCSB_PDB,experimental,X-ray,2.6,A,AQ4,Homo sapiens,Epidermal Growth Factor Receptor tyrosine kinase domain with 4-anilinoquinazoline inhibitor erlotinib,cif,data/target_db/cache/rcsb/EGFR/1M17.cif,https://files.rcsb.org/download/1M17.cif,1,0,1,Experimental RCSB structure imported by bulk sync; resolution 2.6 A; ligand(s): AQ4; candidate for docking review.
EGFR,1MOX,RCSB_PDB,experimental,X-ray,2.5,A;B,CD;CL;NAG;PT,Homo sapiens,Crystal Structure of Human Epidermal Growth Factor Receptor (residues 1-501) in complex with TGF-alpha,cif,data/target_db/cache/rcsb/EGFR/1MOX.cif,https://files.rcsb.org/download/1MOX.cif,1,0,1,Experimental RCSB structure imported by bulk sync; resolution 2.5 A; ligand(s): CD;CL;NAG;PT; candidate for docking review.
EGFR,1NQL,RCSB_PDB,experimental,X-ray,2.8,A,NAG,Homo sapiens,Structure of the extracellular domain of human epidermal growth factor (EGF) receptor in an inactive (low pH) complex with EGF.,cif,data/target_db/cache/rcsb/EGFR/1NQL.cif,https://files.rcsb.org/download/1NQL.cif,1,0,1,Experimental RCSB structure imported by bulk sync; resolution 2.8 A; ligand(s): NAG; candidate for docking review.
EP300,AF-Q09472-F1,AlphaFold,predicted,Predicted,,A,,Homo sapiens,AlphaFold predicted model for EP300,cif,data/target_db/cache/alphafold/Q09472/AF-Q09472-F1-model_v6.cif,https://alphafold.ebi.ac.uk/files/AF-Q09472-F1-model_v6.cif,0,0,1,AlphaFold predicted model; useful as structural reference when experimental structures are unavailable.
EP300,1L3E,RCSB_PDB,experimental,NMR,,B,ZN,Homo sapiens,NMR Structures of the HIF-1alpha CTAD/p300 CH1 Complex,cif,data/target_db/cache/rcsb/EP300/1L3E.cif,https://files.rcsb.org/download/1L3E.cif,0,1,1,Experimental RCSB structure imported by bulk sync; ligand(s): ZN.
EP300,1P4Q,RCSB_PDB,experimental,NMR,,B,ZN,Homo sapiens,Solution structure of the CITED2 transactivation domain in complex with the p300 CH1 domain,cif,data/target_db/cache/rcsb/EP300/1P4Q.cif,https://files.rcsb.org/download/1P4Q.cif,0,0,1,Experimental RCSB structure imported by bulk sync; ligand(s): ZN.
EP300,2K8F,RCSB_PDB,experimental,NMR,,A,,Homo sapiens,Structural Basis for the Regulation of p53 Function by p300,cif,data/target_db/cache/rcsb/EP300/2K8F.cif,https://files.rcsb.org/download/2K8F.cif,0,0,1,Experimental RCSB structure imported by bulk sync.
ERBB2,AF-P04626-F1,AlphaFold,predicted,Predicted,,A,,Homo sapiens,AlphaFold predicted model for ERBB2,cif,data/target_db/cache/alphafold/P04626/AF-P04626-F1-model_v6.cif,https://alphafold.ebi.ac.uk/files/AF-P04626-F1-model_v6.cif,0,0,1,AlphaFold predicted model; useful as structural reference when experimental structures are unavailable.
ERBB2,1MFG,RCSB_PDB,experimental,X-ray,1.25,B,,Homo sapiens,The Structure of ERBIN PDZ domain bound to the Carboxy-terminal tail of the ErbB2 Receptor,cif,data/target_db/cache/rcsb/ERBB2/1MFG.cif,https://files.rcsb.org/download/1MFG.cif,0,1,1,Experimental RCSB structure imported by bulk sync; resolution 1.25 A.
ERBB2,1MFL,RCSB_PDB,experimental,X-ray,1.88,B,,Homo sapiens,The Structure of ERBIN PDZ domain bound to the Carboxy-terminal tail of the ErbB2 Receptor,cif,data/target_db/cache/rcsb/ERBB2/1MFL.cif,https://files.rcsb.org/download/1MFL.cif,0,0,1,Experimental RCSB structure imported by bulk sync; resolution 1.88 A.
ERBB2,1MW4,RCSB_PDB,experimental,NMR,,B,,Homo sapiens,Solution structure of the human Grb7-SH2 domain in complex with a 10 amino acid peptide pY1139,cif,data/target_db/cache/rcsb/ERBB2/1MW4.cif,https://files.rcsb.org/download/1MW4.cif,0,0,1,Experimental RCSB structure imported by bulk sync.
ERBB2,1N8Z,RCSB_PDB,experimental,X-ray,2.52,C,NAG;SO4,Mus musculus,Crystal structure of extracellular domain of human HER2 complexed with Herceptin Fab,cif,data/target_db/cache/rcsb/ERBB2/1N8Z.cif,https://files.rcsb.org/download/1N8Z.cif,1,0,1,Experimental RCSB structure imported by bulk sync; resolution 2.52 A; ligand(s): NAG;SO4; candidate for docking review.
ERBB2,1QR1,RCSB_PDB,experimental,X-ray,2.4,C;F,,Homo sapiens,POOR BINDING OF A HER-2/NEU EPITOPE (GP2) TO HLA-A2.1 IS DUE TO A LACK OF INTERACTIONS IN THE CENTER OF THE PEPTIDE,cif,data/target_db/cache/rcsb/ERBB2/1QR1.cif,https://files.rcsb.org/download/1QR1.cif,0,0,1,Experimental RCSB structure imported by bulk sync; resolution 2.4 A.
ESR1,AF-P03372-F1,AlphaFold,predicted,Predicted,,A,,Homo sapiens,AlphaFold predicted model for ESR1,cif,data/target_db/cache/alphafold/P03372/AF-P03372-F1-model_v6.cif,https://alphafold.ebi.ac.uk/files/AF-P03372-F1-model_v6.cif,0,0,1,AlphaFold predicted model; useful as structural reference when experimental structures are unavailable.
ESR1,1A52,RCSB_PDB,experimental,X-ray,2.8,A;B,AU;EST,Homo sapiens,ESTROGEN RECEPTOR ALPHA LIGAND-BINDING DOMAIN COMPLEXED TO ESTRADIOL,cif,data/target_db/cache/rcsb/ESR1/1A52.cif,https://files.rcsb.org/download/1A52.cif,1,1,1,Experimental RCSB structure imported by bulk sync; resolution 2.8 A; ligand(s): AU;EST; candidate for docking review.
ESR1,1ERE,RCSB_PDB,experimental,X-ray,3.1,A;B;C;D;E;F,EST,Homo sapiens,HUMAN ESTROGEN RECEPTOR LIGAND-BINDING DOMAIN IN COMPLEX WITH 17BETA-ESTRADIOL,cif,data/target_db/cache/rcsb/ESR1/1ERE.cif,https://files.rcsb.org/download/1ERE.cif,1,0,1,Experimental RCSB structure imported by bulk sync; resolution 3.1 A; ligand(s): EST; candidate for docking review.
ESR1,1ERR,RCSB_PDB,experimental,X-ray,2.6,A;B,RAL,Homo sapiens,HUMAN ESTROGEN RECEPTOR LIGAND-BINDING DOMAIN IN COMPLEX WITH RALOXIFENE,cif,data/target_db/cache/rcsb/ESR1/1ERR.cif,https://files.rcsb.org/download/1ERR.cif,1,0,1,Experimental RCSB structure imported by bulk sync; resolution 2.6 A; ligand(s): RAL; candidate for docking review.
ESR1,1G50,RCSB_PDB,experimental,X-ray,2.9,A;B;C,EST,Homo sapiens,CRYSTAL STRUCTURE OF A WILD TYPE HER ALPHA LBD AT 2.9 ANGSTROM RESOLUTION,cif,data/target_db/cache/rcsb/ESR1/1G50.cif,https://files.rcsb.org/download/1G50.cif,1,0,1,Experimental RCSB structure imported by bulk sync; resolution 2.9 A; ligand(s): EST; candidate for docking review.
ESR1,1GWQ,RCSB_PDB,experimental,X-ray,2.45,A;B,ZTW,Homo sapiens,HUMAN OESTROGEN RECEPTOR ALPHA LIGAND-BINDING DOMAIN IN COMPLEX WITH RALOXIFENE CORE AND TIF2 NRBOX2 PEPTIDE,cif,data/target_db/cache/rcsb/ESR1/1GWQ.cif,https://files.rcsb.org/download/1GWQ.cif,1,0,1,Experimental RCSB structure imported by bulk sync; resolution 2.45 A; ligand(s): ZTW; candidate for docking review.
EZH2,AF-Q15910-F1,AlphaFold,predicted,Predicted,,A,,Homo sapiens,AlphaFold predicted model for EZH2,cif,data/target_db/cache/alphafold/Q15910/AF-Q15910-F1-model_v6.cif,https://alphafold.ebi.ac.uk/files/AF-Q15910-F1-model_v6.cif,0,0,1,AlphaFold predicted model; useful as structural reference when experimental structures are unavailable.
EZH2,4MI0,RCSB_PDB,experimental,X-ray,2.0,A,UNX;ZN,Homo sapiens,Human Enhancer of Zeste (Drosophila) Homolog 2(EZH2),cif,data/target_db/cache/rcsb/EZH2/4MI0.cif,https://files.rcsb.org/download/4MI0.cif,1,1,1,Experimental RCSB structure imported by bulk sync; resolution 2.0 A; ligand(s): UNX;ZN; candidate for docking review.
EZH2,4MI5,RCSB_PDB,experimental,X-ray,2.0,A,SO4;ZN,Homo sapiens,Crystal structure of the EZH2 SET domain,cif,data/target_db/cache/rcsb/EZH2/4MI5.cif,https://files.rcsb.org/download/4MI5.cif,1,0,1,Experimental RCSB structure imported by bulk sync; resolution 2.0 A; ligand(s): SO4;ZN; candidate for docking review.
EZH2,5GSA,RCSB_PDB,experimental,X-ray,2.49,C;D,73K,Homo sapiens,EED in complex with an allosteric PRC2 inhibitor,cif,data/target_db/cache/rcsb/EZH2/5GSA.cif,https://files.rcsb.org/download/5GSA.cif,1,0,1,Experimental RCSB structure imported by bulk sync; resolution 2.49 A; ligand(s): 73K; candidate for docking review.
EZH2,5H14,RCSB_PDB,experimental,X-ray,1.9,C;D,GOL;LQB,Homo sapiens,EED in complex with an allosteric PRC2 inhibitor EED666,cif,data/target_db/cache/rcsb/EZH2/5H14.cif,https://files.rcsb.org/download/5H14.cif,1,0,1,Experimental RCSB structure imported by bulk sync; resolution 1.9 A; ligand(s): GOL;LQB; candidate for docking review.
EZH2,5H15,RCSB_PDB,experimental,X-ray,2.27,C;D,LQD,Homo sapiens,EED in complex with PRC2 allosteric inhibitor EED709,cif,data/target_db/cache/rcsb/EZH2/5H15.cif,https://files.rcsb.org/download/5H15.cif,1,0,1,Experimental RCSB structure imported by bulk sync; resolution 2.27 A; ligand(s): LQD; candidate for docking review.
FAAH,AF-O00519-F1,AlphaFold,predicted,Predicted,,A,,Homo sapiens,AlphaFold predicted model for FAAH,cif,data/target_db/cache/alphafold/O00519/AF-O00519-F1-model_v6.cif,https://alphafold.ebi.ac.uk/files/AF-O00519-F1-model_v6.cif,0,0,1,AlphaFold predicted model; useful as structural reference when experimental structures are unavailable.
FASN,AF-P49327-F1,AlphaFold,predicted,Predicted,,A,,Homo sapiens,AlphaFold predicted model for FASN,cif,data/target_db/cache/alphafold/P49327/AF-P49327-F1-model_v6.cif,https://alphafold.ebi.ac.uk/files/AF-P49327-F1-model_v6.cif,0,0,1,AlphaFold predicted model; useful as structural reference when experimental structures are unavailable.
FASN,1XKT,RCSB_PDB,experimental,X-ray,2.6,A;B,,Homo sapiens,Human fatty acid synthase: Structure and substrate selectivity of the thioesterase domain,cif,data/target_db/cache/rcsb/FASN/1XKT.cif,https://files.rcsb.org/download/1XKT.cif,0,1,1,Experimental RCSB structure imported by bulk sync; resolution 2.6 A.
FASN,2CG5,RCSB_PDB,experimental,X-ray,2.7,B,COA;MG;NI;PO4,Homo sapiens,Structure of aminoadipate-semialdehyde dehydrogenase- phosphopantetheinyl transferase in complex with cytosolic acyl carrier protein and coenzyme A,cif,data/target_db/cache/rcsb/FASN/2CG5.cif,https://files.rcsb.org/download/2CG5.cif,1,0,1,Experimental RCSB structure imported by bulk sync; resolution 2.7 A; ligand(s): COA;MG;NI;PO4; candidate for docking review.
FASN,2JFD,RCSB_PDB,experimental,X-ray,2.81,A;B;C;D,,Homo sapiens,Structure of the MAT domain of human FAS,cif,data/target_db/cache/rcsb/FASN/2JFD.cif,https://files.rcsb.org/download/2JFD.cif,0,0,1,Experimental RCSB structure imported by bulk sync; resolution 2.81 A.
FGFR1,AF-P11362-F1,AlphaFold,predicted,Predicted,,A,,Homo sapiens,AlphaFold predicted model for FGFR1,cif,data/target_db/cache/alphafold/P11362/AF-P11362-F1-model_v6.cif,https://alphafold.ebi.ac.uk/files/AF-P11362-F1-model_v6.cif,0,0,1,AlphaFold predicted model; useful as structural reference when experimental structures are unavailable.
FGFR1,1AGW,RCSB_PDB,experimental,X-ray,2.4,A;B,SU2,Homo sapiens,CRYSTAL STRUCTURE OF THE TYROSINE KINASE DOMAIN OF FIBROBLAST GROWTH FACTOR RECEPTOR 1 IN COMPLEX WITH SU4984 INHIBITOR,cif,data/target_db/cache/rcsb/FGFR1/1AGW.cif,https://files.rcsb.org/download/1AGW.cif,1,1,1,Experimental RCSB structure imported by bulk sync; resolution 2.4 A; ligand(s): SU2; candidate for docking review.
FGFR1,1CVS,RCSB_PDB,experimental,X-ray,2.8,C;D,SO4,Homo sapiens,CRYSTAL STRUCTURE OF A DIMERIC FGF2-FGFR1 COMPLEX,cif,data/target_db/cache/rcsb/FGFR1/1CVS.cif,https://files.rcsb.org/download/1CVS.cif,1,0,1,Experimental RCSB structure imported by bulk sync; resolution 2.8 A; ligand(s): SO4; candidate for docking review.
FGFR1,1EVT,RCSB_PDB,experimental,X-ray,2.8,C;D,SO4,Homo sapiens,CRYSTAL STRUCTURE OF FGF1 IN COMPLEX WITH THE EXTRACELLULAR LIGAND BINDING DOMAIN OF FGF RECEPTOR 1 (FGFR1),cif,data/target_db/cache/rcsb/FGFR1/1EVT.cif,https://files.rcsb.org/download/1EVT.cif,1,0,1,Experimental RCSB structure imported by bulk sync; resolution 2.8 A; ligand(s): SO4; candidate for docking review.
FGFR1,1FGI,RCSB_PDB,experimental,X-ray,2.5,A;B,SU1,Homo sapiens,CRYSTAL STRUCTURE OF THE TYROSINE KINASE DOMAIN OF FIBROBLAST GROWTH FACTOR RECEPTOR 1 IN COMPLEX WITH SU5402 INHIBITOR,cif,data/target_db/cache/rcsb/FGFR1/1FGI.cif,https://files.rcsb.org/download/1FGI.cif,1,0,1,Experimental RCSB structure imported by bulk sync; resolution 2.5 A; ligand(s): SU1; candidate for docking review.
FGFR1,1FGK,RCSB_PDB,experimental,X-ray,2.0,A;B,,Homo sapiens,CRYSTAL STRUCTURE OF THE TYROSINE KINASE DOMAIN OF FIBROBLAST GROWTH FACTOR RECEPTOR 1,cif,data/target_db/cache/rcsb/FGFR1/1FGK.cif,https://files.rcsb.org/download/1FGK.cif,0,0,1,Experimental RCSB structure imported by bulk sync; resolution 2.0 A.
FGFR2,AF-P21802-F1,AlphaFold,predicted,Predicted,,A,,Homo sapiens,AlphaFold predicted model for FGFR2,cif,data/target_db/cache/alphafold/P21802/AF-P21802-F1-model_v6.cif,https://alphafold.ebi.ac.uk/files/AF-P21802-F1-model_v6.cif,0,0,1,AlphaFold predicted model; useful as structural reference when experimental structures are unavailable.
FGFR2,10OO,RCSB_PDB,experimental,X-ray,1.85,A;B,A1C65;GOL;SO4,Homo sapiens,FGFR2 mutant D650V with compound 4 (AZD3463),cif,data/target_db/cache/rcsb/FGFR2/10OO.cif,https://files.rcsb.org/download/10OO.cif,1,1,1,Experimental RCSB structure imported by bulk sync; resolution 1.85 A; ligand(s): A1C65;GOL;SO4; candidate for docking review.
FGFR2,10OQ,RCSB_PDB,experimental,X-ray,1.98,A;B,A1C66;GOL;SO4,Homo sapiens,FGFR2 mutant D650V with compound 6,cif,data/target_db/cache/rcsb/FGFR2/10OQ.cif,https://files.rcsb.org/download/10OQ.cif,1,0,1,Experimental RCSB structure imported by bulk sync; resolution 1.98 A; ligand(s): A1C66;GOL;SO4; candidate for docking review.
FGFR2,10OU,RCSB_PDB,experimental,X-ray,1.77,A;B,A1C67;EDO;GOL;SO4,Homo sapiens,FGFR2 mutant D650V with compound 12,cif,data/target_db/cache/rcsb/FGFR2/10OU.cif,https://files.rcsb.org/download/10OU.cif,1,0,1,Experimental RCSB structure imported by bulk sync; resolution 1.77 A; ligand(s): A1C67;EDO;GOL;SO4; candidate for docking review.
FGFR2,1DJS,RCSB_PDB,experimental,X-ray,2.4,A,SO4,Homo sapiens,LIGAND-BINDING PORTION OF FIBROBLAST GROWTH FACTOR RECEPTOR 2 IN COMPLEX WITH FGF1,cif,data/target_db/cache/rcsb/FGFR2/1DJS.cif,https://files.rcsb.org/download/1DJS.cif,1,0,1,Experimental RCSB structure imported by bulk sync; resolution 2.4 A; ligand(s): SO4; candidate for docking review.
FGFR2,1E0O,RCSB_PDB,experimental,X-ray,2.8,B;D,NI;SO4,Homo sapiens,CRYSTAL STRUCTURE OF A TERNARY FGF1-FGFR2-HEPARIN COMPLEX,cif,data/target_db/cache/rcsb/FGFR2/1E0O.cif,https://files.rcsb.org/download/1E0O.cif,1,0,1,Experimental RCSB structure imported by bulk sync; resolution 2.8 A; ligand(s): NI;SO4; candidate for docking review.
FGFR3,AF-P22607-F1,AlphaFold,predicted,Predicted,,A,,Homo sapiens,AlphaFold predicted model for FGFR3,cif,data/target_db/cache/alphafold/P22607/AF-P22607-F1-model_v6.cif,https://alphafold.ebi.ac.uk/files/AF-P22607-F1-model_v6.cif,0,0,1,AlphaFold predicted model; useful as structural reference when experimental structures are unavailable.
FGFR3,1RY7,RCSB_PDB,experimental,X-ray,3.2,B,,Homo sapiens,Crystal Structure of the 3 Ig form of FGFR3c in complex with FGF1,cif,data/target_db/cache/rcsb/FGFR3/1RY7.cif,https://files.rcsb.org/download/1RY7.cif,0,1,1,Experimental RCSB structure imported by bulk sync; resolution 3.2 A.
FGFR3,2LZL,RCSB_PDB,experimental,NMR,,A;B,,Homo sapiens,FGFR3tm,cif,data/target_db/cache/rcsb/FGFR3/2LZL.cif,https://files.rcsb.org/download/2LZL.cif,0,0,1,Experimental RCSB structure imported by bulk sync.
FGFR3,4K33,RCSB_PDB,experimental,X-ray,2.3405,A,ACP;MG,Homo sapiens,"Crystal Structure of FGF Receptor 3 (FGFR3) Kinase Domain Harboring the K650E Mutation, a Gain-of-Function Mutation Responsible for Thanatophoric Dysplasia Type II and Spermatocytic Seminoma",cif,data/target_db/cache/rcsb/FGFR3/4K33.cif,https://files.rcsb.org/download/4K33.cif,1,0,1,Experimental RCSB structure imported by bulk sync; resolution 2.3405 A; ligand(s): ACP;MG; candidate for docking review.
FGFR3,6LVM,RCSB_PDB,experimental,X-ray,2.53,A,EVR,Homo sapiens,Crystal structure of FGFR3 in complex with pyrimidine derivative,cif,data/target_db/cache/rcsb/FGFR3/6LVM.cif,https://files.rcsb.org/download/6LVM.cif,1,0,1,Experimental RCSB structure imported by bulk sync; resolution 2.53 A; ligand(s): EVR; candidate for docking review.
FGFR3,6PNX,RCSB_PDB,experimental,X-ray,2.199,A;B,ACP;SO4,Homo sapiens,Crystal Structure of an Asymmetric Dimer of FGF Receptor 3 Kinases Trapped in A-loop Tyrosine Transphosphorylation Reaction,cif,data/target_db/cache/rcsb/FGFR3/6PNX.cif,https://files.rcsb.org/download/6PNX.cif,1,0,1,Experimental RCSB structure imported by bulk sync; resolution 2.199 A; ligand(s): ACP;SO4; candidate for docking review.
FGFR4,AF-P22455-F1,AlphaFold,predicted,Predicted,,A,,Homo sapiens,AlphaFold predicted model for FGFR4,cif,data/target_db/cache/alphafold/P22455/AF-P22455-F1-model_v6.cif,https://alphafold.ebi.ac.uk/files/AF-P22455-F1-model_v6.cif,0,0,1,AlphaFold predicted model; useful as structural reference when experimental structures are unavailable.
FGFR4,4QQ5,RCSB_PDB,experimental,X-ray,2.203,A,37O,Homo sapiens,"Crystal Structure of FGF Receptor (FGFR) 4 Kinase Harboring the V550L Gate-Keeper Mutation in Complex With FIIN-2, an Irreversible Tyrosine Kinase Inhibitor Capable of Overcoming FGFR Kinase Gate-Keeper Mutations",cif,data/target_db/cache/rcsb/FGFR4/4QQ5.cif,https://files.rcsb.org/download/4QQ5.cif,1,1,1,Experimental RCSB structure imported by bulk sync; resolution 2.203 A; ligand(s): 37O; candidate for docking review.
FGFR4,4QQC,RCSB_PDB,experimental,X-ray,2.4,A,37O;SO4,Homo sapiens,"Crystal Structure of FGF Receptor (FGFR) 4 Kinase Domain in Complex with FIIN-2, an Irreversible Tyrosine Kinase Inhibitor Capable of Overcoming FGFR Kinase Gate-Keeper Mutations",cif,data/target_db/cache/rcsb/FGFR4/4QQC.cif,https://files.rcsb.org/download/4QQC.cif,1,0,1,Experimental RCSB structure imported by bulk sync; resolution 2.4 A; ligand(s): 37O;SO4; candidate for docking review.
FGFR4,4QQJ,RCSB_PDB,experimental,X-ray,1.682,A,SO4,Homo sapiens,Crystal Structure of FGF Receptor (FGFR) 4 Kinase Domain Harboring the V550L Gate-Keeper Mutation,cif,data/target_db/cache/rcsb/FGFR4/4QQJ.cif,https://files.rcsb.org/download/4QQJ.cif,1,0,1,Experimental RCSB structure imported by bulk sync; resolution 1.682 A; ligand(s): SO4; candidate for docking review.
FGFR4,4QQT,RCSB_PDB,experimental,X-ray,1.501,A,SO4,Homo sapiens,Crystal Structure of FGF Receptor (FGFR) 4 Tyrosine Kinase Domain,cif,data/target_db/cache/rcsb/FGFR4/4QQT.cif,https://files.rcsb.org/download/4QQT.cif,1,0,1,Experimental RCSB structure imported by bulk sync; resolution 1.501 A; ligand(s): SO4; candidate for docking review.
FGFR4,4QRC,RCSB_PDB,experimental,X-ray,1.901,A,0LI;SO4,Homo sapiens,Crystal Structure of the Tyrosine Kinase Domain of FGF Receptor 4 in Complex with Ponatinib,cif,data/target_db/cache/rcsb/FGFR4/4QRC.cif,https://files.rcsb.org/download/4QRC.cif,1,0,1,Experimental RCSB structure imported by bulk sync; resolution 1.901 A; ligand(s): 0LI;SO4; candidate for docking review.
FLT3,AF-P36888-F1,AlphaFold,predicted,Predicted,,A,,Homo sapiens,AlphaFold predicted model for FLT3,cif,data/target_db/cache/alphafold/P36888/AF-P36888-F1-model_v6.cif,https://alphafold.ebi.ac.uk/files/AF-P36888-F1-model_v6.cif,0,0,1,AlphaFold predicted model; useful as structural reference when experimental structures are unavailable.
FLT3,1RJB,RCSB_PDB,experimental,X-ray,2.1,A,,Homo sapiens,Crystal Structure of FLT3,cif,data/target_db/cache/rcsb/FLT3/1RJB.cif,https://files.rcsb.org/download/1RJB.cif,0,1,1,Experimental RCSB structure imported by bulk sync; resolution 2.1 A.
FLT3,3QS7,RCSB_PDB,experimental,X-ray,4.3,E;F;G;H,NAG,Homo sapiens,Crystal structure of a human Flt3 ligand-receptor ternary complex,cif,data/target_db/cache/rcsb/FLT3/3QS7.cif,https://files.rcsb.org/download/3QS7.cif,1,0,1,Experimental RCSB structure imported by bulk sync; resolution 4.3 A; ligand(s): NAG; candidate for docking review.
FLT3,3QS9,RCSB_PDB,experimental,X-ray,7.8,E;F;G;H,,Homo sapiens,Crystal structure of a human Flt3 ligand-receptor ternary complex,cif,data/target_db/cache/rcsb/FLT3/3QS9.cif,https://files.rcsb.org/download/3QS9.cif,0,0,1,Experimental RCSB structure imported by bulk sync; resolution 7.8 A.
GSK3B,AF-P49841-F1,AlphaFold,predicted,Predicted,,A,,Homo sapiens,AlphaFold predicted model for GSK3B,cif,data/target_db/cache/alphafold/P49841/AF-P49841-F1-model_v6.cif,https://alphafold.ebi.ac.uk/files/AF-P49841-F1-model_v6.cif,0,0,1,AlphaFold predicted model; useful as structural reference when experimental structures are unavailable.
GSK3B,1GNG,RCSB_PDB,experimental,X-ray,2.6,A;B,SO4;TRS,Homo sapiens,Glycogen synthase kinase-3 beta (GSK3) complex with FRATtide peptide,cif,data/target_db/cache/rcsb/GSK3B/1GNG.cif,https://files.rcsb.org/download/1GNG.cif,1,0,1,Experimental RCSB structure imported by bulk sync; resolution 2.6 A; ligand(s): SO4;TRS; candidate for docking review.
GSK3B,1H8F,RCSB_PDB,experimental,X-ray,2.8,A;B,EPE,Homo sapiens,Glycogen Synthase Kinase 3 beta.,cif,data/target_db/cache/rcsb/GSK3B/1H8F.cif,https://files.rcsb.org/download/1H8F.cif,1,1,1,Experimental RCSB structure imported by bulk sync; resolution 2.8 A; ligand(s): EPE; candidate for docking review.
GSK3B,1I09,RCSB_PDB,experimental,X-ray,2.7,A;B,PO4,Homo sapiens,STRUCTURE OF GLYCOGEN SYNTHASE KINASE-3 (GSK3B),cif,data/target_db/cache/rcsb/GSK3B/1I09.cif,https://files.rcsb.org/download/1I09.cif,1,0,1,Experimental RCSB structure imported by bulk sync; resolution 2.7 A; ligand(s): PO4; candidate for docking review.
HDAC1,AF-Q13547-F1,AlphaFold,predicted,Predicted,,A,,Homo sapiens,AlphaFold predicted model for HDAC1,cif,data/target_db/cache/alphafold/Q13547/AF-Q13547-F1-model_v6.cif,https://alphafold.ebi.ac.uk/files/AF-Q13547-F1-model_v6.cif,0,0,1,AlphaFold predicted model; useful as structural reference when experimental structures are unavailable.
HDAC1,4BKX,RCSB_PDB,experimental,X-ray,3.0,B,ACT;K;SO4;ZN,Homo sapiens,The structure of HDAC1 in complex with the dimeric ELM2-SANT domain of MTA1 from the NuRD complex,cif,data/target_db/cache/rcsb/HDAC1/4BKX.cif,https://files.rcsb.org/download/4BKX.cif,1,1,1,Experimental RCSB structure imported by bulk sync; resolution 3.0 A; ligand(s): ACT;K;SO4;ZN; candidate for docking review.
HDAC1,5ICN,RCSB_PDB,experimental,X-ray,3.3,B,IHP;K;ZN,synthetic construct,HDAC1:MTA1 in complex with inositol-6-phosphate and a novel peptide inhibitor based on histone H4,cif,data/target_db/cache/rcsb/HDAC1/5ICN.cif,https://files.rcsb.org/download/5ICN.cif,1,0,1,Experimental RCSB structure imported by bulk sync; resolution 3.3 A; ligand(s): IHP;K;ZN; candidate for docking review.
HDAC1,6Z2J,RCSB_PDB,experimental,Cryo-EM,4.0,C;E,IHP;K;ZN,Homo sapiens,The structure of the dimeric HDAC1/MIDEAS/DNTTIP1 MiDAC deacetylase complex,cif,data/target_db/cache/rcsb/HDAC1/6Z2J.cif,https://files.rcsb.org/download/6Z2J.cif,1,0,1,Experimental RCSB structure imported by bulk sync; resolution 4.0 A; ligand(s): IHP;K;ZN; candidate for docking review.
HDAC1,6Z2K,RCSB_PDB,experimental,Cryo-EM,4.5,C;E;I;K,IHP;K;ZN,Homo sapiens,The structure of the tetrameric HDAC1/MIDEAS/DNTTIP1 MiDAC deacetylase complex,cif,data/target_db/cache/rcsb/HDAC1/6Z2K.cif,https://files.rcsb.org/download/6Z2K.cif,1,0,1,Experimental RCSB structure imported by bulk sync; resolution 4.5 A; ligand(s): IHP;K;ZN; candidate for docking review.
HDAC1,7AO8,RCSB_PDB,experimental,Cryo-EM,4.5,B;E,IHP;K;ZN,Homo sapiens,Structure of the MTA1/HDAC1/MBD2 NURD deacetylase complex,cif,data/target_db/cache/rcsb/HDAC1/7AO8.cif,https://files.rcsb.org/download/7AO8.cif,1,0,1,Experimental RCSB structure imported by bulk sync; resolution 4.5 A; ligand(s): IHP;K;ZN; candidate for docking review.
HDAC2,AF-Q92769-F1,AlphaFold,predicted,Predicted,,A,,Homo sapiens,AlphaFold predicted model for HDAC2,cif,data/target_db/cache/alphafold/Q92769/AF-Q92769-F1-model_v6.cif,https://alphafold.ebi.ac.uk/files/AF-Q92769-F1-model_v6.cif,0,0,1,AlphaFold predicted model; useful as structural reference when experimental structures are unavailable.
HDAC2,3MAX,RCSB_PDB,experimental,X-ray,2.05,A;B;C,CA;LLX;NA;NHE;ZN,Homo sapiens,Crystal Structure of Human HDAC2 complexed with an N-(2-aminophenyl)benzamide,cif,data/target_db/cache/rcsb/HDAC2/3MAX.cif,https://files.rcsb.org/download/3MAX.cif,1,1,1,Experimental RCSB structure imported by bulk sync; resolution 2.05 A; ligand(s): CA;LLX;NA;NHE;ZN; candidate for docking review.
HDAC2,4LXZ,RCSB_PDB,experimental,X-ray,1.85,A;B;C,CA;NA;NHE;PG4;SHH;ZN,Homo sapiens,Structure of Human HDAC2 in complex with SAHA (vorinostat),cif,data/target_db/cache/rcsb/HDAC2/4LXZ.cif,https://files.rcsb.org/download/4LXZ.cif,1,0,1,Experimental RCSB structure imported by bulk sync; resolution 1.85 A; ligand(s): CA;NA;NHE;PG4;SHH;ZN; candidate for docking review.
HDAC2,4LY1,RCSB_PDB,experimental,X-ray,1.57,A;B;C,20Y;CA;NA;NHE;PG4;ZN,Homo sapiens,Structure of Human HDAC2 in complex with inhibitor 4-(acetylamino)-N-[2-amino-5-(thiophen-2-yl)phenyl]benzamide,cif,data/target_db/cache/rcsb/HDAC2/4LY1.cif,https://files.rcsb.org/download/4LY1.cif,1,0,1,Experimental RCSB structure imported by bulk sync; resolution 1.57 A; ligand(s): 20Y;CA;NA;NHE;PG4;ZN; candidate for docking review.
HDAC2,5IWG,RCSB_PDB,experimental,X-ray,1.66,A;B;C,CA;IWX;PEG;PG4;PG5;PGE;ZN,Homo sapiens,HDAC2 WITH LIGAND BRD4884,cif,data/target_db/cache/rcsb/HDAC2/5IWG.cif,https://files.rcsb.org/download/5IWG.cif,1,0,1,Experimental RCSB structure imported by bulk sync; resolution 1.66 A; ligand(s): CA;IWX;PEG;PG4;PG5;PGE;ZN; candidate for docking review.
HDAC2,5IX0,RCSB_PDB,experimental,X-ray,1.72,A;B;C,6EZ;CA;EDO;PEG;PG4;PG5;PGE;ZN,Homo sapiens,HDAC2 WITH LIGAND BRD7232,cif,data/target_db/cache/rcsb/HDAC2/5IX0.cif,https://files.rcsb.org/download/5IX0.cif,1,0,1,Experimental RCSB structure imported by bulk sync; resolution 1.72 A; ligand(s): 6EZ;CA;EDO;PEG;PG4;PG5;PGE;ZN; candidate for docking review.
HDAC3,AF-O15379-F1,AlphaFold,predicted,Predicted,,A,,Homo sapiens,AlphaFold predicted model for HDAC3,cif,data/target_db/cache/alphafold/O15379/AF-O15379-F1-model_v6.cif,https://alphafold.ebi.ac.uk/files/AF-O15379-F1-model_v6.cif,0,0,1,AlphaFold predicted model; useful as structural reference when experimental structures are unavailable.
HDAC3,4A69,RCSB_PDB,experimental,X-ray,2.06,A;B,ACT;GOL;I0P;K;ZN,Homo sapiens,Structure of HDAC3 bound to corepressor and inositol tetraphosphate,cif,data/target_db/cache/rcsb/HDAC3/4A69.cif,https://files.rcsb.org/download/4A69.cif,1,1,1,Experimental RCSB structure imported by bulk sync; resolution 2.06 A; ligand(s): ACT;GOL;I0P;K;ZN; candidate for docking review.
HDAC6,AF-Q9UBN7-F1,AlphaFold,predicted,Predicted,,A,,Homo sapiens,AlphaFold predicted model for HDAC6,cif,data/target_db/cache/alphafold/Q9UBN7/AF-Q9UBN7-F1-model_v6.cif,https://alphafold.ebi.ac.uk/files/AF-Q9UBN7-F1-model_v6.cif,0,0,1,AlphaFold predicted model; useful as structural reference when experimental structures are unavailable.
HDAC6,3C5K,RCSB_PDB,experimental,X-ray,1.55,A,ZN,Homo sapiens,Crystal structure of human HDAC6 zinc finger domain,cif,data/target_db/cache/rcsb/HDAC6/3C5K.cif,https://files.rcsb.org/download/3C5K.cif,1,1,1,Experimental RCSB structure imported by bulk sync; resolution 1.55 A; ligand(s): ZN; candidate for docking review.
HDAC6,3GV4,RCSB_PDB,experimental,X-ray,1.72,A,CA;ZN,Homo sapiens,Crystal structure of human HDAC6 zinc finger domain and ubiquitin C-terminal peptide RLRGG,cif,data/target_db/cache/rcsb/HDAC6/3GV4.cif,https://files.rcsb.org/download/3GV4.cif,1,0,1,Experimental RCSB structure imported by bulk sync; resolution 1.72 A; ligand(s): CA;ZN; candidate for docking review.
HDAC6,3PHD,RCSB_PDB,experimental,X-ray,3.0,A;B;C;D,ZN,Homo sapiens,Crystal structure of human HDAC6 in complex with ubiquitin,cif,data/target_db/cache/rcsb/HDAC6/3PHD.cif,https://files.rcsb.org/download/3PHD.cif,1,0,1,Experimental RCSB structure imported by bulk sync; resolution 3.0 A; ligand(s): ZN; candidate for docking review.
HDAC6,5B8D,RCSB_PDB,experimental,X-ray,1.05,A,6T4;FMT;NA;UNX;ZN,Homo sapiens,"Crystal structure of a low occupancy fragment candidate (N-(4-Methyl-1,3-thiazol-2-yl)propanamide) bound adjacent to the ubiquitin binding pocket of the HDAC6 zinc-finger domain",cif,data/target_db/cache/rcsb/HDAC6/5B8D.cif,https://files.rcsb.org/download/5B8D.cif,1,0,1,Experimental RCSB structure imported by bulk sync; resolution 1.05 A; ligand(s): 6T4;FMT;NA;UNX;ZN; candidate for docking review.
HDAC6,5EDU,RCSB_PDB,experimental,X-ray,2.79,A;B,K;TSN;ZN,Escherichia coli,Crystal structure of human histone deacetylase 6 catalytic domain 2 in complex with trichostatin A,cif,data/target_db/cache/rcsb/HDAC6/5EDU.cif,https://files.rcsb.org/download/5EDU.cif,1,0,1,Experimental RCSB structure imported by bulk sync; resolution 2.79 A; ligand(s): K;TSN;ZN; candidate for docking review.
HMGCR,AF-P04035-F1,AlphaFold,predicted,Predicted,,A,,Homo sapiens,AlphaFold predicted model for HMGCR,cif,data/target_db/cache/alphafold/P04035/AF-P04035-F1-model_v6.cif,https://alphafold.ebi.ac.uk/files/AF-P04035-F1-model_v6.cif,0,0,1,AlphaFold predicted model; useful as structural reference when experimental structures are unavailable.
HMGCR,1DQ8,RCSB_PDB,experimental,X-ray,2.1,A;B;C;D,COA;DTT;MAH,Homo sapiens,COMPLEX OF THE CATALYTIC PORTION OF HUMAN HMG-COA REDUCTASE WITH HMG AND COA,cif,data/target_db/cache/rcsb/HMGCR/1DQ8.cif,https://files.rcsb.org/download/1DQ8.cif,1,1,1,Experimental RCSB structure imported by bulk sync; resolution 2.1 A; ligand(s): COA;DTT;MAH; candidate for docking review.
HMGCR,1DQ9,RCSB_PDB,experimental,X-ray,2.8,A;B;C;D,HMG,Homo sapiens,COMPLEX OF CATALYTIC PORTION OF HUMAN HMG-COA REDUCTASE WITH HMG-COA,cif,data/target_db/cache/rcsb/HMGCR/1DQ9.cif,https://files.rcsb.org/download/1DQ9.cif,1,0,1,Experimental RCSB structure imported by bulk sync; resolution 2.8 A; ligand(s): HMG; candidate for docking review.
HMGCR,1DQA,RCSB_PDB,experimental,X-ray,2.0,A;B;C;D,COA;MAH;NAP,Homo sapiens,"COMPLEX OF THE CATALYTIC PORTION OF HUMAN HMG-COA REDUCTASE WITH HMG, COA, AND NADP+",cif,data/target_db/cache/rcsb/HMGCR/1DQA.cif,https://files.rcsb.org/download/1DQA.cif,1,0,1,Experimental RCSB structure imported by bulk sync; resolution 2.0 A; ligand(s): COA;MAH;NAP; candidate for docking review.
HRH1,AF-P35367-F1,AlphaFold,predicted,Predicted,,A,,Homo sapiens,AlphaFold predicted model for HRH1,cif,data/target_db/cache/alphafold/P35367/AF-P35367-F1-model_v6.cif,https://alphafold.ebi.ac.uk/files/AF-P35367-F1-model_v6.cif,0,0,1,AlphaFold predicted model; useful as structural reference when experimental structures are unavailable.
HRH1,3RZE,RCSB_PDB,experimental,X-ray,3.1,A,5EH;D7V;OLC;PO4,Homo sapiens,Structure of the human histamine H1 receptor in complex with doxepin,cif,data/target_db/cache/rcsb/HRH1/3RZE.cif,https://files.rcsb.org/download/3RZE.cif,1,1,1,Experimental RCSB structure imported by bulk sync; resolution 3.1 A; ligand(s): 5EH;D7V;OLC;PO4; candidate for docking review.
HRH1,7DFL,RCSB_PDB,experimental,Cryo-EM,3.3,R,HSM,Homo sapiens,Cryo-EM structure of histamine H1 receptor Gq complex,cif,data/target_db/cache/rcsb/HRH1/7DFL.cif,https://files.rcsb.org/download/7DFL.cif,1,0,1,Experimental RCSB structure imported by bulk sync; resolution 3.3 A; ligand(s): HSM; candidate for docking review.
HRH1,8X5X,RCSB_PDB,experimental,Cryo-EM,3.5,B,,Homo sapiens,CryoEM structure of the histamine H1 receptor in apo-form,cif,data/target_db/cache/rcsb/HRH1/8X5X.cif,https://files.rcsb.org/download/8X5X.cif,0,0,1,Experimental RCSB structure imported by bulk sync; resolution 3.5 A.
HSP90AA1,AF-P07900-F1,AlphaFold,predicted,Predicted,,A,,Homo sapiens,AlphaFold predicted model for HSP90AA1,cif,data/target_db/cache/alphafold/P07900/AF-P07900-F1-model_v6.cif,https://alphafold.ebi.ac.uk/files/AF-P07900-F1-model_v6.cif,0,0,1,AlphaFold predicted model; useful as structural reference when experimental structures are unavailable.
HSP90AA1,1BYQ,RCSB_PDB,experimental,X-ray,1.5,A,ADP;MG,Homo sapiens,HSP90 N-TERMINAL DOMAIN BOUND TO ADP-MG,cif,data/target_db/cache/rcsb/HSP90AA1/1BYQ.cif,https://files.rcsb.org/download/1BYQ.cif,1,1,1,Experimental RCSB structure imported by bulk sync; resolution 1.5 A; ligand(s): ADP;MG; candidate for docking review.
HSP90AA1,1OSF,RCSB_PDB,experimental,X-ray,1.75,A,ACY;KOS;MPD,Homo sapiens,"Human Hsp90 in complex with 17-desmethoxy-17-N,N-Dimethylaminoethylamino-Geldanamycin",cif,data/target_db/cache/rcsb/HSP90AA1/1OSF.cif,https://files.rcsb.org/download/1OSF.cif,1,0,1,Experimental RCSB structure imported by bulk sync; resolution 1.75 A; ligand(s): ACY;KOS;MPD; candidate for docking review.
HSP90AA1,1UY6,RCSB_PDB,experimental,X-ray,1.9,A,PU3,Homo sapiens,"Human Hsp90-alpha with 9-Butyl-8-(3,4,5-trimethoxy-benzyl)-9H-purin-6-ylamine",cif,data/target_db/cache/rcsb/HSP90AA1/1UY6.cif,https://files.rcsb.org/download/1UY6.cif,1,0,1,Experimental RCSB structure imported by bulk sync; resolution 1.9 A; ligand(s): PU3; candidate for docking review.
HTR2A,AF-P28223-F1,AlphaFold,predicted,Predicted,,A,,Homo sapiens,AlphaFold predicted model for HTR2A,cif,data/target_db/cache/alphafold/P28223/AF-P28223-F1-model_v6.cif,https://alphafold.ebi.ac.uk/files/AF-P28223-F1-model_v6.cif,0,0,1,AlphaFold predicted model; useful as structural reference when experimental structures are unavailable.
HTR2A,6A93,RCSB_PDB,experimental,X-ray,3.0,A;B,1PE;8NU;CLR;PLM;ZN,Homo sapiens,Crystal structure of 5-HT2AR in complex with risperidone,cif,data/target_db/cache/rcsb/HTR2A/6A93.cif,https://files.rcsb.org/download/6A93.cif,1,1,1,Experimental RCSB structure imported by bulk sync; resolution 3.0 A; ligand(s): 1PE;8NU;CLR;PLM;ZN; candidate for docking review.
HTR2A,6A94,RCSB_PDB,experimental,X-ray,2.9,A;B,1PE;A6L;CLR;PLM;ZN;ZOT,Homo sapiens,Crystal structure of 5-HT2AR in complex with zotepine,cif,data/target_db/cache/rcsb/HTR2A/6A94.cif,https://files.rcsb.org/download/6A94.cif,1,0,1,Experimental RCSB structure imported by bulk sync; resolution 2.9 A; ligand(s): 1PE;A6L;CLR;PLM;ZN;ZOT; candidate for docking review.
HTR2A,6WGT,RCSB_PDB,experimental,X-ray,3.4,A;B;C,1PE;7LD;CLR;OLA;PEG;PO4,Homo sapiens,Crystal structure of HTR2A with hallucinogenic agonist,cif,data/target_db/cache/rcsb/HTR2A/6WGT.cif,https://files.rcsb.org/download/6WGT.cif,1,0,1,Experimental RCSB structure imported by bulk sync; resolution 3.4 A; ligand(s): 1PE;7LD;CLR;OLA;PEG;PO4; candidate for docking review.
HTR2A,6WH4,RCSB_PDB,experimental,X-ray,3.4,A;B;C,1PE;89F;CLR;NDS;OLA;PEG,Homo sapiens,Crystal structure of HTR2A with inverse agonist,cif,data/target_db/cache/rcsb/HTR2A/6WH4.cif,https://files.rcsb.org/download/6WH4.cif,1,0,1,Experimental RCSB structure imported by bulk sync; resolution 3.4 A; ligand(s): 1PE;89F;CLR;NDS;OLA;PEG; candidate for docking review.
HTR2A,6WHA,RCSB_PDB,experimental,Cryo-EM,3.36,A,U0G,Homo sapiens,"HTR2A bound to 25-CN-NBOH in complex with a mini-Galpha-q protein, beta/gamma subunits and an active-state stabilizing single-chain variable fragment (scFv16) obtained by cryo-electron microscopy (cryoEM)",cif,data/target_db/cache/rcsb/HTR2A/6WHA.cif,https://files.rcsb.org/download/6WHA.cif,1,0,1,Experimental RCSB structure imported by bulk sync; resolution 3.36 A; ligand(s): U0G; candidate for docking review.
IDO1,AF-P14902-F1,AlphaFold,predicted,Predicted,,A,,Homo sapiens,AlphaFold predicted model for IDO1,cif,data/target_db/cache/alphafold/P14902/AF-P14902-F1-model_v6.cif,https://alphafold.ebi.ac.uk/files/AF-P14902-F1-model_v6.cif,0,0,1,AlphaFold predicted model; useful as structural reference when experimental structures are unavailable.
IDO1,2D0T,RCSB_PDB,experimental,X-ray,2.3,A;B,HEM;NHE;PIM,Homo sapiens,"Crystal structure of 4-phenylimidazole bound form of human indoleamine 2,3-dioxygenase",cif,data/target_db/cache/rcsb/IDO1/2D0T.cif,https://files.rcsb.org/download/2D0T.cif,1,1,1,Experimental RCSB structure imported by bulk sync; resolution 2.3 A; ligand(s): HEM;NHE;PIM; candidate for docking review.
IDO1,2D0U,RCSB_PDB,experimental,X-ray,3.4,A;B,CYN;HEM;NHE,Homo sapiens,"Crystal structure of cyanide bound form of human indoleamine 2,3-dioxygenase",cif,data/target_db/cache/rcsb/IDO1/2D0U.cif,https://files.rcsb.org/download/2D0U.cif,1,0,1,Experimental RCSB structure imported by bulk sync; resolution 3.4 A; ligand(s): CYN;HEM;NHE; candidate for docking review.
IDO1,4PK5,RCSB_PDB,experimental,X-ray,2.79,A;B,HEM;PKJ,Homo sapiens,"Crystal structure of the indoleamine 2,3-dioxygenagse 1 (IDO1) complexed with Amg-1",cif,data/target_db/cache/rcsb/IDO1/4PK5.cif,https://files.rcsb.org/download/4PK5.cif,1,0,1,Experimental RCSB structure imported by bulk sync; resolution 2.79 A; ligand(s): HEM;PKJ; candidate for docking review.
IDO1,4PK6,RCSB_PDB,experimental,X-ray,3.45,A;B,HEM;PKL,Homo sapiens,"Crystal structure of the indoleamine 2,3-dioxygenagse 1 (IDO1) complexed with imidazothiazole derivative",cif,data/target_db/cache/rcsb/IDO1/4PK6.cif,https://files.rcsb.org/download/4PK6.cif,1,0,1,Experimental RCSB structure imported by bulk sync; resolution 3.45 A; ligand(s): HEM;PKL; candidate for docking review.
IDO1,4U72,RCSB_PDB,experimental,X-ray,2.0,A;B,HEM;NHE;PIM,Homo sapiens,"Crystal structure of 4-phenylimidazole bound form of human indoleamine 2,3-dioxygenase (A260G mutant)",cif,data/target_db/cache/rcsb/IDO1/4U72.cif,https://files.rcsb.org/download/4U72.cif,1,0,1,Experimental RCSB structure imported by bulk sync; resolution 2.0 A; ligand(s): HEM;NHE;PIM; candidate for docking review.
JAK2,AF-O60674-F1,AlphaFold,predicted,Predicted,,A,,Homo sapiens,AlphaFold predicted model for JAK2,cif,data/target_db/cache/alphafold/O60674/AF-O60674-F1-model_v6.cif,https://alphafold.ebi.ac.uk/files/AF-O60674-F1-model_v6.cif,0,0,1,AlphaFold predicted model; useful as structural reference when experimental structures are unavailable.
JAK2,2B7A,RCSB_PDB,experimental,X-ray,2.0,A;B,IZA,Homo sapiens,The structural basis of Janus Kinase 2 inhibition by a potent and specific pan-Janus kinase inhibitor,cif,data/target_db/cache/rcsb/JAK2/2B7A.cif,https://files.rcsb.org/download/2B7A.cif,1,1,1,Experimental RCSB structure imported by bulk sync; resolution 2.0 A; ligand(s): IZA; candidate for docking review.
JAK2,2W1I,RCSB_PDB,experimental,X-ray,2.6,A;B,L0I,Homo sapiens,Structure determination of Aurora Kinase in complex with inhibitor,cif,data/target_db/cache/rcsb/JAK2/2W1I.cif,https://files.rcsb.org/download/2W1I.cif,1,0,1,Experimental RCSB structure imported by bulk sync; resolution 2.6 A; ligand(s): L0I; candidate for docking review.
JAK2,2XA4,RCSB_PDB,experimental,X-ray,2.04,A;B,AZ5,Homo sapiens,Inhibitors of Jak2 Kinase domain,cif,data/target_db/cache/rcsb/JAK2/2XA4.cif,https://files.rcsb.org/download/2XA4.cif,1,0,1,Experimental RCSB structure imported by bulk sync; resolution 2.04 A; ligand(s): AZ5; candidate for docking review.
JAK2,3E62,RCSB_PDB,experimental,X-ray,1.922,A,5B1,Homo sapiens,Fragment based discovery of JAK-2 inhibitors,cif,data/target_db/cache/rcsb/JAK2/3E62.cif,https://files.rcsb.org/download/3E62.cif,1,0,1,Experimental RCSB structure imported by bulk sync; resolution 1.922 A; ligand(s): 5B1; candidate for docking review.
JAK2,3E63,RCSB_PDB,experimental,X-ray,1.9,A,5B2,Homo sapiens,Fragment based discovery of JAK-2 inhibitors,cif,data/target_db/cache/rcsb/JAK2/3E63.cif,https://files.rcsb.org/download/3E63.cif,1,0,1,Experimental RCSB structure imported by bulk sync; resolution 1.9 A; ligand(s): 5B2; candidate for docking review.
KCNH2,AF-Q12809-F1,AlphaFold,predicted,Predicted,,A,,Homo sapiens,AlphaFold predicted model for KCNH2,cif,data/target_db/cache/alphafold/Q12809/AF-Q12809-F1-model_v6.cif,https://alphafold.ebi.ac.uk/files/AF-Q12809-F1-model_v6.cif,0,0,1,AlphaFold predicted model; useful as structural reference when experimental structures are unavailable.
KCNH2,1BYW,RCSB_PDB,experimental,X-ray,2.6,A,,Homo sapiens,STRUCTURE OF THE N-TERMINAL DOMAIN OF THE HUMAN-ERG POTASSIUM CHANNEL,cif,data/target_db/cache/rcsb/KCNH2/1BYW.cif,https://files.rcsb.org/download/1BYW.cif,0,1,1,Experimental RCSB structure imported by bulk sync; resolution 2.6 A.
KCNH2,1UJL,RCSB_PDB,experimental,NMR,,A,,Homo sapiens,Solution Structure of the HERG K+ channel S5-P extracellular linker,cif,data/target_db/cache/rcsb/KCNH2/1UJL.cif,https://files.rcsb.org/download/1UJL.cif,0,0,1,Experimental RCSB structure imported by bulk sync.
KCNH2,2L0W,RCSB_PDB,experimental,NMR,,A,,Homo sapiens,Solution NMR structure of the N-terminal PAS domain of HERG potassium channel,cif,data/target_db/cache/rcsb/KCNH2/2L0W.cif,https://files.rcsb.org/download/2L0W.cif,0,0,1,Experimental RCSB structure imported by bulk sync.
KCNH2,2L1M,RCSB_PDB,experimental,NMR,,A,,Homo sapiens,Solution structure of the eag domain of the hERG (Kv11.1) K+ channel,cif,data/target_db/cache/rcsb/KCNH2/2L1M.cif,https://files.rcsb.org/download/2L1M.cif,0,0,1,Experimental RCSB structure imported by bulk sync.
KCNH2,2L4R,RCSB_PDB,experimental,NMR,,A,,Homo sapiens,NMR solution structure of the N-terminal PAS domain of hERG,cif,data/target_db/cache/rcsb/KCNH2/2L4R.cif,https://files.rcsb.org/download/2L4R.cif,0,0,1,Experimental RCSB structure imported by bulk sync.
KDM1A,AF-O60341-F1,AlphaFold,predicted,Predicted,,A,,Homo sapiens,AlphaFold predicted model for KDM1A,cif,data/target_db/cache/alphafold/O60341/AF-O60341-F1-model_v6.cif,https://alphafold.ebi.ac.uk/files/AF-O60341-F1-model_v6.cif,0,0,1,AlphaFold predicted model; useful as structural reference when experimental structures are unavailable.
KDM1A,2COM,RCSB_PDB,experimental,NMR,,A,,Homo sapiens,The solution structure of the SWIRM domain of human LSD1,cif,data/target_db/cache/rcsb/KDM1A/2COM.cif,https://files.rcsb.org/download/2COM.cif,0,1,1,Experimental RCSB structure imported by bulk sync.
KDM1A,2DW4,RCSB_PDB,experimental,X-ray,2.3,A,FAD,Homo sapiens,Crystal structure of human LSD1 at 2.3 A resolution,cif,data/target_db/cache/rcsb/KDM1A/2DW4.cif,https://files.rcsb.org/download/2DW4.cif,1,0,1,Experimental RCSB structure imported by bulk sync; resolution 2.3 A; ligand(s): FAD; candidate for docking review.
KDM1A,2EJR,RCSB_PDB,experimental,X-ray,2.7,A,F2N,Homo sapiens,LSD1-tranylcypromine complex,cif,data/target_db/cache/rcsb/KDM1A/2EJR.cif,https://files.rcsb.org/download/2EJR.cif,1,0,1,Experimental RCSB structure imported by bulk sync; resolution 2.7 A; ligand(s): F2N; candidate for docking review.
KDM1A,2H94,RCSB_PDB,experimental,X-ray,2.9,A,FAD;HG,Homo sapiens,Crystal Structure and Mechanism of human Lysine-Specific Demethylase-1,cif,data/target_db/cache/rcsb/KDM1A/2H94.cif,https://files.rcsb.org/download/2H94.cif,1,0,1,Experimental RCSB structure imported by bulk sync; resolution 2.9 A; ligand(s): FAD;HG; candidate for docking review.
KDM1A,2HKO,RCSB_PDB,experimental,X-ray,2.8,A,FAD,Homo sapiens,Crystal structure of LSD1,cif,data/target_db/cache/rcsb/KDM1A/2HKO.cif,https://files.rcsb.org/download/2HKO.cif,1,0,1,Experimental RCSB structure imported by bulk sync; resolution 2.8 A; ligand(s): FAD; candidate for docking review.
KDR,AF-P35968-F1,AlphaFold,predicted,Predicted,,A,,Homo sapiens,AlphaFold predicted model for KDR,cif,data/target_db/cache/alphafold/P35968/AF-P35968-F1-model_v6.cif,https://alphafold.ebi.ac.uk/files/AF-P35968-F1-model_v6.cif,0,0,1,AlphaFold predicted model; useful as structural reference when experimental structures are unavailable.
KDR,1VR2,RCSB_PDB,experimental,X-ray,2.4,A,,Homo sapiens,HUMAN VASCULAR ENDOTHELIAL GROWTH FACTOR RECEPTOR 2 (KDR) KINASE DOMAIN,cif,data/target_db/cache/rcsb/KDR/1VR2.cif,https://files.rcsb.org/download/1VR2.cif,0,1,1,Experimental RCSB structure imported by bulk sync; resolution 2.4 A.
KDR,1Y6A,RCSB_PDB,experimental,X-ray,2.1,A,AAZ,Homo sapiens,Crystal structure of VEGFR2 in complex with a 2-anilino-5-aryl-oxazole inhibitor,cif,data/target_db/cache/rcsb/KDR/1Y6A.cif,https://files.rcsb.org/download/1Y6A.cif,1,0,1,Experimental RCSB structure imported by bulk sync; resolution 2.1 A; ligand(s): AAZ; candidate for docking review.
KDR,1Y6B,RCSB_PDB,experimental,X-ray,2.1,A,AAX,Homo sapiens,Crystal structure of VEGFR2 in complex with a 2-anilino-5-aryl-oxazole inhibitor,cif,data/target_db/cache/rcsb/KDR/1Y6B.cif,https://files.rcsb.org/download/1Y6B.cif,1,0,1,Experimental RCSB structure imported by bulk sync; resolution 2.1 A; ligand(s): AAX; candidate for docking review.
KDR,1YWN,RCSB_PDB,experimental,X-ray,1.71,A,LIF,Homo sapiens,"Vegfr2 in complex with a novel 4-amino-furo[2,3-d]pyrimidine",cif,data/target_db/cache/rcsb/KDR/1YWN.cif,https://files.rcsb.org/download/1YWN.cif,1,0,1,Experimental RCSB structure imported by bulk sync; resolution 1.71 A; ligand(s): LIF; candidate for docking review.
KDR,2M59,RCSB_PDB,experimental,NMR,,A;B,,Homo sapiens,Spatial structure of dimeric VEGFR2 membrane domain in DPC micelles,cif,data/target_db/cache/rcsb/KDR/2M59.cif,https://files.rcsb.org/download/2M59.cif,0,0,1,Experimental RCSB structure imported by bulk sync.
KDR,3VHE,RCSB_PDB,experimental,X-ray,1.95,A,0LI,Homo sapiens,VEGFR2 kinase inhibitor complex,cif,data/target_db/cache/rcsb/KDR/3VHE.cif,https://files.rcsb.org/download/3VHE.cif,1,1,1,Experimental RCSB structure; resolution 1.95 A; ligand(s): 0LI; recommended for docking demo.
KIT,AF-P10721-F1,AlphaFold,predicted,Predicted,,A,,Homo sapiens,AlphaFold predicted model for KIT,cif,data/target_db/cache/alphafold/P10721/AF-P10721-F1-model_v6.cif,https://alphafold.ebi.ac.uk/files/AF-P10721-F1-model_v6.cif,0,0,1,AlphaFold predicted model; useful as structural reference when experimental structures are unavailable.
KIT,1PKG,RCSB_PDB,experimental,X-ray,2.9,A;B,ADP;MG,Homo sapiens,Structure of a c-Kit Kinase Product Complex,cif,data/target_db/cache/rcsb/KIT/1PKG.cif,https://files.rcsb.org/download/1PKG.cif,1,1,1,Experimental RCSB structure imported by bulk sync; resolution 2.9 A; ligand(s): ADP;MG; candidate for docking review.
KIT,1T45,RCSB_PDB,experimental,X-ray,1.9,A,,Homo sapiens,STRUCTURAL BASIS FOR THE AUTOINHIBITION AND STI-571 INHIBITION OF C-KIT TYROSINE KINASE,cif,data/target_db/cache/rcsb/KIT/1T45.cif,https://files.rcsb.org/download/1T45.cif,0,0,1,Experimental RCSB structure imported by bulk sync; resolution 1.9 A.
KIT,1T46,RCSB_PDB,experimental,X-ray,1.6,A,PO4;STI,Homo sapiens,STRUCTURAL BASIS FOR THE AUTOINHIBITION AND STI-571 INHIBITION OF C-KIT TYROSINE KINASE,cif,data/target_db/cache/rcsb/KIT/1T46.cif,https://files.rcsb.org/download/1T46.cif,1,0,1,Experimental RCSB structure imported by bulk sync; resolution 1.6 A; ligand(s): PO4;STI; candidate for docking review.
KRAS,AF-P01116-F1,AlphaFold,predicted,Predicted,,A,,Homo sapiens,AlphaFold predicted model for KRAS,cif,data/target_db/cache/alphafold/P01116/AF-P01116-F1-model_v6.cif,https://alphafold.ebi.ac.uk/files/AF-P01116-F1-model_v6.cif,0,0,1,AlphaFold predicted model; useful as structural reference when experimental structures are unavailable.
KRAS,10JT,RCSB_PDB,experimental,X-ray,1.489,A;B,A1C5K;CA;GDP,Homo sapiens,"CRYSTAL STRUCTURE OF KIRSTEN RAT SARCOMA G12C COMPLEXED WITH GMPPNP AND COVALENTLY BOUND TO 1-[(2R,3R)-3-{[(7P)-7-(8-ethynyl-7-fluoronaphthalen-1-yl)-8-fluoro-2-{ [(2R,4R,7aS)-2-fluorotetrahydro-1H-pyrrolizin-7a(5H)-yl]methoxy}pyrido[4,3-d] pyrimidin-4-yl](methyl)amino}-2-methylpyrrolidin-1-yl]-3-(pyrazin-2-yl)propan-1-one",cif,data/target_db/cache/rcsb/KRAS/10JT.cif,https://files.rcsb.org/download/10JT.cif,1,1,1,Experimental RCSB structure imported by bulk sync; resolution 1.489 A; ligand(s): A1C5K;CA;GDP; candidate for docking review.
KRAS,10NU,RCSB_PDB,experimental,X-ray,1.5,A;B,A1C6Y;CA;GDP;GOL,Homo sapiens,Structure of kRas G12C bound to Inhibitor 13ab,cif,data/target_db/cache/rcsb/KRAS/10NU.cif,https://files.rcsb.org/download/10NU.cif,1,0,1,Experimental RCSB structure imported by bulk sync; resolution 1.5 A; ligand(s): A1C6Y;CA;GDP;GOL; candidate for docking review.
KRAS,10NV,RCSB_PDB,experimental,X-ray,1.52,A;B,A1C60;CA;GDP,Homo sapiens,Structure of kRas G12C Bound to Inhibitor 13ba,cif,data/target_db/cache/rcsb/KRAS/10NV.cif,https://files.rcsb.org/download/10NV.cif,1,0,1,Experimental RCSB structure imported by bulk sync; resolution 1.52 A; ligand(s): A1C60;CA;GDP; candidate for docking review.
KRAS,11QE,RCSB_PDB,experimental,X-ray,1.23,A,CL;GDP;MG,Homo sapiens,Crystal structure of GDP-bound KRAS G12D/I55E: Suppressing G12D oncogenicity via second-site I55E mutation,cif,data/target_db/cache/rcsb/KRAS/11QE.cif,https://files.rcsb.org/download/11QE.cif,1,0,1,Experimental RCSB structure imported by bulk sync; resolution 1.23 A; ligand(s): CL;GDP;MG; candidate for docking review.
KRAS,1D8D,RCSB_PDB,experimental,X-ray,2.0,P,ACT;FII;ZN,Rattus norvegicus,CO-CRYSTAL STRUCTURE OF RAT PROTEIN FARNESYLTRANSFERASE COMPLEXED WITH A K-RAS4B PEPTIDE SUBSTRATE AND FPP ANALOG AT 2.0A RESOLUTION,cif,data/target_db/cache/rcsb/KRAS/1D8D.cif,https://files.rcsb.org/download/1D8D.cif,1,0,1,Experimental RCSB structure imported by bulk sync; resolution 2.0 A; ligand(s): ACT;FII;ZN; candidate for docking review.
KRAS,6OIM,RCSB_PDB,experimental,X-ray,1.9,A,GDP,Homo sapiens,KRAS G12C covalent inhibitor complex,cif,data/target_db/cache/rcsb/KRAS/6OIM.cif,https://files.rcsb.org/download/6OIM.cif,1,1,1,Experimental RCSB structure; resolution 1.9 A; ligand(s): GDP; recommended for docking demo.
LCK,AF-P06239-F1,AlphaFold,predicted,Predicted,,A,,Homo sapiens,AlphaFold predicted model for LCK,cif,data/target_db/cache/alphafold/P06239/AF-P06239-F1-model_v6.cif,https://alphafold.ebi.ac.uk/files/AF-P06239-F1-model_v6.cif,0,0,1,AlphaFold predicted model; useful as structural reference when experimental structures are unavailable.
LCK,1BHF,RCSB_PDB,experimental,X-ray,1.8,A,,Homo sapiens,P56LCK SH2 DOMAIN INHIBITOR COMPLEX,cif,data/target_db/cache/rcsb/LCK/1BHF.cif,https://files.rcsb.org/download/1BHF.cif,0,1,1,Experimental RCSB structure imported by bulk sync; resolution 1.8 A.
LCK,1BHH,RCSB_PDB,experimental,X-ray,1.9,A;B,,Homo sapiens,FREE P56LCK SH2 DOMAIN,cif,data/target_db/cache/rcsb/LCK/1BHH.cif,https://files.rcsb.org/download/1BHH.cif,0,0,1,Experimental RCSB structure imported by bulk sync; resolution 1.9 A.
LCK,1CWD,RCSB_PDB,experimental,X-ray,2.25,L,,Homo sapiens,HUMAN P56LCK TYROSINE KINASE COMPLEXED WITH PHOSPHOPEPTIDE,cif,data/target_db/cache/rcsb/LCK/1CWD.cif,https://files.rcsb.org/download/1CWD.cif,0,0,1,Experimental RCSB structure imported by bulk sync; resolution 2.25 A.
LCK,1CWE,RCSB_PDB,experimental,X-ray,2.3,A;C,,synthetic construct,HUMAN P56LCK TYROSINE KINASE COMPLEXED WITH PHOSPHOPEPTIDE,cif,data/target_db/cache/rcsb/LCK/1CWE.cif,https://files.rcsb.org/download/1CWE.cif,0,0,1,Experimental RCSB structure imported by bulk sync; resolution 2.3 A.
LCK,1FBZ,RCSB_PDB,experimental,X-ray,2.4,A;B,CC1,Homo sapiens,"Structure-based design of a novel, osteoclast-selective, nonpeptide Src SH2 inhibitor with in vivo anti-resorptive activity",cif,data/target_db/cache/rcsb/LCK/1FBZ.cif,https://files.rcsb.org/download/1FBZ.cif,1,0,1,Experimental RCSB structure imported by bulk sync; resolution 2.4 A; ligand(s): CC1; candidate for docking review.
LDHA,AF-P00338-F1,AlphaFold,predicted,Predicted,,A,,Homo sapiens,AlphaFold predicted model for LDHA,cif,data/target_db/cache/alphafold/P00338/AF-P00338-F1-model_v6.cif,https://alphafold.ebi.ac.uk/files/AF-P00338-F1-model_v6.cif,0,0,1,AlphaFold predicted model; useful as structural reference when experimental structures are unavailable.
LDHA,1I10,RCSB_PDB,experimental,X-ray,2.3,A;B;C;D;E;F;G;H,ACT;NAI;OXM,Homo sapiens,"HUMAN MUSCLE L-LACTATE DEHYDROGENASE M CHAIN, TERNARY COMPLEX WITH NADH AND OXAMATE",cif,data/target_db/cache/rcsb/LDHA/1I10.cif,https://files.rcsb.org/download/1I10.cif,1,1,1,Experimental RCSB structure imported by bulk sync; resolution 2.3 A; ligand(s): ACT;NAI;OXM; candidate for docking review.
LDHA,4AJP,RCSB_PDB,experimental,X-ray,2.38,A;B;C;D,88N;GOL;SO4,Homo sapiens,"Human LDHA in complex with 2-((4-(4-((3-((2-methyl-1,3-benzothiazol- 6yl)amino)-3-oxo-propyl)amino)-4-oxo-butyl)phenyl)methyl)propanedioic acid",cif,data/target_db/cache/rcsb/LDHA/4AJP.cif,https://files.rcsb.org/download/4AJP.cif,1,0,1,Experimental RCSB structure imported by bulk sync; resolution 2.38 A; ligand(s): 88N;GOL;SO4; candidate for docking review.
LDHA,4JNK,RCSB_PDB,experimental,X-ray,1.896,A;B;C;D,EPE;LAC;NAI;SO4;ZHK,Homo sapiens,Lactate Dehydrogenase A in complex with inhibitor compound 22,cif,data/target_db/cache/rcsb/LDHA/4JNK.cif,https://files.rcsb.org/download/4JNK.cif,1,0,1,Experimental RCSB structure imported by bulk sync; resolution 1.896 A; ligand(s): EPE;LAC;NAI;SO4;ZHK; candidate for docking review.
MAOA,AF-P21397-F1,AlphaFold,predicted,Predicted,,A,,Homo sapiens,AlphaFold predicted model for MAOA,cif,data/target_db/cache/alphafold/P21397/AF-P21397-F1-model_v6.cif,https://alphafold.ebi.ac.uk/files/AF-P21397-F1-model_v6.cif,0,0,1,AlphaFold predicted model; useful as structural reference when experimental structures are unavailable.
MAOA,2BXR,RCSB_PDB,experimental,X-ray,3.0,A;B,FAD;MLG,Homo sapiens,"Human Monoamine Oxidase A in complex with Clorgyline, Crystal Form A",cif,data/target_db/cache/rcsb/MAOA/2BXR.cif,https://files.rcsb.org/download/2BXR.cif,1,1,1,Experimental RCSB structure imported by bulk sync; resolution 3.0 A; ligand(s): FAD;MLG; candidate for docking review.
MAOA,2BXS,RCSB_PDB,experimental,X-ray,3.15,A;B,FAD;MLG,Homo sapiens,"Human Monoamine Oxidase A in complex with Clorgyline, Crystal Form B",cif,data/target_db/cache/rcsb/MAOA/2BXS.cif,https://files.rcsb.org/download/2BXS.cif,1,0,1,Experimental RCSB structure imported by bulk sync; resolution 3.15 A; ligand(s): FAD;MLG; candidate for docking review.
MAOA,2Z5X,RCSB_PDB,experimental,X-ray,2.2,A,DCX;FAD;GOL;HRM,Homo sapiens,Crystal Structure of Human Monoamine Oxidase A with Harmine,cif,data/target_db/cache/rcsb/MAOA/2Z5X.cif,https://files.rcsb.org/download/2Z5X.cif,1,0,1,Experimental RCSB structure imported by bulk sync; resolution 2.2 A; ligand(s): DCX;FAD;GOL;HRM; candidate for docking review.
MAOA,2Z5Y,RCSB_PDB,experimental,X-ray,2.17,A,DCX;FAD;HRM,Homo sapiens,Crystal Structure of Human Monoamine Oxidase A (G110A) with Harmine,cif,data/target_db/cache/rcsb/MAOA/2Z5Y.cif,https://files.rcsb.org/download/2Z5Y.cif,1,0,1,Experimental RCSB structure imported by bulk sync; resolution 2.17 A; ligand(s): DCX;FAD;HRM; candidate for docking review.
MAOB,AF-P27338-F1,AlphaFold,predicted,Predicted,,A,,Homo sapiens,AlphaFold predicted model for MAOB,cif,data/target_db/cache/alphafold/P27338/AF-P27338-F1-model_v6.cif,https://alphafold.ebi.ac.uk/files/AF-P27338-F1-model_v6.cif,0,0,1,AlphaFold predicted model; useful as structural reference when experimental structures are unavailable.
MAOB,1GOS,RCSB_PDB,experimental,X-ray,3.0,A;B,FAD;NYP,Homo sapiens,Human Monoamine Oxidase B,cif,data/target_db/cache/rcsb/MAOB/1GOS.cif,https://files.rcsb.org/download/1GOS.cif,1,1,1,Experimental RCSB structure imported by bulk sync; resolution 3.0 A; ligand(s): FAD;NYP; candidate for docking review.
MAOB,1OJ9,RCSB_PDB,experimental,X-ray,2.3,A;B,1PB;FAD,Homo sapiens,"HUMAN MONOAMINE OXIDASE B IN COMPLEX WITH 1,4-DIPHENYL-2-BUTENE",cif,data/target_db/cache/rcsb/MAOB/1OJ9.cif,https://files.rcsb.org/download/1OJ9.cif,1,0,1,Experimental RCSB structure imported by bulk sync; resolution 2.3 A; ligand(s): 1PB;FAD; candidate for docking review.
MAOB,1OJA,RCSB_PDB,experimental,X-ray,1.7,A;B,FAD;ISN,Homo sapiens,HUMAN MONOAMINE OXIDASE B IN COMPLEX WITH ISATIN,cif,data/target_db/cache/rcsb/MAOB/1OJA.cif,https://files.rcsb.org/download/1OJA.cif,1,0,1,Experimental RCSB structure imported by bulk sync; resolution 1.7 A; ligand(s): FAD;ISN; candidate for docking review.
MAOB,1OJC,RCSB_PDB,experimental,X-ray,2.4,A;B,FAD;LAZ,Homo sapiens,HUMAN MONOAMINE OXIDASE B IN COMPLEX WITH N-(2-aminoethyl)-p-chlorobenzamide,cif,data/target_db/cache/rcsb/MAOB/1OJC.cif,https://files.rcsb.org/download/1OJC.cif,1,0,1,Experimental RCSB structure imported by bulk sync; resolution 2.4 A; ligand(s): FAD;LAZ; candidate for docking review.
MAOB,1OJD,RCSB_PDB,experimental,X-ray,3.1,A;B;C;D;E;F;G;H;I;L,FAD;LDA,Homo sapiens,HUMAN MONOAMINE OXIDASE B IN COMPLEX WITH Lauryldimethylamine-N-oxide (LDAO),cif,data/target_db/cache/rcsb/MAOB/1OJD.cif,https://files.rcsb.org/download/1OJD.cif,1,0,1,Experimental RCSB structure imported by bulk sync; resolution 3.1 A; ligand(s): FAD;LDA; candidate for docking review.
MAPK1,AF-P28482-F1,AlphaFold,predicted,Predicted,,A,,Homo sapiens,AlphaFold predicted model for MAPK1,cif,data/target_db/cache/alphafold/P28482/AF-P28482-F1-model_v6.cif,https://alphafold.ebi.ac.uk/files/AF-P28482-F1-model_v6.cif,0,0,1,AlphaFold predicted model; useful as structural reference when experimental structures are unavailable.
MAPK1,1PME,RCSB_PDB,experimental,X-ray,2.0,A,SB2;SO4,Homo sapiens,STRUCTURE OF PENTA MUTANT HUMAN ERK2 MAP KINASE COMPLEXED WITH A SPECIFIC INHIBITOR OF HUMAN P38 MAP KINASE,cif,data/target_db/cache/rcsb/MAPK1/1PME.cif,https://files.rcsb.org/download/1PME.cif,1,1,1,Experimental RCSB structure imported by bulk sync; resolution 2.0 A; ligand(s): SB2;SO4; candidate for docking review.
MAPK1,1TVO,RCSB_PDB,experimental,X-ray,2.5,A,FRZ,Homo sapiens,The structure of ERK2 in complex with a small molecule inhibitor,cif,data/target_db/cache/rcsb/MAPK1/1TVO.cif,https://files.rcsb.org/download/1TVO.cif,1,0,1,Experimental RCSB structure imported by bulk sync; resolution 2.5 A; ligand(s): FRZ; candidate for docking review.
MAPK1,1WZY,RCSB_PDB,experimental,X-ray,2.5,A,F29,Homo sapiens,Crystal structure of human ERK2 complexed with a pyrazolopyridazine derivative,cif,data/target_db/cache/rcsb/MAPK1/1WZY.cif,https://files.rcsb.org/download/1WZY.cif,1,0,1,Experimental RCSB structure imported by bulk sync; resolution 2.5 A; ligand(s): F29; candidate for docking review.
MAPK14,AF-Q16539-F1,AlphaFold,predicted,Predicted,,A,,Homo sapiens,AlphaFold predicted model for MAPK14,cif,data/target_db/cache/alphafold/Q16539/AF-Q16539-F1-model_v6.cif,https://alphafold.ebi.ac.uk/files/AF-Q16539-F1-model_v6.cif,0,0,1,AlphaFold predicted model; useful as structural reference when experimental structures are unavailable.
MAPK14,11OY,RCSB_PDB,experimental,X-ray,2.022,A,A1C99;GG5;ZN,Homo sapiens,Crystal structure of Human p38 alpha MAPK in Complex with MW01-18-122SRM,cif,data/target_db/cache/rcsb/MAPK14/11OY.cif,https://files.rcsb.org/download/11OY.cif,1,1,1,Experimental RCSB structure imported by bulk sync; resolution 2.022 A; ligand(s): A1C99;GG5;ZN; candidate for docking review.
MAPK14,1A9U,RCSB_PDB,experimental,X-ray,2.5,A,SB2,Homo sapiens,THE COMPLEX STRUCTURE OF THE MAP KINASE P38/SB203580,cif,data/target_db/cache/rcsb/MAPK14/1A9U.cif,https://files.rcsb.org/download/1A9U.cif,1,0,1,Experimental RCSB structure imported by bulk sync; resolution 2.5 A; ligand(s): SB2; candidate for docking review.
MAPK14,1BL6,RCSB_PDB,experimental,X-ray,2.5,A,SB6,Homo sapiens,THE COMPLEX STRUCTURE OF THE MAP KINASE P38/SB216995,cif,data/target_db/cache/rcsb/MAPK14/1BL6.cif,https://files.rcsb.org/download/1BL6.cif,1,0,1,Experimental RCSB structure imported by bulk sync; resolution 2.5 A; ligand(s): SB6; candidate for docking review.
MCL1,AF-Q07820-F1,AlphaFold,predicted,Predicted,,A,,Homo sapiens,AlphaFold predicted model for MCL1,cif,data/target_db/cache/alphafold/Q07820/AF-Q07820-F1-model_v6.cif,https://alphafold.ebi.ac.uk/files/AF-Q07820-F1-model_v6.cif,0,0,1,AlphaFold predicted model; useful as structural reference when experimental structures are unavailable.
MCL1,2KBW,RCSB_PDB,experimental,NMR,,A,,Homo sapiens,Solution Structure of human Mcl-1 complexed with human Bid_BH3 peptide,cif,data/target_db/cache/rcsb/MCL1/2KBW.cif,https://files.rcsb.org/download/2KBW.cif,0,1,1,Experimental RCSB structure imported by bulk sync.
MCL1,2MHS,RCSB_PDB,experimental,NMR,,A,,Homo sapiens,NMR Structure of human Mcl-1,cif,data/target_db/cache/rcsb/MCL1/2MHS.cif,https://files.rcsb.org/download/2MHS.cif,0,0,1,Experimental RCSB structure imported by bulk sync.
MCL1,2NL9,RCSB_PDB,experimental,X-ray,1.55,A,CL;ZN,Homo sapiens,Crystal structure of the Mcl-1:Bim BH3 complex,cif,data/target_db/cache/rcsb/MCL1/2NL9.cif,https://files.rcsb.org/download/2NL9.cif,1,0,1,Experimental RCSB structure imported by bulk sync; resolution 1.55 A; ligand(s): CL;ZN; candidate for docking review.
MDM2,AF-Q00987-F1,AlphaFold,predicted,Predicted,,A,,Homo sapiens,AlphaFold predicted model for MDM2,cif,data/target_db/cache/alphafold/Q00987/AF-Q00987-F1-model_v6.cif,https://alphafold.ebi.ac.uk/files/AF-Q00987-F1-model_v6.cif,0,0,1,AlphaFold predicted model; useful as structural reference when experimental structures are unavailable.
MDM2,1RV1,RCSB_PDB,experimental,X-ray,2.3,A;B;C,IMZ,Homo sapiens,CRYSTAL STRUCTURE OF HUMAN MDM2 WITH AN IMIDAZOLINE INHIBITOR,cif,data/target_db/cache/rcsb/MDM2/1RV1.cif,https://files.rcsb.org/download/1RV1.cif,1,0,1,Experimental RCSB structure imported by bulk sync; resolution 2.3 A; ligand(s): IMZ; candidate for docking review.
MDM2,1T4E,RCSB_PDB,experimental,X-ray,2.6,A;B,DIZ,Homo sapiens,Structure of Human MDM2 in complex with a Benzodiazepine Inhibitor,cif,data/target_db/cache/rcsb/MDM2/1T4E.cif,https://files.rcsb.org/download/1T4E.cif,1,1,1,Experimental RCSB structure imported by bulk sync; resolution 2.6 A; ligand(s): DIZ; candidate for docking review.
MDM2,1T4F,RCSB_PDB,experimental,X-ray,1.9,M,SO4,Homo sapiens,Structure of human MDM2 in complex with an optimized p53 peptide,cif,data/target_db/cache/rcsb/MDM2/1T4F.cif,https://files.rcsb.org/download/1T4F.cif,1,0,1,Experimental RCSB structure imported by bulk sync; resolution 1.9 A; ligand(s): SO4; candidate for docking review.
MDM2,1YCR,RCSB_PDB,experimental,X-ray,2.6,A,,Homo sapiens,MDM2 BOUND TO THE TRANSACTIVATION DOMAIN OF P53,cif,data/target_db/cache/rcsb/MDM2/1YCR.cif,https://files.rcsb.org/download/1YCR.cif,0,0,1,Experimental RCSB structure imported by bulk sync; resolution 2.6 A.
MDM2,1Z1M,RCSB_PDB,experimental,NMR,,A,,Homo sapiens,NMR structure of unliganded MDM2,cif,data/target_db/cache/rcsb/MDM2/1Z1M.cif,https://files.rcsb.org/download/1Z1M.cif,0,0,1,Experimental RCSB structure imported by bulk sync.
MET,AF-P08581-F1,AlphaFold,predicted,Predicted,,A,,Homo sapiens,AlphaFold predicted model for MET,cif,data/target_db/cache/alphafold/P08581/AF-P08581-F1-model_v6.cif,https://alphafold.ebi.ac.uk/files/AF-P08581-F1-model_v6.cif,0,0,1,AlphaFold predicted model; useful as structural reference when experimental structures are unavailable.
MET,1FYR,RCSB_PDB,experimental,X-ray,2.4,I;J;K;L,,Homo sapiens,DIMER FORMATION THROUGH DOMAIN SWAPPING IN THE CRYSTAL STRUCTURE OF THE GRB2-SH2 AC-PYVNV COMPLEX,cif,data/target_db/cache/rcsb/MET/1FYR.cif,https://files.rcsb.org/download/1FYR.cif,0,1,1,Experimental RCSB structure imported by bulk sync; resolution 2.4 A.
MET,1R0P,RCSB_PDB,experimental,X-ray,1.8,A,KSA,Homo sapiens,Crystal structure of the tyrosine kinase domain of the hepatocyte growth factor receptor c-Met in complex with the microbial alkaloid K-252a,cif,data/target_db/cache/rcsb/MET/1R0P.cif,https://files.rcsb.org/download/1R0P.cif,1,0,1,Experimental RCSB structure imported by bulk sync; resolution 1.8 A; ligand(s): KSA; candidate for docking review.
MET,1R1W,RCSB_PDB,experimental,X-ray,1.8,A,,Homo sapiens,CRYSTAL STRUCTURE OF THE TYROSINE KINASE DOMAIN OF THE HEPATOCYTE GROWTH FACTOR RECEPTOR C-MET,cif,data/target_db/cache/rcsb/MET/1R1W.cif,https://files.rcsb.org/download/1R1W.cif,0,0,1,Experimental RCSB structure imported by bulk sync; resolution 1.8 A.
MET,1SHY,RCSB_PDB,experimental,X-ray,3.22,B,,Homo sapiens,The Crystal Structure of HGF beta-chain in Complex with the Sema Domain of the Met Receptor.,cif,data/target_db/cache/rcsb/MET/1SHY.cif,https://files.rcsb.org/download/1SHY.cif,0,0,1,Experimental RCSB structure imported by bulk sync; resolution 3.22 A.
MET,1SSL,RCSB_PDB,experimental,NMR,,A,,Homo sapiens,Solution structure of the PSI domain from the Met receptor,cif,data/target_db/cache/rcsb/MET/1SSL.cif,https://files.rcsb.org/download/1SSL.cif,0,0,1,Experimental RCSB structure imported by bulk sync.
MET,3DKF,RCSB_PDB,experimental,X-ray,2.0,A,ANP,Homo sapiens,MET kinase domain,cif,data/target_db/cache/rcsb/MET/3DKF.cif,https://files.rcsb.org/download/3DKF.cif,1,1,1,Experimental RCSB structure; resolution 2.0 A; ligand(s): ANP; recommended for docking demo.
MMP2,AF-P08253-F1,AlphaFold,predicted,Predicted,,A,,Homo sapiens,AlphaFold predicted model for MMP2,cif,data/target_db/cache/alphafold/P08253/AF-P08253-F1-model_v6.cif,https://alphafold.ebi.ac.uk/files/AF-P08253-F1-model_v6.cif,0,0,1,AlphaFold predicted model; useful as structural reference when experimental structures are unavailable.
MMP2,1CK7,RCSB_PDB,experimental,X-ray,2.8,A,CA;CL;NA;SO4;ZN,Homo sapiens,GELATINASE A (FULL-LENGTH),cif,data/target_db/cache/rcsb/MMP2/1CK7.cif,https://files.rcsb.org/download/1CK7.cif,1,1,1,Experimental RCSB structure imported by bulk sync; resolution 2.8 A; ligand(s): CA;CL;NA;SO4;ZN; candidate for docking review.
MMP2,1CXW,RCSB_PDB,experimental,NMR,,A,,Homo sapiens,THE SECOND TYPE II MODULE FROM HUMAN MATRIX METALLOPROTEINASE 2,cif,data/target_db/cache/rcsb/MMP2/1CXW.cif,https://files.rcsb.org/download/1CXW.cif,0,0,1,Experimental RCSB structure imported by bulk sync.
MMP2,1EAK,RCSB_PDB,experimental,X-ray,2.66,A;B;C;D,CA;SO4;ZN,synthetic construct,Catalytic domain of proMMP-2 E404Q mutant,cif,data/target_db/cache/rcsb/MMP2/1EAK.cif,https://files.rcsb.org/download/1EAK.cif,1,0,1,Experimental RCSB structure imported by bulk sync; resolution 2.66 A; ligand(s): CA;SO4;ZN; candidate for docking review.
MMP9,AF-P14780-F1,AlphaFold,predicted,Predicted,,A,,Homo sapiens,AlphaFold predicted model for MMP9,cif,data/target_db/cache/alphafold/P14780/AF-P14780-F1-model_v6.cif,https://alphafold.ebi.ac.uk/files/AF-P14780-F1-model_v6.cif,0,0,1,AlphaFold predicted model; useful as structural reference when experimental structures are unavailable.
MMP9,1GKC,RCSB_PDB,experimental,X-ray,2.3,A;B,CA;NFH;ZN,Homo sapiens,MMP9-inhibitor complex,cif,data/target_db/cache/rcsb/MMP9/1GKC.cif,https://files.rcsb.org/download/1GKC.cif,1,1,1,Experimental RCSB structure imported by bulk sync; resolution 2.3 A; ligand(s): CA;NFH;ZN; candidate for docking review.
MMP9,1GKD,RCSB_PDB,experimental,X-ray,2.1,A;B,BUM;CA;STN;ZN,Homo sapiens,MMP9 active site mutant-inhibitor complex,cif,data/target_db/cache/rcsb/MMP9/1GKD.cif,https://files.rcsb.org/download/1GKD.cif,1,0,1,Experimental RCSB structure imported by bulk sync; resolution 2.1 A; ligand(s): BUM;CA;STN;ZN; candidate for docking review.
MMP9,1ITV,RCSB_PDB,experimental,X-ray,1.95,A;B,SO4,Homo sapiens,Dimeric form of the haemopexin domain of MMP9,cif,data/target_db/cache/rcsb/MMP9/1ITV.cif,https://files.rcsb.org/download/1ITV.cif,1,0,1,Experimental RCSB structure imported by bulk sync; resolution 1.95 A; ligand(s): SO4; candidate for docking review.
MTOR,AF-P42345-F1,AlphaFold,predicted,Predicted,,A,,Homo sapiens,AlphaFold predicted model for MTOR,cif,data/target_db/cache/alphafold/P42345/AF-P42345-F1-model_v6.cif,https://alphafold.ebi.ac.uk/files/AF-P42345-F1-model_v6.cif,0,0,1,AlphaFold predicted model; useful as structural reference when experimental structures are unavailable.
MTOR,1AUE,RCSB_PDB,experimental,X-ray,2.33,A;B,,Homo sapiens,FKBP-RAPAMYCIN BINDING DOMAIN (FRB) OF THE FKBP-RAPAMYCIN ASSOCIATED PROTEIN,cif,data/target_db/cache/rcsb/MTOR/1AUE.cif,https://files.rcsb.org/download/1AUE.cif,0,1,1,Experimental RCSB structure imported by bulk sync; resolution 2.33 A.
MTOR,1FAP,RCSB_PDB,experimental,X-ray,2.7,B,RAP,Homo sapiens,THE STRUCTURE OF THE IMMUNOPHILIN-IMMUNOSUPPRESSANT FKBP12-RAPAMYCIN COMPLEX INTERACTING WITH HUMAN FRAP,cif,data/target_db/cache/rcsb/MTOR/1FAP.cif,https://files.rcsb.org/download/1FAP.cif,1,0,1,Experimental RCSB structure imported by bulk sync; resolution 2.7 A; ligand(s): RAP; candidate for docking review.
MTOR,1NSG,RCSB_PDB,experimental,X-ray,2.2,B,RAD,Homo sapiens,THE STRUCTURE OF THE IMMUNOPHILIN-IMMUNOSUPPRESSANT FKBP12-RAPAMYCIN COMPLEX INTERACTING WITH HUMAN FRAP,cif,data/target_db/cache/rcsb/MTOR/1NSG.cif,https://files.rcsb.org/download/1NSG.cif,1,0,1,Experimental RCSB structure imported by bulk sync; resolution 2.2 A; ligand(s): RAD; candidate for docking review.
MTOR,2FAP,RCSB_PDB,experimental,X-ray,2.2,B,RAD,Homo sapiens,THE STRUCTURE OF THE IMMUNOPHILIN-IMMUNOSUPPRESSANT FKBP12-(C16)-ETHOXY RAPAMYCIN COMPLEX INTERACTING WITH HUMA,cif,data/target_db/cache/rcsb/MTOR/2FAP.cif,https://files.rcsb.org/download/2FAP.cif,1,0,1,Experimental RCSB structure imported by bulk sync; resolution 2.2 A; ligand(s): RAD; candidate for docking review.
MTOR,2GAQ,RCSB_PDB,experimental,NMR,,A,,Homo sapiens,NMR SOLUTION STRUCTURE OF THE FRB DOMAIN OF mTOR,cif,data/target_db/cache/rcsb/MTOR/2GAQ.cif,https://files.rcsb.org/download/2GAQ.cif,0,0,1,Experimental RCSB structure imported by bulk sync.
MYC,AF-P01106-F1,AlphaFold,predicted,Predicted,,A,,Homo sapiens,AlphaFold predicted model for MYC,cif,data/target_db/cache/alphafold/P01106/AF-P01106-F1-model_v6.cif,https://alphafold.ebi.ac.uk/files/AF-P01106-F1-model_v6.cif,0,0,1,AlphaFold predicted model; useful as structural reference when experimental structures are unavailable.
MYC,1A93,RCSB_PDB,experimental,NMR,,A,,Mus musculus,"NMR SOLUTION STRUCTURE OF THE C-MYC-MAX HETERODIMERIC LEUCINE ZIPPER, NMR, MINIMIZED AVERAGE STRUCTURE",cif,data/target_db/cache/rcsb/MYC/1A93.cif,https://files.rcsb.org/download/1A93.cif,0,1,1,Experimental RCSB structure imported by bulk sync.
MYC,1EE4,RCSB_PDB,experimental,X-ray,2.1,C;D;E;F,,Homo sapiens,CRYSTAL STRUCTURE OF YEAST KARYOPHERIN (IMPORTIN) ALPHA IN A COMPLEX WITH A C-MYC NLS PEPTIDE,cif,data/target_db/cache/rcsb/MYC/1EE4.cif,https://files.rcsb.org/download/1EE4.cif,0,0,1,Experimental RCSB structure imported by bulk sync; resolution 2.1 A.
MYC,1MV0,RCSB_PDB,experimental,NMR,,A,,Homo sapiens,NMR STRUCTURE OF THE TUMOR SUPPRESSOR BIN1: ALTERNATIVE SPLICING IN MELANOMA AND INTERACTION WITH C-MYC,cif,data/target_db/cache/rcsb/MYC/1MV0.cif,https://files.rcsb.org/download/1MV0.cif,0,0,1,Experimental RCSB structure imported by bulk sync.
MYC,1NKP,RCSB_PDB,experimental,X-ray,1.8,A;D,,Homo sapiens,Crystal structure of Myc-Max recognizing DNA,cif,data/target_db/cache/rcsb/MYC/1NKP.cif,https://files.rcsb.org/download/1NKP.cif,0,0,1,Experimental RCSB structure imported by bulk sync; resolution 1.8 A.
MYC,2A93,RCSB_PDB,experimental,NMR,,A,,Homo sapiens,"NMR SOLUTION STRUCTURE OF THE C-MYC-MAX HETERODIMERIC LEUCINE ZIPPER, 40 STRUCTURES",cif,data/target_db/cache/rcsb/MYC/2A93.cif,https://files.rcsb.org/download/2A93.cif,0,0,1,Experimental RCSB structure imported by bulk sync.
NAMPT,AF-P43490-F1,AlphaFold,predicted,Predicted,,A,,Homo sapiens,AlphaFold predicted model for NAMPT,cif,data/target_db/cache/alphafold/P43490/AF-P43490-F1-model_v6.cif,https://alphafold.ebi.ac.uk/files/AF-P43490-F1-model_v6.cif,0,0,1,AlphaFold predicted model; useful as structural reference when experimental structures are unavailable.
NAMPT,2E5B,RCSB_PDB,experimental,X-ray,2.0,A;B,,Homo sapiens,Crystal structure of Human NMPRTase as free-form,cif,data/target_db/cache/rcsb/NAMPT/2E5B.cif,https://files.rcsb.org/download/2E5B.cif,0,1,1,Experimental RCSB structure imported by bulk sync; resolution 2.0 A.
NAMPT,2E5C,RCSB_PDB,experimental,X-ray,2.2,A;B,PRP,Homo sapiens,Crystal structure of Human NMPRTase complexed with 5'-phosphoribosyl-1'-pyrophosphate,cif,data/target_db/cache/rcsb/NAMPT/2E5C.cif,https://files.rcsb.org/download/2E5C.cif,1,0,1,Experimental RCSB structure imported by bulk sync; resolution 2.2 A; ligand(s): PRP; candidate for docking review.
NAMPT,2E5D,RCSB_PDB,experimental,X-ray,2.0,A;B,NCA,Homo sapiens,Crystal structure of Human NMPRTase complexed with nicotinamide,cif,data/target_db/cache/rcsb/NAMPT/2E5D.cif,https://files.rcsb.org/download/2E5D.cif,1,0,1,Experimental RCSB structure imported by bulk sync; resolution 2.0 A; ligand(s): NCA; candidate for docking review.
NR3C1,AF-P04150-F1,AlphaFold,predicted,Predicted,,A,,Homo sapiens,AlphaFold predicted model for NR3C1,cif,data/target_db/cache/alphafold/P04150/AF-P04150-F1-model_v6.cif,https://alphafold.ebi.ac.uk/files/AF-P04150-F1-model_v6.cif,0,0,1,AlphaFold predicted model; useful as structural reference when experimental structures are unavailable.
NR3C1,1M2Z,RCSB_PDB,experimental,X-ray,2.5,A;D,BOG;DEX,Homo sapiens,Crystal structure of a dimer complex of the human glucocorticoid receptor ligand-binding domain bound to dexamethasone and a TIF2 coactivator motif,cif,data/target_db/cache/rcsb/NR3C1/1M2Z.cif,https://files.rcsb.org/download/1M2Z.cif,1,1,1,Experimental RCSB structure imported by bulk sync; resolution 2.5 A; ligand(s): BOG;DEX; candidate for docking review.
NR3C1,1NHZ,RCSB_PDB,experimental,X-ray,2.3,A,486;HEZ,Homo sapiens,Crystal Structure of the Antagonist Form of Glucocorticoid Receptor,cif,data/target_db/cache/rcsb/NR3C1/1NHZ.cif,https://files.rcsb.org/download/1NHZ.cif,1,0,1,Experimental RCSB structure imported by bulk sync; resolution 2.3 A; ligand(s): 486;HEZ; candidate for docking review.
NR3C1,1P93,RCSB_PDB,experimental,X-ray,2.7,A;B;C;D,DEX,Homo sapiens,CRYSTAL STRUCTURE OF THE AGONIST FORM OF GLUCOCORTICOID RECEPTOR,cif,data/target_db/cache/rcsb/NR3C1/1P93.cif,https://files.rcsb.org/download/1P93.cif,1,0,1,Experimental RCSB structure imported by bulk sync; resolution 2.7 A; ligand(s): DEX; candidate for docking review.
NTRK1,AF-P04629-F1,AlphaFold,predicted,Predicted,,A,,Homo sapiens,AlphaFold predicted model for NTRK1,cif,data/target_db/cache/alphafold/P04629/AF-P04629-F1-model_v6.cif,https://alphafold.ebi.ac.uk/files/AF-P04629-F1-model_v6.cif,0,0,1,AlphaFold predicted model; useful as structural reference when experimental structures are unavailable.
NTRK1,1HE7,RCSB_PDB,experimental,X-ray,2.0,A,GOL,Homo sapiens,Human Nerve growth factor receptor TrkA,cif,data/target_db/cache/rcsb/NTRK1/1HE7.cif,https://files.rcsb.org/download/1HE7.cif,1,1,1,Experimental RCSB structure imported by bulk sync; resolution 2.0 A; ligand(s): GOL; candidate for docking review.
NTRK1,1SHC,RCSB_PDB,experimental,NMR,,B,,Homo sapiens,"SHC PTB DOMAIN COMPLEXED WITH A TRKA RECEPTOR PHOSPHOPEPTIDE, NMR, MINIMIZED AVERAGE STRUCTURE",cif,data/target_db/cache/rcsb/NTRK1/1SHC.cif,https://files.rcsb.org/download/1SHC.cif,0,0,1,Experimental RCSB structure imported by bulk sync.
NTRK1,1WWA,RCSB_PDB,experimental,X-ray,2.5,X;Y,,Homo sapiens,NGF BINDING DOMAIN OF HUMAN TRKA RECEPTOR,cif,data/target_db/cache/rcsb/NTRK1/1WWA.cif,https://files.rcsb.org/download/1WWA.cif,0,0,1,Experimental RCSB structure imported by bulk sync; resolution 2.5 A.
NTRK2,AF-Q16620-F1,AlphaFold,predicted,Predicted,,A,,Homo sapiens,AlphaFold predicted model for NTRK2,cif,data/target_db/cache/alphafold/Q16620/AF-Q16620-F1-model_v6.cif,https://alphafold.ebi.ac.uk/files/AF-Q16620-F1-model_v6.cif,0,0,1,AlphaFold predicted model; useful as structural reference when experimental structures are unavailable.
NTRK2,1HCF,RCSB_PDB,experimental,X-ray,2.7,X;Y,SO4,Homo sapiens,Crystal structure of TrkB-d5 bound to neurotrophin-4/5,cif,data/target_db/cache/rcsb/NTRK2/1HCF.cif,https://files.rcsb.org/download/1HCF.cif,1,1,1,Experimental RCSB structure imported by bulk sync; resolution 2.7 A; ligand(s): SO4; candidate for docking review.
NTRK2,1WWB,RCSB_PDB,experimental,X-ray,2.1,X,,Homo sapiens,LIGAND BINDING DOMAIN OF HUMAN TRKB RECEPTOR,cif,data/target_db/cache/rcsb/NTRK2/1WWB.cif,https://files.rcsb.org/download/1WWB.cif,0,0,1,Experimental RCSB structure imported by bulk sync; resolution 2.1 A.
NTRK2,2MFQ,RCSB_PDB,experimental,NMR,,B,,Homo sapiens,NMR solution structures of FRS2a PTB domain with neurotrophin receptor TrkB,cif,data/target_db/cache/rcsb/NTRK2/2MFQ.cif,https://files.rcsb.org/download/2MFQ.cif,0,0,1,Experimental RCSB structure imported by bulk sync.
NTRK3,AF-Q16288-F1,AlphaFold,predicted,Predicted,,A,,Homo sapiens,AlphaFold predicted model for NTRK3,cif,data/target_db/cache/alphafold/Q16288/AF-Q16288-F1-model_v6.cif,https://alphafold.ebi.ac.uk/files/AF-Q16288-F1-model_v6.cif,0,0,1,AlphaFold predicted model; useful as structural reference when experimental structures are unavailable.
NTRK3,1WWC,RCSB_PDB,experimental,X-ray,1.9,A,,Homo sapiens,NT3 BINDING DOMAIN OF HUMAN TRKC RECEPTOR,cif,data/target_db/cache/rcsb/NTRK3/1WWC.cif,https://files.rcsb.org/download/1WWC.cif,0,1,1,Experimental RCSB structure imported by bulk sync; resolution 1.9 A.
NTRK3,3V5Q,RCSB_PDB,experimental,X-ray,2.2001,A;B,0F4;CL,Homo sapiens,Discovery of a selective TRK Inhibitor with efficacy in rodent cancer tumor models,cif,data/target_db/cache/rcsb/NTRK3/3V5Q.cif,https://files.rcsb.org/download/3V5Q.cif,1,0,1,Experimental RCSB structure imported by bulk sync; resolution 2.2001 A; ligand(s): 0F4;CL; candidate for docking review.
NTRK3,4YMJ,RCSB_PDB,experimental,X-ray,2.0,A;B,4EJ;CL;GOL,Homo sapiens,(R)-2-Phenylpyrrolidine Substitute Imidazopyridazines: a New Class of Potent and Selective Pan-TRK Inhibitors,cif,data/target_db/cache/rcsb/NTRK3/4YMJ.cif,https://files.rcsb.org/download/4YMJ.cif,1,0,1,Experimental RCSB structure imported by bulk sync; resolution 2.0 A; ligand(s): 4EJ;CL;GOL; candidate for docking review.
OPRM1,AF-P35372-F1,AlphaFold,predicted,Predicted,,A,,Homo sapiens,AlphaFold predicted model for OPRM1,cif,data/target_db/cache/alphafold/P35372/AF-P35372-F1-model_v6.cif,https://alphafold.ebi.ac.uk/files/AF-P35372-F1-model_v6.cif,0,0,1,AlphaFold predicted model; useful as structural reference when experimental structures are unavailable.
OPRM1,8EF5,RCSB_PDB,experimental,Cryo-EM,3.3,M;R,7V7;CLR,Homo sapiens,Fentanyl-bound mu-opioid receptor-Gi complex,cif,data/target_db/cache/rcsb/OPRM1/8EF5.cif,https://files.rcsb.org/download/8EF5.cif,1,1,1,Experimental RCSB structure imported by bulk sync; resolution 3.3 A; ligand(s): 7V7;CLR; candidate for docking review.
OPRM1,8EF6,RCSB_PDB,experimental,Cryo-EM,3.2,M;R,CLR;MOI,Homo sapiens,Morphine-bound mu-opioid receptor-Gi complex,cif,data/target_db/cache/rcsb/OPRM1/8EF6.cif,https://files.rcsb.org/download/8EF6.cif,1,0,1,Experimental RCSB structure imported by bulk sync; resolution 3.2 A; ligand(s): CLR;MOI; candidate for docking review.
OPRM1,8EFB,RCSB_PDB,experimental,Cryo-EM,3.2,R,WH2,Homo sapiens,Oliceridine-bound mu-opioid receptor-Gi complex,cif,data/target_db/cache/rcsb/OPRM1/8EFB.cif,https://files.rcsb.org/download/8EFB.cif,1,0,1,Experimental RCSB structure imported by bulk sync; resolution 3.2 A; ligand(s): WH2; candidate for docking review.
OPRM1,8EFL,RCSB_PDB,experimental,Cryo-EM,3.2,M;R,CLR;WH9,Homo sapiens,SR17018-bound mu-opioid receptor-Gi complex,cif,data/target_db/cache/rcsb/OPRM1/8EFL.cif,https://files.rcsb.org/download/8EFL.cif,1,0,1,Experimental RCSB structure imported by bulk sync; resolution 3.2 A; ligand(s): CLR;WH9; candidate for docking review.
OPRM1,8EFO,RCSB_PDB,experimental,Cryo-EM,2.8,M;R,8QY;CLR,Homo sapiens,PZM21-bound mu-opioid receptor-Gi complex,cif,data/target_db/cache/rcsb/OPRM1/8EFO.cif,https://files.rcsb.org/download/8EFO.cif,1,0,1,Experimental RCSB structure imported by bulk sync; resolution 2.8 A; ligand(s): 8QY;CLR; candidate for docking review.
PARP1,AF-P09874-F1,AlphaFold,predicted,Predicted,,A,,Homo sapiens,AlphaFold predicted model for PARP1,cif,data/target_db/cache/alphafold/P09874/AF-P09874-F1-model_v6.cif,https://alphafold.ebi.ac.uk/files/AF-P09874-F1-model_v6.cif,0,0,1,AlphaFold predicted model; useful as structural reference when experimental structures are unavailable.
PARP1,1UK0,RCSB_PDB,experimental,X-ray,3.0,A;B,FRM,Homo sapiens,Crystal structure of catalytic domain of human poly(ADP-ribose) polymerase with a novel inhibitor,cif,data/target_db/cache/rcsb/PARP1/1UK0.cif,https://files.rcsb.org/download/1UK0.cif,1,1,1,Experimental RCSB structure imported by bulk sync; resolution 3.0 A; ligand(s): FRM; candidate for docking review.
PARP1,1UK1,RCSB_PDB,experimental,X-ray,3.0,A;B,FRQ,Homo sapiens,Crystal structure of human poly(ADP-ribose) polymerase complexed with a potent inhibitor,cif,data/target_db/cache/rcsb/PARP1/1UK1.cif,https://files.rcsb.org/download/1UK1.cif,1,0,1,Experimental RCSB structure imported by bulk sync; resolution 3.0 A; ligand(s): FRQ; candidate for docking review.
PARP1,1WOK,RCSB_PDB,experimental,X-ray,3.0,A;B;C;D,CNQ,Homo sapiens,Crystal structure of catalytic domain of human poly(ADP-ribose) polymerase complexed with a quinoxaline-type inhibitor,cif,data/target_db/cache/rcsb/PARP1/1WOK.cif,https://files.rcsb.org/download/1WOK.cif,1,0,1,Experimental RCSB structure imported by bulk sync; resolution 3.0 A; ligand(s): CNQ; candidate for docking review.
PARP1,2COK,RCSB_PDB,experimental,NMR,,A,,Homo sapiens,Solution structure of BRCT domain of poly(ADP-ribose) polymerase-1,cif,data/target_db/cache/rcsb/PARP1/2COK.cif,https://files.rcsb.org/download/2COK.cif,0,0,1,Experimental RCSB structure imported by bulk sync.
PARP1,2CR9,RCSB_PDB,experimental,NMR,,A,,Homo sapiens,Solution structure of WGR domain of poly(ADP-ribose) polymerase-1,cif,data/target_db/cache/rcsb/PARP1/2CR9.cif,https://files.rcsb.org/download/2CR9.cif,0,0,1,Experimental RCSB structure imported by bulk sync.
PCSK9,AF-Q8NBP7-F1,AlphaFold,predicted,Predicted,,A,,Homo sapiens,AlphaFold predicted model for PCSK9,cif,data/target_db/cache/alphafold/Q8NBP7/AF-Q8NBP7-F1-model_v6.cif,https://alphafold.ebi.ac.uk/files/AF-Q8NBP7-F1-model_v6.cif,0,0,1,AlphaFold predicted model; useful as structural reference when experimental structures are unavailable.
PCSK9,2P4E,RCSB_PDB,experimental,X-ray,1.98,A;P,HG,Homo sapiens,Crystal Structure of PCSK9,cif,data/target_db/cache/rcsb/PCSK9/2P4E.cif,https://files.rcsb.org/download/2P4E.cif,1,1,1,Experimental RCSB structure imported by bulk sync; resolution 1.98 A; ligand(s): HG; candidate for docking review.
PCSK9,2PMW,RCSB_PDB,experimental,X-ray,2.3,A;B,SO4,Homo sapiens,The Crystal Structure of Proprotein convertase subtilisin kexin type 9 (PCSK9),cif,data/target_db/cache/rcsb/PCSK9/2PMW.cif,https://files.rcsb.org/download/2PMW.cif,1,0,1,Experimental RCSB structure imported by bulk sync; resolution 2.3 A; ligand(s): SO4; candidate for docking review.
PCSK9,2QTW,RCSB_PDB,experimental,X-ray,1.9,A;B,CA;NAG,Homo sapiens,The Crystal Structure of PCSK9 at 1.9 Angstroms Resolution Reveals structural homology to Resistin within the C-terminal domain,cif,data/target_db/cache/rcsb/PCSK9/2QTW.cif,https://files.rcsb.org/download/2QTW.cif,1,0,1,Experimental RCSB structure imported by bulk sync; resolution 1.9 A; ligand(s): CA;NAG; candidate for docking review.
PIK3CA,AF-P42336-F1,AlphaFold,predicted,Predicted,,A,,Homo sapiens,AlphaFold predicted model for PIK3CA,cif,data/target_db/cache/alphafold/P42336/AF-P42336-F1-model_v6.cif,https://alphafold.ebi.ac.uk/files/AF-P42336-F1-model_v6.cif,0,0,1,AlphaFold predicted model; useful as structural reference when experimental structures are unavailable.
PIK3CA,2ENQ,RCSB_PDB,experimental,NMR,,A,,Homo sapiens,Solution structure of the C2 domain from human PI3-kinase p110 subunit alpha,cif,data/target_db/cache/rcsb/PIK3CA/2ENQ.cif,https://files.rcsb.org/download/2ENQ.cif,0,1,1,Experimental RCSB structure imported by bulk sync.
PIK3CA,2RD0,RCSB_PDB,experimental,X-ray,3.05,A,,Homo sapiens,Structure of a human p110alpha/p85alpha complex,cif,data/target_db/cache/rcsb/PIK3CA/2RD0.cif,https://files.rcsb.org/download/2RD0.cif,0,0,1,Experimental RCSB structure imported by bulk sync; resolution 3.05 A.
PIK3CA,3HHM,RCSB_PDB,experimental,X-ray,2.8,A,KWT,Homo sapiens,Crystal structure of p110alpha H1047R mutant in complex with niSH2 of p85alpha and the drug wortmannin,cif,data/target_db/cache/rcsb/PIK3CA/3HHM.cif,https://files.rcsb.org/download/3HHM.cif,1,0,1,Experimental RCSB structure imported by bulk sync; resolution 2.8 A; ligand(s): KWT; candidate for docking review.
PIK3CA,3HIZ,RCSB_PDB,experimental,X-ray,3.3,A,,Homo sapiens,Crystal structure of p110alpha H1047R mutant in complex with niSH2 of p85alpha,cif,data/target_db/cache/rcsb/PIK3CA/3HIZ.cif,https://files.rcsb.org/download/3HIZ.cif,0,0,1,Experimental RCSB structure imported by bulk sync; resolution 3.3 A.
PIK3CA,3ZIM,RCSB_PDB,experimental,X-ray,2.85,A,KKR,Homo sapiens,Discovery of a potent and isoform-selective targeted covalent inhibitor of the lipid kinase PI3Kalpha,cif,data/target_db/cache/rcsb/PIK3CA/3ZIM.cif,https://files.rcsb.org/download/3ZIM.cif,1,0,1,Experimental RCSB structure imported by bulk sync; resolution 2.85 A; ligand(s): KKR; candidate for docking review.
PIK3CA,4JPS,RCSB_PDB,experimental,X-ray,2.8,A,ATP,Homo sapiens,PI3K alpha complex,cif,data/target_db/cache/rcsb/PIK3CA/4JPS.cif,https://files.rcsb.org/download/4JPS.cif,1,1,1,Experimental RCSB structure; resolution 2.8 A; ligand(s): ATP; recommended for docking demo.
PLK1,AF-P53350-F1,AlphaFold,predicted,Predicted,,A,,Homo sapiens,AlphaFold predicted model for PLK1,cif,data/target_db/cache/alphafold/P53350/AF-P53350-F1-model_v6.cif,https://alphafold.ebi.ac.uk/files/AF-P53350-F1-model_v6.cif,0,0,1,AlphaFold predicted model; useful as structural reference when experimental structures are unavailable.
PLK1,1Q4K,RCSB_PDB,experimental,X-ray,2.3,A;B;C,,Homo sapiens,The polo-box domain of Plk1 in complex with a phospho-peptide,cif,data/target_db/cache/rcsb/PLK1/1Q4K.cif,https://files.rcsb.org/download/1Q4K.cif,0,1,1,Experimental RCSB structure imported by bulk sync; resolution 2.3 A.
PLK1,1Q4O,RCSB_PDB,experimental,X-ray,2.2,A;B,,Homo sapiens,The structure of the polo box domain of human Plk1,cif,data/target_db/cache/rcsb/PLK1/1Q4O.cif,https://files.rcsb.org/download/1Q4O.cif,0,0,1,Experimental RCSB structure imported by bulk sync; resolution 2.2 A.
PLK1,1UMW,RCSB_PDB,experimental,X-ray,1.9,A;B,,synthetic construct,Structure of a human Plk1 Polo-box domain/phosphopeptide complex,cif,data/target_db/cache/rcsb/PLK1/1UMW.cif,https://files.rcsb.org/download/1UMW.cif,0,0,1,Experimental RCSB structure imported by bulk sync; resolution 1.9 A.
PPARG,AF-P37231-F1,AlphaFold,predicted,Predicted,,A,,Homo sapiens,AlphaFold predicted model for PPARG,cif,data/target_db/cache/alphafold/P37231/AF-P37231-F1-model_v6.cif,https://alphafold.ebi.ac.uk/files/AF-P37231-F1-model_v6.cif,0,0,1,AlphaFold predicted model; useful as structural reference when experimental structures are unavailable.
PPARG,1FM6,RCSB_PDB,experimental,X-ray,2.1,D;X,9CR;BRL,Homo sapiens,THE 2.1 ANGSTROM RESOLUTION CRYSTAL STRUCTURE OF THE HETERODIMER OF THE HUMAN RXRALPHA AND PPARGAMMA LIGAND BINDING DOMAINS RESPECTIVELY BOUND WITH 9-CIS RETINOIC ACID AND ROSIGLITAZONE AND CO-ACTIVATOR PEPTIDES.,cif,data/target_db/cache/rcsb/PPARG/1FM6.cif,https://files.rcsb.org/download/1FM6.cif,1,1,1,Experimental RCSB structure imported by bulk sync; resolution 2.1 A; ligand(s): 9CR;BRL; candidate for docking review.
PPARG,1FM9,RCSB_PDB,experimental,X-ray,2.1,D,570;9CR,Homo sapiens,THE 2.1 ANGSTROM RESOLUTION CRYSTAL STRUCTURE OF THE HETERODIMER OF THE HUMAN RXRALPHA AND PPARGAMMA LIGAND BINDING DOMAINS RESPECTIVELY BOUND WITH 9-CIS RETINOIC ACID AND GI262570 AND CO-ACTIVATOR PEPTIDES.,cif,data/target_db/cache/rcsb/PPARG/1FM9.cif,https://files.rcsb.org/download/1FM9.cif,1,0,1,Experimental RCSB structure imported by bulk sync; resolution 2.1 A; ligand(s): 570;9CR; candidate for docking review.
PPARG,1I7I,RCSB_PDB,experimental,X-ray,2.35,A;B,AZ2,Homo sapiens,CRYSTAL STRUCTURE OF THE LIGAND BINDING DOMAIN OF HUMAN PPAR-GAMMA IN COMPLEX WITH THE AGONIST AZ 242,cif,data/target_db/cache/rcsb/PPARG/1I7I.cif,https://files.rcsb.org/download/1I7I.cif,1,0,1,Experimental RCSB structure imported by bulk sync; resolution 2.35 A; ligand(s): AZ2; candidate for docking review.
PPARG,1K74,RCSB_PDB,experimental,X-ray,2.3,D,544;9CR,Homo sapiens,The 2.3 Angstrom resolution crystal structure of the heterodimer of the human PPARgamma and RXRalpha ligand binding domains respectively bound with GW409544 and 9-cis retinoic acid and co-activator peptides.,cif,data/target_db/cache/rcsb/PPARG/1K74.cif,https://files.rcsb.org/download/1K74.cif,1,0,1,Experimental RCSB structure imported by bulk sync; resolution 2.3 A; ligand(s): 544;9CR; candidate for docking review.
PPARG,1KNU,RCSB_PDB,experimental,X-ray,2.5,A;B,YPA,Homo sapiens,LIGAND BINDING DOMAIN OF THE HUMAN PEROXISOME PROLIFERATOR ACTIVATED RECEPTOR GAMMA IN COMPLEX WITH A SYNTHETIC AGONIST,cif,data/target_db/cache/rcsb/PPARG/1KNU.cif,https://files.rcsb.org/download/1KNU.cif,1,0,1,Experimental RCSB structure imported by bulk sync; resolution 2.5 A; ligand(s): YPA; candidate for docking review.
PRMT5,AF-O14744-F1,AlphaFold,predicted,Predicted,,A,,Homo sapiens,AlphaFold predicted model for PRMT5,cif,data/target_db/cache/alphafold/O14744/AF-O14744-F1-model_v6.cif,https://alphafold.ebi.ac.uk/files/AF-O14744-F1-model_v6.cif,0,0,1,AlphaFold predicted model; useful as structural reference when experimental structures are unavailable.
PRMT5,4GQB,RCSB_PDB,experimental,X-ray,2.06,A,0XU,Homo sapiens,Crystal Structure of the human PRMT5:MEP50 Complex,cif,data/target_db/cache/rcsb/PRMT5/4GQB.cif,https://files.rcsb.org/download/4GQB.cif,1,1,1,Experimental RCSB structure imported by bulk sync; resolution 2.06 A; ligand(s): 0XU; candidate for docking review.
PRMT5,4X60,RCSB_PDB,experimental,X-ray,2.35,A,3XV;GOL;SFG,Homo sapiens,Crystal structure of PRMT5:MEP50 with EPZ015666 and sinefungin,cif,data/target_db/cache/rcsb/PRMT5/4X60.cif,https://files.rcsb.org/download/4X60.cif,1,0,1,Experimental RCSB structure imported by bulk sync; resolution 2.35 A; ligand(s): 3XV;GOL;SFG; candidate for docking review.
PRMT5,4X61,RCSB_PDB,experimental,X-ray,2.85,A,3XV;GOL;SAM,Homo sapiens,Crystal structure of PRMT5:MEP50 with EPZ015666 and SAM,cif,data/target_db/cache/rcsb/PRMT5/4X61.cif,https://files.rcsb.org/download/4X61.cif,1,0,1,Experimental RCSB structure imported by bulk sync; resolution 2.85 A; ligand(s): 3XV;GOL;SAM; candidate for docking review.
PSMB5,AF-P28074-F1,AlphaFold,predicted,Predicted,,A,,Homo sapiens,AlphaFold predicted model for PSMB5,cif,data/target_db/cache/alphafold/P28074/AF-P28074-F1-model_v6.cif,https://alphafold.ebi.ac.uk/files/AF-P28074-F1-model_v6.cif,0,0,1,AlphaFold predicted model; useful as structural reference when experimental structures are unavailable.
PSMB5,22MM,RCSB_PDB,experimental,Cryo-EM,3.42,R;r,ADP;ATP;LDZ;MG;ZN,Homo sapiens,Structure of human 26S proteasome complexed with midnolin(1-111+337-468),cif,data/target_db/cache/rcsb/PSMB5/22MM.cif,https://files.rcsb.org/download/22MM.cif,1,1,1,Experimental RCSB structure imported by bulk sync; resolution 3.42 A; ligand(s): ADP;ATP;LDZ;MG;ZN; candidate for docking review.
PSMB5,4R3O,RCSB_PDB,experimental,X-ray,2.6,L;Z,,Homo sapiens,Human Constitutive 20S Proteasome,cif,data/target_db/cache/rcsb/PSMB5/4R3O.cif,https://files.rcsb.org/download/4R3O.cif,0,0,1,Experimental RCSB structure imported by bulk sync; resolution 2.6 A.
PSMB5,4R67,RCSB_PDB,experimental,X-ray,2.89,3;L;Z;n,3BV,Homo sapiens,Human constitutive 20S proteasome in complex with carfilzomib,cif,data/target_db/cache/rcsb/PSMB5/4R67.cif,https://files.rcsb.org/download/4R67.cif,1,0,1,Experimental RCSB structure imported by bulk sync; resolution 2.89 A; ligand(s): 3BV; candidate for docking review.
PTGS1,AF-P23219-F1,AlphaFold,predicted,Predicted,,A,,Homo sapiens,AlphaFold predicted model for PTGS1,cif,data/target_db/cache/alphafold/P23219/AF-P23219-F1-model_v6.cif,https://alphafold.ebi.ac.uk/files/AF-P23219-F1-model_v6.cif,0,0,1,AlphaFold predicted model; useful as structural reference when experimental structures are unavailable.
PTGS1,6Y3C,RCSB_PDB,experimental,X-ray,3.361,A,FLC,Homo sapiens,Human COX-1 Crystal Structure,cif,data/target_db/cache/rcsb/PTGS1/6Y3C.cif,https://files.rcsb.org/download/6Y3C.cif,1,1,1,Experimental RCSB structure imported by bulk sync; resolution 3.361 A; ligand(s): FLC; candidate for docking review.
PTGS2,AF-P35354-F1,AlphaFold,predicted,Predicted,,A,,Homo sapiens,AlphaFold predicted model for PTGS2,cif,data/target_db/cache/alphafold/P35354/AF-P35354-F1-model_v6.cif,https://alphafold.ebi.ac.uk/files/AF-P35354-F1-model_v6.cif,0,0,1,AlphaFold predicted model; useful as structural reference when experimental structures are unavailable.
PTGS2,5F19,RCSB_PDB,experimental,X-ray,2.04,A;B,AKR;BOG;COH;EDO;NAG,Homo sapiens,The Crystal Structure of Aspirin Acetylated Human Cyclooxygenase-2,cif,data/target_db/cache/rcsb/PTGS2/5F19.cif,https://files.rcsb.org/download/5F19.cif,1,1,1,Experimental RCSB structure imported by bulk sync; resolution 2.04 A; ligand(s): AKR;BOG;COH;EDO;NAG; candidate for docking review.
PTGS2,5F1A,RCSB_PDB,experimental,X-ray,2.38,A;B,AKR;BOG;COH;EDO;NAG;SAL,Homo sapiens,The Crystal Structure of Salicylate Bound to Human Cyclooxygenase-2,cif,data/target_db/cache/rcsb/PTGS2/5F1A.cif,https://files.rcsb.org/download/5F1A.cif,1,0,1,Experimental RCSB structure imported by bulk sync; resolution 2.38 A; ligand(s): AKR;BOG;COH;EDO;NAG;SAL; candidate for docking review.
PTGS2,5IKQ,RCSB_PDB,experimental,X-ray,2.41,A;B,AKR;BOG;COH;JMS;NAG,Homo sapiens,The Structure of Meclofenamic Acid Bound to Human Cyclooxygenase-2,cif,data/target_db/cache/rcsb/PTGS2/5IKQ.cif,https://files.rcsb.org/download/5IKQ.cif,1,0,1,Experimental RCSB structure imported by bulk sync; resolution 2.41 A; ligand(s): AKR;BOG;COH;JMS;NAG; candidate for docking review.
PTGS2,5IKR,RCSB_PDB,experimental,X-ray,2.342,A;B,BOG;COH;ID8;NAG;NH4,Homo sapiens,The Structure of Mefenamic Acid Bound to Human Cyclooxygenase-2,cif,data/target_db/cache/rcsb/PTGS2/5IKR.cif,https://files.rcsb.org/download/5IKR.cif,1,0,1,Experimental RCSB structure imported by bulk sync; resolution 2.342 A; ligand(s): BOG;COH;ID8;NAG;NH4; candidate for docking review.
PTGS2,5IKT,RCSB_PDB,experimental,X-ray,2.451,A;B,COH;NAG;PO4;TLF,Homo sapiens,The Structure of Tolfenamic Acid Bound to Human Cyclooxygenase-2,cif,data/target_db/cache/rcsb/PTGS2/5IKT.cif,https://files.rcsb.org/download/5IKT.cif,1,0,1,Experimental RCSB structure imported by bulk sync; resolution 2.451 A; ligand(s): COH;NAG;PO4;TLF; candidate for docking review.
RARA,AF-P10276-F1,AlphaFold,predicted,Predicted,,A,,Homo sapiens,AlphaFold predicted model for RARA,cif,data/target_db/cache/alphafold/P10276/AF-P10276-F1-model_v6.cif,https://alphafold.ebi.ac.uk/files/AF-P10276-F1-model_v6.cif,0,0,1,AlphaFold predicted model; useful as structural reference when experimental structures are unavailable.
RARA,1DKF,RCSB_PDB,experimental,X-ray,2.5,B,BMS;OLA,Homo sapiens,CRYSTAL STRUCTURE OF A HETERODIMERIC COMPLEX OF RAR AND RXR LIGAND-BINDING DOMAINS,cif,data/target_db/cache/rcsb/RARA/1DKF.cif,https://files.rcsb.org/download/1DKF.cif,1,1,1,Experimental RCSB structure imported by bulk sync; resolution 2.5 A; ligand(s): BMS;OLA; candidate for docking review.
RARA,1DSZ,RCSB_PDB,experimental,X-ray,1.7,A,ZN,Homo sapiens,STRUCTURE OF THE RXR/RAR DNA-BINDING DOMAIN HETERODIMER IN COMPLEX WITH THE RETINOIC ACID RESPONSE ELEMENT DR1,cif,data/target_db/cache/rcsb/RARA/1DSZ.cif,https://files.rcsb.org/download/1DSZ.cif,1,0,1,Experimental RCSB structure imported by bulk sync; resolution 1.7 A; ligand(s): ZN; candidate for docking review.
RARA,3A9E,RCSB_PDB,experimental,X-ray,2.75,B,754;REA,Mus musculus,Crystal structure of a mixed agonist-bound RAR-alpha and antagonist-bound RXR-alpha heterodimer ligand binding domains,cif,data/target_db/cache/rcsb/RARA/3A9E.cif,https://files.rcsb.org/download/3A9E.cif,1,0,1,Experimental RCSB structure imported by bulk sync; resolution 2.75 A; ligand(s): 754;REA; candidate for docking review.
RET,AF-P07949-F1,AlphaFold,predicted,Predicted,,A,,Homo sapiens,AlphaFold predicted model for RET,cif,data/target_db/cache/alphafold/P07949/AF-P07949-F1-model_v6.cif,https://alphafold.ebi.ac.uk/files/AF-P07949-F1-model_v6.cif,0,0,1,AlphaFold predicted model; useful as structural reference when experimental structures are unavailable.
RET,2IVS,RCSB_PDB,experimental,X-ray,2.0,A;B,ACK;FMT,Homo sapiens,Crystal structure of non-phosphorylated RET tyrosine kinase domain,cif,data/target_db/cache/rcsb/RET/2IVS.cif,https://files.rcsb.org/download/2IVS.cif,1,1,1,Experimental RCSB structure imported by bulk sync; resolution 2.0 A; ligand(s): ACK;FMT; candidate for docking review.
RET,2IVT,RCSB_PDB,experimental,X-ray,2.6,A,AMP;FMT,Homo sapiens,Crystal structure of phosphorylated RET tyrosine kinase domain,cif,data/target_db/cache/rcsb/RET/2IVT.cif,https://files.rcsb.org/download/2IVT.cif,1,0,1,Experimental RCSB structure imported by bulk sync; resolution 2.6 A; ligand(s): AMP;FMT; candidate for docking review.
RET,2IVU,RCSB_PDB,experimental,X-ray,2.5,A,FMT;ZD6,Homo sapiens,Crystal structure of phosphorylated RET tyrosine kinase domain complexed with the inhibitor ZD6474,cif,data/target_db/cache/rcsb/RET/2IVU.cif,https://files.rcsb.org/download/2IVU.cif,1,0,1,Experimental RCSB structure imported by bulk sync; resolution 2.5 A; ligand(s): FMT;ZD6; candidate for docking review.
RET,2IVV,RCSB_PDB,experimental,X-ray,2.25,A,FMT;PP1,Homo sapiens,Crystal structure of phosphorylated RET tyrosine kinase domain complexed with the inhibitor PP1,cif,data/target_db/cache/rcsb/RET/2IVV.cif,https://files.rcsb.org/download/2IVV.cif,1,0,1,Experimental RCSB structure imported by bulk sync; resolution 2.25 A; ligand(s): FMT;PP1; candidate for docking review.
RET,2X2K,RCSB_PDB,experimental,X-ray,2.6,A,FMT;X2K,Homo sapiens,Crystal Structure of phosphorylated RET tyrosine kinase domain with inhibitor,cif,data/target_db/cache/rcsb/RET/2X2K.cif,https://files.rcsb.org/download/2X2K.cif,1,0,1,Experimental RCSB structure imported by bulk sync; resolution 2.6 A; ligand(s): FMT;X2K; candidate for docking review.
RIPK1,AF-Q13546-F1,AlphaFold,predicted,Predicted,,A,,Homo sapiens,AlphaFold predicted model for RIPK1,cif,data/target_db/cache/alphafold/Q13546/AF-Q13546-F1-model_v6.cif,https://alphafold.ebi.ac.uk/files/AF-Q13546-F1-model_v6.cif,0,0,1,AlphaFold predicted model; useful as structural reference when experimental structures are unavailable.
RIPK1,24IB,RCSB_PDB,experimental,X-ray,2.05,A;B,A1E6Q,Homo sapiens,Crystal structure of human RIPK1 kinase domain in complex with compound HR10,cif,data/target_db/cache/rcsb/RIPK1/24IB.cif,https://files.rcsb.org/download/24IB.cif,1,1,1,Experimental RCSB structure imported by bulk sync; resolution 2.05 A; ligand(s): A1E6Q; candidate for docking review.
RIPK1,24IC,RCSB_PDB,experimental,X-ray,2.7,A;B,A1E6R,Homo sapiens,Crystal structure of human RIPK1 kinase domain in complex with compound HR97,cif,data/target_db/cache/rcsb/RIPK1/24IC.cif,https://files.rcsb.org/download/24IC.cif,1,0,1,Experimental RCSB structure imported by bulk sync; resolution 2.7 A; ligand(s): A1E6R; candidate for docking review.
RIPK1,4ITH,RCSB_PDB,experimental,X-ray,2.25,A;B,IOD;NA;RCM,Homo sapiens,Crystal structure of RIP1 kinase in complex with necrostatin-1 analog,cif,data/target_db/cache/rcsb/RIPK1/4ITH.cif,https://files.rcsb.org/download/4ITH.cif,1,0,1,Experimental RCSB structure imported by bulk sync; resolution 2.25 A; ligand(s): IOD;NA;RCM; candidate for docking review.
ROCK1,AF-Q13464-F1,AlphaFold,predicted,Predicted,,A,,Homo sapiens,AlphaFold predicted model for ROCK1,cif,data/target_db/cache/alphafold/Q13464/AF-Q13464-F1-model_v6.cif,https://alphafold.ebi.ac.uk/files/AF-Q13464-F1-model_v6.cif,0,0,1,AlphaFold predicted model; useful as structural reference when experimental structures are unavailable.
ROCK1,1S1C,RCSB_PDB,experimental,X-ray,2.6,X;Y,GNP;MG,Homo sapiens,Crystal structure of the complex between the human RhoA and Rho-binding domain of human ROCKI,cif,data/target_db/cache/rcsb/ROCK1/1S1C.cif,https://files.rcsb.org/download/1S1C.cif,1,1,1,Experimental RCSB structure imported by bulk sync; resolution 2.6 A; ligand(s): GNP;MG; candidate for docking review.
ROCK1,2ESM,RCSB_PDB,experimental,X-ray,3.2,A;B,M77,Homo sapiens,Crystal Structure of ROCK 1 bound to fasudil,cif,data/target_db/cache/rcsb/ROCK1/2ESM.cif,https://files.rcsb.org/download/2ESM.cif,1,0,1,Experimental RCSB structure imported by bulk sync; resolution 3.2 A; ligand(s): M77; candidate for docking review.
ROCK1,2ETK,RCSB_PDB,experimental,X-ray,2.96,A;B,HFS,Homo sapiens,Crystal Structure of ROCK 1 bound to hydroxyfasudil,cif,data/target_db/cache/rcsb/ROCK1/2ETK.cif,https://files.rcsb.org/download/2ETK.cif,1,0,1,Experimental RCSB structure imported by bulk sync; resolution 2.96 A; ligand(s): HFS; candidate for docking review.
ROCK2,AF-O75116-F1,AlphaFold,predicted,Predicted,,A,,Homo sapiens,AlphaFold predicted model for ROCK2,cif,data/target_db/cache/alphafold/O75116/AF-O75116-F1-model_v6.cif,https://alphafold.ebi.ac.uk/files/AF-O75116-F1-model_v6.cif,0,0,1,AlphaFold predicted model; useful as structural reference when experimental structures are unavailable.
ROCK2,4L6Q,RCSB_PDB,experimental,X-ray,2.79,A;B,1WU,Homo sapiens,ROCK2 in complex with benzoxaborole,cif,data/target_db/cache/rcsb/ROCK2/4L6Q.cif,https://files.rcsb.org/download/4L6Q.cif,1,1,1,Experimental RCSB structure imported by bulk sync; resolution 2.79 A; ligand(s): 1WU; candidate for docking review.
ROCK2,4WOT,RCSB_PDB,experimental,X-ray,2.93,A;B;C;D,3SG,Homo sapiens,ROCK2 IN COMPLEX WITH 1426382-07-1,cif,data/target_db/cache/rcsb/ROCK2/4WOT.cif,https://files.rcsb.org/download/4WOT.cif,1,0,1,Experimental RCSB structure imported by bulk sync; resolution 2.93 A; ligand(s): 3SG; candidate for docking review.
ROCK2,5U7Q,RCSB_PDB,experimental,X-ray,3.15,A;B;C;D,,Homo sapiens,"Identification of A New Class of Potent Cdc7 Inhibitors Designed by Putative Pharmacophore Model: Synthesis and Biological Evaluation of 2,3-Dihydrothieno[3,2-d]pyrimidin-4(1H)-ones",cif,data/target_db/cache/rcsb/ROCK2/5U7Q.cif,https://files.rcsb.org/download/5U7Q.cif,0,0,1,Experimental RCSB structure imported by bulk sync; resolution 3.15 A.
ROS1,AF-P08922-F1,AlphaFold,predicted,Predicted,,A,,Homo sapiens,AlphaFold predicted model for ROS1,cif,data/target_db/cache/alphafold/P08922/AF-P08922-F1-model_v6.cif,https://alphafold.ebi.ac.uk/files/AF-P08922-F1-model_v6.cif,0,0,1,AlphaFold predicted model; useful as structural reference when experimental structures are unavailable.
ROS1,3ZBF,RCSB_PDB,experimental,X-ray,2.2,A,VGH,Homo sapiens,Structure of Human ROS1 Kinase Domain in Complex with Crizotinib,cif,data/target_db/cache/rcsb/ROS1/3ZBF.cif,https://files.rcsb.org/download/3ZBF.cif,1,1,1,Experimental RCSB structure imported by bulk sync; resolution 2.2 A; ligand(s): VGH; candidate for docking review.
ROS1,4UXL,RCSB_PDB,experimental,X-ray,2.4,A,5P8,Homo sapiens,Structure of Human ROS1 Kinase Domain in Complex with PF-06463922,cif,data/target_db/cache/rcsb/ROS1/4UXL.cif,https://files.rcsb.org/download/4UXL.cif,1,0,1,Experimental RCSB structure imported by bulk sync; resolution 2.4 A; ligand(s): 5P8; candidate for docking review.
ROS1,7Z5W,RCSB_PDB,experimental,X-ray,2.254,A;B,IDW;SO4,Homo sapiens,ROS1 with AstraZeneca ligand 1,cif,data/target_db/cache/rcsb/ROS1/7Z5W.cif,https://files.rcsb.org/download/7Z5W.cif,1,0,1,Experimental RCSB structure imported by bulk sync; resolution 2.254 A; ligand(s): IDW;SO4; candidate for docking review.
ROS1,7Z5X,RCSB_PDB,experimental,X-ray,2.035,A;B,AWJ,Homo sapiens,ROS1 with AstraZeneca ligand 2,cif,data/target_db/cache/rcsb/ROS1/7Z5X.cif,https://files.rcsb.org/download/7Z5X.cif,1,0,1,Experimental RCSB structure imported by bulk sync; resolution 2.035 A; ligand(s): AWJ; candidate for docking review.
ROS1,9QEK,RCSB_PDB,experimental,X-ray,2.205,A,A1I6Z;EDO,Homo sapiens,Structure of Human ROS1 Kinase Domain Harboring the G2032R Solvent-front Mutation in Complex with Zidesamtinib (NVL-520),cif,data/target_db/cache/rcsb/ROS1/9QEK.cif,https://files.rcsb.org/download/9QEK.cif,1,0,1,Experimental RCSB structure imported by bulk sync; resolution 2.205 A; ligand(s): A1I6Z;EDO; candidate for docking review.
S1PR1,AF-P21453-F1,AlphaFold,predicted,Predicted,,A,,Homo sapiens,AlphaFold predicted model for S1PR1,cif,data/target_db/cache/alphafold/P21453/AF-P21453-F1-model_v6.cif,https://alphafold.ebi.ac.uk/files/AF-P21453-F1-model_v6.cif,0,0,1,AlphaFold predicted model; useful as structural reference when experimental structures are unavailable.
S1PR1,3V2W,RCSB_PDB,experimental,X-ray,3.35,A,ML5;NAG,Homo sapiens,Crystal Structure of a Lipid G protein-Coupled Receptor at 3.35A,cif,data/target_db/cache/rcsb/S1PR1/3V2W.cif,https://files.rcsb.org/download/3V2W.cif,1,1,1,Experimental RCSB structure imported by bulk sync; resolution 3.35 A; ligand(s): ML5;NAG; candidate for docking review.
S1PR1,3V2Y,RCSB_PDB,experimental,X-ray,2.8,A,ML5;NAG,Homo sapiens,Crystal Structure of a Lipid G protein-Coupled Receptor at 2.80A,cif,data/target_db/cache/rcsb/S1PR1/3V2Y.cif,https://files.rcsb.org/download/3V2Y.cif,1,0,1,Experimental RCSB structure imported by bulk sync; resolution 2.8 A; ligand(s): ML5;NAG; candidate for docking review.
S1PR1,7EO2,RCSB_PDB,experimental,Cryo-EM,2.89,A,J89,Homo sapiens,Cryo-EM of Sphingosine 1-phosphate receptor 1 / Gi complex bound to FTY720p,cif,data/target_db/cache/rcsb/S1PR1/7EO2.cif,https://files.rcsb.org/download/7EO2.cif,1,0,1,Experimental RCSB structure imported by bulk sync; resolution 2.89 A; ligand(s): J89; candidate for docking review.
SLC6A3,AF-Q01959-F1,AlphaFold,predicted,Predicted,,A,,Homo sapiens,AlphaFold predicted model for SLC6A3,cif,data/target_db/cache/alphafold/Q01959/AF-Q01959-F1-model_v6.cif,https://alphafold.ebi.ac.uk/files/AF-Q01959-F1-model_v6.cif,0,0,1,AlphaFold predicted model; useful as structural reference when experimental structures are unavailable.
SLC6A3,8VBY,RCSB_PDB,experimental,Cryo-EM,3.19,A,42L;A1AAF;D10;D12;HP6;LNK;MYS;NA;NAG;OCT;Y01;ZN,Homo sapiens,"Structure of the human dopamine transporter in complex with beta-CFT, MRS7292 and divalent zinc",cif,data/target_db/cache/rcsb/SLC6A3/8VBY.cif,https://files.rcsb.org/download/8VBY.cif,1,1,1,Experimental RCSB structure imported by bulk sync; resolution 3.19 A; ligand(s): 42L;A1AAF;D10;D12;HP6;LNK;MYS;NA; candidate for docking review.
SLC6A3,8Y2C,RCSB_PDB,experimental,Cryo-EM,3.16,A,NAG,Homo sapiens,Cryo-EM structure of human dopamine transporter in apo state,cif,data/target_db/cache/rcsb/SLC6A3/8Y2C.cif,https://files.rcsb.org/download/8Y2C.cif,1,0,1,Experimental RCSB structure imported by bulk sync; resolution 3.16 A; ligand(s): NAG; candidate for docking review.
SLC6A3,8Y2D,RCSB_PDB,experimental,Cryo-EM,2.8,A,CL;LDP;NA,Homo sapiens,Cryo-EM structure of human dopamine transporter in complex with dopamine,cif,data/target_db/cache/rcsb/SLC6A3/8Y2D.cif,https://files.rcsb.org/download/8Y2D.cif,1,0,1,Experimental RCSB structure imported by bulk sync; resolution 2.8 A; ligand(s): CL;LDP;NA; candidate for docking review.
SLC6A4,AF-P31645-F1,AlphaFold,predicted,Predicted,,A,,Homo sapiens,AlphaFold predicted model for SLC6A4,cif,data/target_db/cache/alphafold/P31645/AF-P31645-F1-model_v6.cif,https://alphafold.ebi.ac.uk/files/AF-P31645-F1-model_v6.cif,0,0,1,AlphaFold predicted model; useful as structural reference when experimental structures are unavailable.
SLC6A4,5I6X,RCSB_PDB,experimental,X-ray,3.14,A,8PR;CL;CLR;LMT;NA;NAG,Mus musculus,X-ray structure of the ts3 human serotonin transporter complexed with paroxetine at the central site,cif,data/target_db/cache/rcsb/SLC6A4/5I6X.cif,https://files.rcsb.org/download/5I6X.cif,1,1,1,Experimental RCSB structure imported by bulk sync; resolution 3.14 A; ligand(s): 8PR;CL;CLR;LMT;NA;NAG; candidate for docking review.
SLC6A4,5I6Z,RCSB_PDB,experimental,X-ray,4.53,A,NAG,Homo sapiens,X-ray structure of the ts2 human serotonin transporter,cif,data/target_db/cache/rcsb/SLC6A4/5I6Z.cif,https://files.rcsb.org/download/5I6Z.cif,1,0,1,Experimental RCSB structure imported by bulk sync; resolution 4.53 A; ligand(s): NAG; candidate for docking review.
SLC6A4,5I71,RCSB_PDB,experimental,X-ray,3.15,A,68P;CLR;D12;HEX;NA;NAG,Mus musculus,X-ray structure of the ts3 human serotonin transporter complexed with s-citalopram at the central site,cif,data/target_db/cache/rcsb/SLC6A4/5I71.cif,https://files.rcsb.org/download/5I71.cif,1,0,1,Experimental RCSB structure imported by bulk sync; resolution 3.15 A; ligand(s): 68P;CLR;D12;HEX;NA;NAG; candidate for docking review.
SRC,AF-P12931-F1,AlphaFold,predicted,Predicted,,A,,Homo sapiens,AlphaFold predicted model for SRC,cif,data/target_db/cache/alphafold/P12931/AF-P12931-F1-model_v6.cif,https://alphafold.ebi.ac.uk/files/AF-P12931-F1-model_v6.cif,0,0,1,AlphaFold predicted model; useful as structural reference when experimental structures are unavailable.
SRC,1A07,RCSB_PDB,experimental,X-ray,2.2,A;B,,Homo sapiens,"C-SRC (SH2 DOMAIN) COMPLEXED WITH ACE-MALONYL TYR-GLU-(N,N-DIPENTYL AMINE)",cif,data/target_db/cache/rcsb/SRC/1A07.cif,https://files.rcsb.org/download/1A07.cif,0,1,1,Experimental RCSB structure imported by bulk sync; resolution 2.2 A.
SRC,1A08,RCSB_PDB,experimental,X-ray,2.2,A;B,,Homo sapiens,"C-SRC (SH2 DOMAIN) COMPLEXED WITH ACE-DIFLUORO PHOSPHOTYR-GLU-(N,N-DIPENTYL AMINE)",cif,data/target_db/cache/rcsb/SRC/1A08.cif,https://files.rcsb.org/download/1A08.cif,0,0,1,Experimental RCSB structure imported by bulk sync; resolution 2.2 A.
SRC,1A09,RCSB_PDB,experimental,X-ray,2.0,A;B,,Homo sapiens,"C-src (SH2 domain) complexed with ace-formyl phosphotyr-glu-(n,n-dipentyl amine)",cif,data/target_db/cache/rcsb/SRC/1A09.cif,https://files.rcsb.org/download/1A09.cif,0,0,1,Experimental RCSB structure imported by bulk sync; resolution 2.0 A.
SRC,1A1A,RCSB_PDB,experimental,X-ray,2.0,A;B,,Homo sapiens,"C-SRC (SH2 DOMAIN WITH C188A MUTATION) COMPLEXED WITH ACE-FORMYL PHOSPHOTYR-GLU-(N,N-DIPENTYL AMINE)",cif,data/target_db/cache/rcsb/SRC/1A1A.cif,https://files.rcsb.org/download/1A1A.cif,0,0,1,Experimental RCSB structure imported by bulk sync; resolution 2.0 A.
SRC,1A1B,RCSB_PDB,experimental,X-ray,2.2,A;B,,Homo sapiens,"C-SRC (SH2 DOMAIN) COMPLEXED WITH ACE-PHOSPHOTYR-GLU-(N,N-DIPENTYL AMINE)",cif,data/target_db/cache/rcsb/SRC/1A1B.cif,https://files.rcsb.org/download/1A1B.cif,0,0,1,Experimental RCSB structure imported by bulk sync; resolution 2.2 A.
SYK,AF-P43405-F1,AlphaFold,predicted,Predicted,,A,,Homo sapiens,AlphaFold predicted model for SYK,cif,data/target_db/cache/alphafold/P43405/AF-P43405-F1-model_v6.cif,https://alphafold.ebi.ac.uk/files/AF-P43405-F1-model_v6.cif,0,0,1,AlphaFold predicted model; useful as structural reference when experimental structures are unavailable.
SYK,1A81,RCSB_PDB,experimental,X-ray,3.0,A;C;E;G;I;K,,Homo sapiens,CRYSTAL STRUCTURE OF THE TANDEM SH2 DOMAIN OF THE SYK KINASE BOUND TO A DUALLY TYROSINE-PHOSPHORYLATED ITAM,cif,data/target_db/cache/rcsb/SYK/1A81.cif,https://files.rcsb.org/download/1A81.cif,0,1,1,Experimental RCSB structure imported by bulk sync; resolution 3.0 A.
SYK,1CSY,RCSB_PDB,experimental,NMR,,A,,Homo sapiens,"SYK TYROSINE KINASE C-TERMINAL SH2 DOMAIN COMPLEXED WITH A PHOSPHOPEPTIDEFROM THE GAMMA CHAIN OF THE HIGH AFFINITY IMMUNOGLOBIN G RECEPTOR, NMR",cif,data/target_db/cache/rcsb/SYK/1CSY.cif,https://files.rcsb.org/download/1CSY.cif,0,0,1,Experimental RCSB structure imported by bulk sync.
SYK,1CSZ,RCSB_PDB,experimental,NMR,,A,,Homo sapiens,"SYK TYROSINE KINASE C-TERMINAL SH2 DOMAIN COMPLEXED WITH A PHOSPHOPEPTIDEFROM THE GAMMA CHAIN OF THE HIGH AFFINITY IMMUNOGLOBIN G RECEPTOR, NMR",cif,data/target_db/cache/rcsb/SYK/1CSZ.cif,https://files.rcsb.org/download/1CSZ.cif,0,0,1,Experimental RCSB structure imported by bulk sync.
TP53,AF-P04637-F1,AlphaFold,predicted,Predicted,,A,,Homo sapiens,AlphaFold predicted model for TP53,cif,data/target_db/cache/alphafold/P04637/AF-P04637-F1-model_v6.cif,https://alphafold.ebi.ac.uk/files/AF-P04637-F1-model_v6.cif,0,0,1,AlphaFold predicted model; useful as structural reference when experimental structures are unavailable.
TP53,1A1U,RCSB_PDB,experimental,NMR,,A;C,,Homo sapiens,"SOLUTION STRUCTURE DETERMINATION OF A P53 MUTANT DIMERIZATION DOMAIN, NMR, MINIMIZED AVERAGE STRUCTURE",cif,data/target_db/cache/rcsb/TP53/1A1U.cif,https://files.rcsb.org/download/1A1U.cif,0,1,1,Experimental RCSB structure imported by bulk sync.
TP53,1AIE,RCSB_PDB,experimental,X-ray,1.5,A,,Homo sapiens,P53 TETRAMERIZATION DOMAIN CRYSTAL STRUCTURE,cif,data/target_db/cache/rcsb/TP53/1AIE.cif,https://files.rcsb.org/download/1AIE.cif,0,0,1,Experimental RCSB structure imported by bulk sync; resolution 1.5 A.
TP53,1C26,RCSB_PDB,experimental,X-ray,1.7,A,,Homo sapiens,CRYSTAL STRUCTURE OF P53 TETRAMERIZATION DOMAIN,cif,data/target_db/cache/rcsb/TP53/1C26.cif,https://files.rcsb.org/download/1C26.cif,0,0,1,Experimental RCSB structure imported by bulk sync; resolution 1.7 A.
TP53,1DT7,RCSB_PDB,experimental,NMR,,X;Y,CA,Homo sapiens,SOLUTION STRUCTURE OF THE C-TERMINAL NEGATIVE REGULATORY DOMAIN OF P53 IN A COMPLEX WITH CA2+-BOUND S100B(BB),cif,data/target_db/cache/rcsb/TP53/1DT7.cif,https://files.rcsb.org/download/1DT7.cif,0,0,1,Experimental RCSB structure imported by bulk sync; ligand(s): CA.
TP53,1GZH,RCSB_PDB,experimental,X-ray,2.6,A;C,SO4;ZN,Homo sapiens,Crystal structure of the BRCT domains of human 53BP1 bound to the p53 tumor supressor,cif,data/target_db/cache/rcsb/TP53/1GZH.cif,https://files.rcsb.org/download/1GZH.cif,1,0,1,Experimental RCSB structure imported by bulk sync; resolution 2.6 A; ligand(s): SO4;ZN; candidate for docking review.
TP53,2OCJ,RCSB_PDB,experimental,X-ray,1.85,A,,Homo sapiens,p53 DNA-binding domain,cif,data/target_db/cache/rcsb/TP53/2OCJ.cif,https://files.rcsb.org/download/2OCJ.cif,0,1,1,Experimental RCSB structure; resolution 1.85 A.
TSPO,AF-P30536-F1,AlphaFold,predicted,Predicted,,A,,Homo sapiens,AlphaFold predicted model for TSPO,cif,data/target_db/cache/alphafold/P30536/AF-P30536-F1-model_v6.cif,https://alphafold.ebi.ac.uk/files/AF-P30536-F1-model_v6.cif,0,0,1,AlphaFold predicted model; useful as structural reference when experimental structures are unavailable.
TTR,AF-P02766-F1,AlphaFold,predicted,Predicted,,A,,Homo sapiens,AlphaFold predicted model for TTR,cif,data/target_db/cache/alphafold/P02766/AF-P02766-F1-model_v6.cif,https://alphafold.ebi.ac.uk/files/AF-P02766-F1-model_v6.cif,0,0,1,AlphaFold predicted model; useful as structural reference when experimental structures are unavailable.
TTR,1BM7,RCSB_PDB,experimental,X-ray,2.0,A;B,FLF,Homo sapiens,HUMAN TRANSTHYRETIN (PREALBUMIN) COMPLEX WITH FLUFENAMIC ACID (2-[[3-(TRIFLUOROMETHYL)PHENYL]AMINO] BENZOIC ACID),cif,data/target_db/cache/rcsb/TTR/1BM7.cif,https://files.rcsb.org/download/1BM7.cif,1,1,1,Experimental RCSB structure imported by bulk sync; resolution 2.0 A; ligand(s): FLF; candidate for docking review.
TTR,1BMZ,RCSB_PDB,experimental,X-ray,2.0,A;B,,Homo sapiens,HUMAN TRANSTHYRETIN (PREALBUMIN),cif,data/target_db/cache/rcsb/TTR/1BMZ.cif,https://files.rcsb.org/download/1BMZ.cif,0,0,1,Experimental RCSB structure imported by bulk sync; resolution 2.0 A.
TTR,1BZ8,RCSB_PDB,experimental,X-ray,2.0,A;B,,Homo sapiens,TRANSTHYRETIN (DEL VAL122),cif,data/target_db/cache/rcsb/TTR/1BZ8.cif,https://files.rcsb.org/download/1BZ8.cif,0,0,1,Experimental RCSB structure imported by bulk sync; resolution 2.0 A.
TYMS,AF-P04818-F1,AlphaFold,predicted,Predicted,,A,,Homo sapiens,AlphaFold predicted model for TYMS,cif,data/target_db/cache/alphafold/P04818/AF-P04818-F1-model_v6.cif,https://alphafold.ebi.ac.uk/files/AF-P04818-F1-model_v6.cif,0,0,1,AlphaFold predicted model; useful as structural reference when experimental structures are unavailable.
TYMS,1HVY,RCSB_PDB,experimental,X-ray,1.9,A;B;C;D,BME;D16;UMP,Homo sapiens,"Human thymidylate synthase complexed with dUMP and Raltitrexed, an antifolate drug, is in the closed conformation",cif,data/target_db/cache/rcsb/TYMS/1HVY.cif,https://files.rcsb.org/download/1HVY.cif,1,1,1,Experimental RCSB structure imported by bulk sync; resolution 1.9 A; ligand(s): BME;D16;UMP; candidate for docking review.
TYMS,1HW3,RCSB_PDB,experimental,X-ray,2.0,A,EDO;SO4,Homo sapiens,STRUCTURE OF HUMAN THYMIDYLATE SYNTHASE SUGGESTS ADVANTAGES OF CHEMOTHERAPY WITH NONCOMPETITIVE INHIBITORS,cif,data/target_db/cache/rcsb/TYMS/1HW3.cif,https://files.rcsb.org/download/1HW3.cif,1,0,1,Experimental RCSB structure imported by bulk sync; resolution 2.0 A; ligand(s): EDO;SO4; candidate for docking review.
TYMS,1HW4,RCSB_PDB,experimental,X-ray,2.06,A,EDO;SO4,Homo sapiens,STRUCTURE OF THYMIDYLATE SYNTHASE SUGGESTS ADVANTAGES OF CHEMOTHERAPY WITH NONCOMPETITIVE INHIBITORS,cif,data/target_db/cache/rcsb/TYMS/1HW4.cif,https://files.rcsb.org/download/1HW4.cif,1,0,1,Experimental RCSB structure imported by bulk sync; resolution 2.06 A; ligand(s): EDO;SO4; candidate for docking review.
VDR,AF-P11473-F1,AlphaFold,predicted,Predicted,,A,,Homo sapiens,AlphaFold predicted model for VDR,cif,data/target_db/cache/alphafold/P11473/AF-P11473-F1-model_v6.cif,https://alphafold.ebi.ac.uk/files/AF-P11473-F1-model_v6.cif,0,0,1,AlphaFold predicted model; useful as structural reference when experimental structures are unavailable.
VDR,1DB1,RCSB_PDB,experimental,X-ray,1.8,A,VDX,Homo sapiens,CRYSTAL STRUCTURE OF THE NUCLEAR RECEPTOR FOR VITAMIN D COMPLEXED TO VITAMIN D,cif,data/target_db/cache/rcsb/VDR/1DB1.cif,https://files.rcsb.org/download/1DB1.cif,1,1,1,Experimental RCSB structure imported by bulk sync; resolution 1.8 A; ligand(s): VDX; candidate for docking review.
VDR,1IE8,RCSB_PDB,experimental,X-ray,1.52,A,KH1,Homo sapiens,Crystal Structure Of The Nuclear Receptor For Vitamin D Ligand Binding Domain Bound to KH1060,cif,data/target_db/cache/rcsb/VDR/1IE8.cif,https://files.rcsb.org/download/1IE8.cif,1,0,1,Experimental RCSB structure imported by bulk sync; resolution 1.52 A; ligand(s): KH1; candidate for docking review.
VDR,1IE9,RCSB_PDB,experimental,X-ray,1.4,A,VDX,Homo sapiens,Crystal Structure Of The Nuclear Receptor For Vitamin D Ligand Binding Domain Bound to MC1288,cif,data/target_db/cache/rcsb/VDR/1IE9.cif,https://files.rcsb.org/download/1IE9.cif,1,0,1,Experimental RCSB structure imported by bulk sync; resolution 1.4 A; ligand(s): VDX; candidate for docking review.
WDR5,AF-P61964-F1,AlphaFold,predicted,Predicted,,A,,Homo sapiens,AlphaFold predicted model for WDR5,cif,data/target_db/cache/alphafold/P61964/AF-P61964-F1-model_v6.cif,https://alphafold.ebi.ac.uk/files/AF-P61964-F1-model_v6.cif,0,0,1,AlphaFold predicted model; useful as structural reference when experimental structures are unavailable.
WDR5,24XN,RCSB_PDB,experimental,X-ray,1.57,A;B,,Homo sapiens,Structure of WDR5 F263A variant in complex with MBD3C,cif,data/target_db/cache/rcsb/WDR5/24XN.cif,https://files.rcsb.org/download/24XN.cif,0,1,1,Experimental RCSB structure imported by bulk sync; resolution 1.57 A.
WDR5,24XP,RCSB_PDB,experimental,X-ray,1.3,A;B,,Homo sapiens,Crystal structure of WDR5 F133A variant in complex with MBD3C,cif,data/target_db/cache/rcsb/WDR5/24XP.cif,https://files.rcsb.org/download/24XP.cif,0,0,1,Experimental RCSB structure imported by bulk sync; resolution 1.3 A.
WDR5,2CNX,RCSB_PDB,experimental,X-ray,2.1,A,,Homo sapiens,WDR5 and Histone H3 Lysine 4 dimethyl complex at 2.1 angstrom,cif,data/target_db/cache/rcsb/WDR5/2CNX.cif,https://files.rcsb.org/download/2CNX.cif,0,0,1,Experimental RCSB structure imported by bulk sync; resolution 2.1 A.
WDR5,2CO0,RCSB_PDB,experimental,X-ray,2.25,A;C,,Homo sapiens,WDR5 and unmodified Histone H3 complex at 2.25 Angstrom,cif,data/target_db/cache/rcsb/WDR5/2CO0.cif,https://files.rcsb.org/download/2CO0.cif,0,0,1,Experimental RCSB structure imported by bulk sync; resolution 2.25 A.
WDR5,2G99,RCSB_PDB,experimental,X-ray,1.9,A;B,,Homo sapiens,Structural basis for the specific recognition of methylated histone H3 lysine 4 by the WD-40 protein WDR5,cif,data/target_db/cache/rcsb/WDR5/2G99.cif,https://files.rcsb.org/download/2G99.cif,0,0,1,Experimental RCSB structure imported by bulk sync; resolution 1.9 A.
WDR5,4QL1,RCSB_PDB,experimental,X-ray,1.7,A,WDR,Homo sapiens,WDR5 WIN-site complex,cif,data/target_db/cache/rcsb/WDR5/4QL1.cif,https://files.rcsb.org/download/4QL1.cif,1,1,1,Experimental RCSB structure; resolution 1.7 A; ligand(s): WDR; recommended for docking demo.
XIAP,AF-P98170-F1,AlphaFold,predicted,Predicted,,A,,Homo sapiens,AlphaFold predicted model for XIAP,cif,data/target_db/cache/alphafold/P98170/AF-P98170-F1-model_v6.cif,https://alphafold.ebi.ac.uk/files/AF-P98170-F1-model_v6.cif,0,0,1,AlphaFold predicted model; useful as structural reference when experimental structures are unavailable.
XIAP,1C9Q,RCSB_PDB,experimental,NMR,,A,ZN,Homo sapiens,AVERAGE NMR SOLUTION STRUCTURE OF THE BIR-2 DOMAIN OF XIAP,cif,data/target_db/cache/rcsb/XIAP/1C9Q.cif,https://files.rcsb.org/download/1C9Q.cif,0,1,1,Experimental RCSB structure imported by bulk sync; ligand(s): ZN.
XIAP,1F9X,RCSB_PDB,experimental,NMR,,A,ZN,Homo sapiens,AVERAGE NMR SOLUTION STRUCTURE OF THE BIR-3 DOMAIN OF XIAP,cif,data/target_db/cache/rcsb/XIAP/1F9X.cif,https://files.rcsb.org/download/1F9X.cif,0,0,1,Experimental RCSB structure imported by bulk sync; ligand(s): ZN.
XIAP,1G3F,RCSB_PDB,experimental,NMR,,A,ZN,Homo sapiens,NMR STRUCTURE OF A 9 RESIDUE PEPTIDE FROM SMAC/DIABLO COMPLEXED TO THE BIR3 DOMAIN OF XIAP,cif,data/target_db/cache/rcsb/XIAP/1G3F.cif,https://files.rcsb.org/download/1G3F.cif,0,0,1,Experimental RCSB structure imported by bulk sync; ligand(s): ZN.
