gene_symbol,structure_id,source,structure_type,method,resolution,chain_ids,ligand_ids,organism,title,file_format,local_file_path,download_url,docking_recommended,is_preferred,is_downloaded,quality_note
PDE10A,2OUN,RCSB_PDB,experimental,X-ray,1.56,A;B,AMP;MG;ZN,Homo sapiens,crystal structure of PDE10A2 in complex with AMP,cif,data/target_db/cache/rcsb/PDE10A/2OUN.cif,https://files.rcsb.org/download/2OUN.cif,1,1,1,Experimental RCSB structure imported by bulk sync; resolution 1.56 A; ligand(s): AMP;MG;ZN; candidate for docking review.
PDE10A,2OUQ,RCSB_PDB,experimental,X-ray,1.9,A;B,5GP;MG;ZN,Homo sapiens,crystal structure of PDE10A2 in complex with GMP,cif,data/target_db/cache/rcsb/PDE10A/2OUQ.cif,https://files.rcsb.org/download/2OUQ.cif,1,0,1,Experimental RCSB structure imported by bulk sync; resolution 1.9 A; ligand(s): 5GP;MG;ZN; candidate for docking review.
PDE10A,2OUR,RCSB_PDB,experimental,X-ray,1.45,A;B,CMP;MG,Homo sapiens,crystal structure of PDE10A2 mutant D674A in complex with cAMP,cif,data/target_db/cache/rcsb/PDE10A/2OUR.cif,https://files.rcsb.org/download/2OUR.cif,1,0,1,Experimental RCSB structure imported by bulk sync; resolution 1.45 A; ligand(s): CMP;MG; candidate for docking review.
PDE10A,2OUY,RCSB_PDB,experimental,X-ray,1.9,A;B,CMP;MG;ZN,Homo sapiens,crystal structure of pde10a2 mutant D564A in complex with cAMP.,cif,data/target_db/cache/rcsb/PDE10A/2OUY.cif,https://files.rcsb.org/download/2OUY.cif,1,0,1,Experimental RCSB structure imported by bulk sync; resolution 1.9 A; ligand(s): CMP;MG;ZN; candidate for docking review.
PDE10A,2WEY,RCSB_PDB,experimental,X-ray,2.8,A;B,EV1;MG;ZN,Homo sapiens,Human PDE-papaverine complex obtained by ligand soaking of cross- linked protein crystals,cif,data/target_db/cache/rcsb/PDE10A/2WEY.cif,https://files.rcsb.org/download/2WEY.cif,1,0,1,Experimental RCSB structure imported by bulk sync; resolution 2.8 A; ligand(s): EV1;MG;ZN; candidate for docking review.
PDE10A,2ZMF,RCSB_PDB,experimental,X-ray,2.1,A;B,CMP,Homo sapiens,Crystal structure of the C-terminal GAF domain of human phosphodiesterase 10A,cif,data/target_db/cache/rcsb/PDE10A/2ZMF.cif,https://files.rcsb.org/download/2ZMF.cif,1,0,1,Experimental RCSB structure imported by bulk sync; resolution 2.1 A; ligand(s): CMP; candidate for docking review.
PDE10A,3SNL,RCSB_PDB,experimental,X-ray,2.4,A;B,548;MG;ZN,Homo sapiens,"Highly Potent, Selective, and Orally Active Phosphodiestarase 10A Inhibitors",cif,data/target_db/cache/rcsb/PDE10A/3SNL.cif,https://files.rcsb.org/download/3SNL.cif,1,0,1,Experimental RCSB structure imported by bulk sync; resolution 2.4 A; ligand(s): 548;MG;ZN; candidate for docking review.
PDE10A,3WI2,RCSB_PDB,experimental,X-ray,2.26,A;B,MG;P98;ZN,Homo sapiens,Crystal structure of PDE10A in complex with inhibitor,cif,data/target_db/cache/rcsb/PDE10A/3WI2.cif,https://files.rcsb.org/download/3WI2.cif,1,0,1,Experimental RCSB structure imported by bulk sync; resolution 2.26 A; ligand(s): MG;P98;ZN; candidate for docking review.
PDE10A,3WYK,RCSB_PDB,experimental,X-ray,2.5,A;B,3KG;MG;ZN,Homo sapiens,Crystal structure of the catalytic domain of PDE10A complexed with 3-(1-phenyl-1H-pyrazol-5-yl)-1-(3-(trifluoromethyl)phenyl)pyridazin-4(1H)-one,cif,data/target_db/cache/rcsb/PDE10A/3WYK.cif,https://files.rcsb.org/download/3WYK.cif,1,0,1,Experimental RCSB structure imported by bulk sync; resolution 2.5 A; ligand(s): 3KG;MG;ZN; candidate for docking review.
PDE10A,3WYL,RCSB_PDB,experimental,X-ray,2.68,A;B,3KB;MG;ZN,Homo sapiens,Crystal structure of the catalytic domain of PDE10A complexed with 5-methoxy-3-(1-phenyl-1H-pyrazol-5-yl)-1-(3-(trifluoromethyl)phenyl)pyridazin-4(1H)-one,cif,data/target_db/cache/rcsb/PDE10A/3WYL.cif,https://files.rcsb.org/download/3WYL.cif,1,0,1,Experimental RCSB structure imported by bulk sync; resolution 2.68 A; ligand(s): 3KB;MG;ZN; candidate for docking review.
PDE10A,3WYM,RCSB_PDB,experimental,X-ray,2.0,A;B,3K9;MG;ZN,Homo sapiens,Crystal structure of the catalytic domain of PDE10A complexed with 1-(2-fluoro-4-(1H-pyrazol-1-yl)phenyl)-5-methoxy-3-(1-phenyl-1H-pyrazol-5-yl)pyridazin-4(1H)-one,cif,data/target_db/cache/rcsb/PDE10A/3WYM.cif,https://files.rcsb.org/download/3WYM.cif,1,0,1,Experimental RCSB structure imported by bulk sync; resolution 2.0 A; ligand(s): 3K9;MG;ZN; candidate for docking review.
PDE10A,4AEL,RCSB_PDB,experimental,X-ray,2.2,A;B,4HN;MG;ZN,Homo sapiens,PDE10A in complex with the inhibitor AZ5,cif,data/target_db/cache/rcsb/PDE10A/4AEL.cif,https://files.rcsb.org/download/4AEL.cif,1,0,1,Experimental RCSB structure imported by bulk sync; resolution 2.2 A; ligand(s): 4HN;MG;ZN; candidate for docking review.
PDE10A,4DDL,RCSB_PDB,experimental,X-ray,2.07,A;B,0JQ;SO4;ZN,Homo sapiens,PDE10a Crystal Structure Complexed with Novel Inhibitor,cif,data/target_db/cache/rcsb/PDE10A/4DDL.cif,https://files.rcsb.org/download/4DDL.cif,1,0,1,Experimental RCSB structure imported by bulk sync; resolution 2.07 A; ligand(s): 0JQ;SO4;ZN; candidate for docking review.
PDE10A,4FCB,RCSB_PDB,experimental,X-ray,2.1,A;B,0T7;MG;ZN,Homo sapiens,Potent and Selective Phosphodiesterase 10A Inhibitors,cif,data/target_db/cache/rcsb/PDE10A/4FCB.cif,https://files.rcsb.org/download/4FCB.cif,1,0,1,Experimental RCSB structure imported by bulk sync; resolution 2.1 A; ligand(s): 0T7;MG;ZN; candidate for docking review.
PDE10A,4HEU,RCSB_PDB,experimental,X-ray,2.0,A;B,15J;SO4;ZN,Homo sapiens,Crystal Structure of PDE10A with a biaryl ether inhibitor ((1-(3-(4-((1H-benzo[d]imidazol-2-yl)amino)phenoxy)pyridin-2-yl)piperidin-4-yl)methanol),cif,data/target_db/cache/rcsb/PDE10A/4HEU.cif,https://files.rcsb.org/download/4HEU.cif,1,0,1,Experimental RCSB structure imported by bulk sync; resolution 2.0 A; ligand(s): 15J;SO4;ZN; candidate for docking review.
PDE10A,4HF4,RCSB_PDB,experimental,X-ray,2.0,A;B,15H;GOL;SO4;ZN,Homo sapiens,Crystal Structure of PDE10A with a biaryl ether inhibitor (1-(1-(3-(4-(benzo[d]thiazol-2-ylamino)phenoxy)pyrazin-2-yl)piperidin-4-yl)ethanol),cif,data/target_db/cache/rcsb/PDE10A/4HF4.cif,https://files.rcsb.org/download/4HF4.cif,1,0,1,Experimental RCSB structure imported by bulk sync; resolution 2.0 A; ligand(s): 15H;GOL;SO4;ZN; candidate for docking review.
PDE10A,4LKQ,RCSB_PDB,experimental,X-ray,1.62,A;B,1XM;NI,Homo sapiens,Crystal structure of PDE10A2 with fragment ZT017,cif,data/target_db/cache/rcsb/PDE10A/4LKQ.cif,https://files.rcsb.org/download/4LKQ.cif,1,0,1,Experimental RCSB structure imported by bulk sync; resolution 1.62 A; ligand(s): 1XM;NI; candidate for docking review.
PDE10A,4LLJ,RCSB_PDB,experimental,X-ray,1.56,A;B,1XN;NI,Homo sapiens,Crystal structure of PDE10A2 with fragment ZT214,cif,data/target_db/cache/rcsb/PDE10A/4LLJ.cif,https://files.rcsb.org/download/4LLJ.cif,1,0,1,Experimental RCSB structure imported by bulk sync; resolution 1.56 A; ligand(s): 1XN;NI; candidate for docking review.
PDE10A,4LLP,RCSB_PDB,experimental,X-ray,1.75,A;B,4ZE;NI,Homo sapiens,Crystal structure of PDE10A2 with fragment ZT401,cif,data/target_db/cache/rcsb/PDE10A/4LLP.cif,https://files.rcsb.org/download/4LLP.cif,1,0,1,Experimental RCSB structure imported by bulk sync; resolution 1.75 A; ligand(s): 4ZE;NI; candidate for docking review.
PDE10A,4LLX,RCSB_PDB,experimental,X-ray,1.75,A;B,5ZE;NI,Homo sapiens,Crystal structure of PDE10A2 with fragment ZT434,cif,data/target_db/cache/rcsb/PDE10A/4LLX.cif,https://files.rcsb.org/download/4LLX.cif,1,0,1,Experimental RCSB structure imported by bulk sync; resolution 1.75 A; ligand(s): 5ZE;NI; candidate for docking review.
PDE10A,4LM1,RCSB_PDB,experimental,X-ray,1.6,A;B,7ZE;NI,Homo sapiens,Crystal structure of PDE10A2 with fragment ZT450,cif,data/target_db/cache/rcsb/PDE10A/4LM1.cif,https://files.rcsb.org/download/4LM1.cif,1,0,1,Experimental RCSB structure imported by bulk sync; resolution 1.6 A; ligand(s): 7ZE;NI; candidate for docking review.
PDE10A,4LM4,RCSB_PDB,experimental,X-ray,1.48,A;B,JPZ;NI,Homo sapiens,Crystal structure of PDE10A2 with fragment ZT902,cif,data/target_db/cache/rcsb/PDE10A/4LM4.cif,https://files.rcsb.org/download/4LM4.cif,1,0,1,Experimental RCSB structure imported by bulk sync; resolution 1.48 A; ligand(s): JPZ;NI; candidate for docking review.
PDE10A,4MRW,RCSB_PDB,experimental,X-ray,1.96,A;B,MRW;NI,Homo sapiens,Crystal structure of PDE10A2 with fragment ZT0120 (7-chloroquinolin-4-ol),cif,data/target_db/cache/rcsb/PDE10A/4MRW.cif,https://files.rcsb.org/download/4MRW.cif,1,0,1,Experimental RCSB structure imported by bulk sync; resolution 1.96 A; ligand(s): MRW;NI; candidate for docking review.
PDE10A,4MRZ,RCSB_PDB,experimental,X-ray,1.58,A;B,2ZV;NI,Homo sapiens,Crystal structure of PDE10A2 with fragment ZT0429 (4-methyl-3-nitropyridin-2-amine),cif,data/target_db/cache/rcsb/PDE10A/4MRZ.cif,https://files.rcsb.org/download/4MRZ.cif,1,0,1,Experimental RCSB structure imported by bulk sync; resolution 1.58 A; ligand(s): 2ZV;NI; candidate for docking review.
PDE10A,4MS0,RCSB_PDB,experimental,X-ray,1.79,A;B,2ZX;NI,Homo sapiens,"Crystal structure of PDE10A2 with fragment ZT0443 (6-chloropyrimidine-2,4-diamine)",cif,data/target_db/cache/rcsb/PDE10A/4MS0.cif,https://files.rcsb.org/download/4MS0.cif,1,0,1,Experimental RCSB structure imported by bulk sync; resolution 1.79 A; ligand(s): 2ZX;NI; candidate for docking review.
PDE10A,4MSA,RCSB_PDB,experimental,X-ray,1.62,A;B,2ZM;NI,Homo sapiens,Crystal structure of PDE10A2 with fragment ZT0449 (5-nitro-1H-benzimidazole),cif,data/target_db/cache/rcsb/PDE10A/4MSA.cif,https://files.rcsb.org/download/4MSA.cif,1,0,1,Experimental RCSB structure imported by bulk sync; resolution 1.62 A; ligand(s): 2ZM;NI; candidate for docking review.
PDE10A,4MSE,RCSB_PDB,experimental,X-ray,2.81,A;B,2ZU;NI,Homo sapiens,"Crystal structure of PDE10A2 with fragment ZT1597 (2-({[(2S)-2-methyl-2,3-dihydro-1,3-benzothiazol-5-yl]oxy}methyl)quinoline)",cif,data/target_db/cache/rcsb/PDE10A/4MSE.cif,https://files.rcsb.org/download/4MSE.cif,1,0,1,Experimental RCSB structure imported by bulk sync; resolution 2.81 A; ligand(s): 2ZU;NI; candidate for docking review.
PDE10A,4P0N,RCSB_PDB,experimental,X-ray,2.08,A;B,1IR;1IS;GOL;SO4;ZN,Homo sapiens,"Crystal structure of PDE10a with a novel Imidazo[4,5-b]pyridine inhibitor",cif,data/target_db/cache/rcsb/PDE10A/4P0N.cif,https://files.rcsb.org/download/4P0N.cif,1,0,1,Experimental RCSB structure imported by bulk sync; resolution 2.08 A; ligand(s): 1IR;1IS;GOL;SO4;ZN; candidate for docking review.
PDE10A,4P1R,RCSB_PDB,experimental,X-ray,2.243,A;B,2KR;GOL;SO4;ZN,Homo sapiens,"Crystal Structure of PDE10A with Imidazo[4,5-b]pyridines as Potent and Selective Inhibitors",cif,data/target_db/cache/rcsb/PDE10A/4P1R.cif,https://files.rcsb.org/download/4P1R.cif,1,0,1,Experimental RCSB structure imported by bulk sync; resolution 2.243 A; ligand(s): 2KR;GOL;SO4;ZN; candidate for docking review.
PDE10A,4PHW,RCSB_PDB,experimental,X-ray,2.5,A;B,2W1;SO4;ZN,Homo sapiens,Crystal Structure of PDE10A with 1H-benzimidazol-2-yl(4-((3-(tetrahydro-2H-pyran-4-yl)-2-pyridinyl)oxy)phenyl)methanone,cif,data/target_db/cache/rcsb/PDE10A/4PHW.cif,https://files.rcsb.org/download/4PHW.cif,1,0,1,Experimental RCSB structure imported by bulk sync; resolution 2.5 A; ligand(s): 2W1;SO4;ZN; candidate for docking review.
PDE10A,4TPM,RCSB_PDB,experimental,X-ray,2.77,A;B,35E;GOL;SO4;ZN,Homo sapiens,Crystal structure of 2-(3-alkoxy-1-azetidinyl) quinolines as PDE10A Inhibitors,cif,data/target_db/cache/rcsb/PDE10A/4TPM.cif,https://files.rcsb.org/download/4TPM.cif,1,0,1,Experimental RCSB structure imported by bulk sync; resolution 2.77 A; ligand(s): 35E;GOL;SO4;ZN; candidate for docking review.
PDE10A,4WN1,RCSB_PDB,experimental,X-ray,3.13,A;B,3SJ;MG;ZN,Homo sapiens,Crystal structure of PDE10A in complex with 1-methyl-5-(1-methyl-3-{[4-(quinolin-2-yl)phenoxy]methyl}-1H-pyrazol-4-yl)pyridin-2(1H)-one,cif,data/target_db/cache/rcsb/PDE10A/4WN1.cif,https://files.rcsb.org/download/4WN1.cif,1,0,1,Experimental RCSB structure imported by bulk sync; resolution 3.13 A; ligand(s): 3SJ;MG;ZN; candidate for docking review.
PDE10A,4YQH,RCSB_PDB,experimental,X-ray,2.308,A;B,4F7;MG;ZN,Homo sapiens,2-[2-(4-Phenyl-1H-imidazol-2-yl)ethyl]quinoxaline (Sunovion Compound 14) co-crystallized with PDE10A,cif,data/target_db/cache/rcsb/PDE10A/4YQH.cif,https://files.rcsb.org/download/4YQH.cif,1,0,1,Experimental RCSB structure imported by bulk sync; resolution 2.308 A; ligand(s): 4F7;MG;ZN; candidate for docking review.
PDE10A,5AXP,RCSB_PDB,experimental,X-ray,1.95,A;B,4LK;MG;ZN,Homo sapiens,"Crystal structure of the catalytic domain of PDE10A complexed with 1-(2-fluoro-4-(2-oxo-1,3-oxazolidin-3-yl)phenyl)-5-methoxy-3-(1-phenyl-1H-pyrazol-5-yl)pyridazin-4(1H)-one",cif,data/target_db/cache/rcsb/PDE10A/5AXP.cif,https://files.rcsb.org/download/5AXP.cif,1,0,1,Experimental RCSB structure imported by bulk sync; resolution 1.95 A; ligand(s): 4LK;MG;ZN; candidate for docking review.
PDE10A,5AXQ,RCSB_PDB,experimental,X-ray,1.77,A;B,4LK;4LP;MG;ZN,Homo sapiens,Crystal structure of the catalytic domain of PDE10A complexed with highly potent and brain-penetrant PDE10A Inhibitor with 2-oxindole scaffold,cif,data/target_db/cache/rcsb/PDE10A/5AXQ.cif,https://files.rcsb.org/download/5AXQ.cif,1,0,1,Experimental RCSB structure imported by bulk sync; resolution 1.77 A; ligand(s): 4LK;4LP;MG;ZN; candidate for docking review.
PDE10A,5B4K,RCSB_PDB,experimental,X-ray,2.9,A;B,6DT;MG;ZN,Homo sapiens,"Crystal structure of the catalytic domain of human PDE10A complexed with N-(4-((5-methyl-5H-pyrrolo[3,2-d]pyrimidin-4-yl)oxy)phenyl)-1H-benzimidazol-2-amine",cif,data/target_db/cache/rcsb/PDE10A/5B4K.cif,https://files.rcsb.org/download/5B4K.cif,1,0,1,Experimental RCSB structure imported by bulk sync; resolution 2.9 A; ligand(s): 6DT;MG;ZN; candidate for docking review.
PDE10A,5C28,RCSB_PDB,experimental,X-ray,1.56,A;B,4XV;MG;ZN,Homo sapiens,PDE10 complexed with 6-chloro-2-cyclopropyl-5-methyl-pyrimidin-4-amine,cif,data/target_db/cache/rcsb/PDE10A/5C28.cif,https://files.rcsb.org/download/5C28.cif,1,0,1,Experimental RCSB structure imported by bulk sync; resolution 1.56 A; ligand(s): 4XV;MG;ZN; candidate for docking review.
PDE10A,5C29,RCSB_PDB,experimental,X-ray,2.05,A;B,4XY;MG;ZN,Homo sapiens,PDE10 complexed with 6-chloro-2-cyclopropyl-5-methyl-N-propyl-pyrimidin-4-amine,cif,data/target_db/cache/rcsb/PDE10A/5C29.cif,https://files.rcsb.org/download/5C29.cif,1,0,1,Experimental RCSB structure imported by bulk sync; resolution 2.05 A; ligand(s): 4XY;MG;ZN; candidate for docking review.
PDE10A,5C2A,RCSB_PDB,experimental,X-ray,2.0,A;B,4Y2;MG;ZN,Homo sapiens,"PDE10 complexed with 6-chloro-2-cyclopropyl-N-[(2,4-dimethylthiazol-5-yl)methyl]-5-methyl-pyrimidin-4-amine",cif,data/target_db/cache/rcsb/PDE10A/5C2A.cif,https://files.rcsb.org/download/5C2A.cif,1,0,1,Experimental RCSB structure imported by bulk sync; resolution 2.0 A; ligand(s): 4Y2;MG;ZN; candidate for docking review.
PDE10A,5C2H,RCSB_PDB,experimental,X-ray,2.09,A;B,4PX;4XU;MG;ZN,Homo sapiens,"PDE10 complexed with 6-chloro-N-[(2,4-dimethylthiazol-5-yl)methyl]-5-methyl-2-[3-(2-quinolyl)propoxy]pyrimidin-4-amine",cif,data/target_db/cache/rcsb/PDE10A/5C2H.cif,https://files.rcsb.org/download/5C2H.cif,1,0,1,Experimental RCSB structure imported by bulk sync; resolution 2.09 A; ligand(s): 4PX;4XU;MG;ZN; candidate for docking review.
PDE10A,5DH4,RCSB_PDB,experimental,X-ray,2.2,A;B,4PX;5AV;MG;ZN,Homo sapiens,"PDE10 complexed with 5-chloro-N-[(2,4-dimethylthiazol-5-yl)methyl]pyrazolo[1,5-a]pyrimidin-7-amine",cif,data/target_db/cache/rcsb/PDE10A/5DH4.cif,https://files.rcsb.org/download/5DH4.cif,1,0,1,Experimental RCSB structure imported by bulk sync; resolution 2.2 A; ligand(s): 4PX;5AV;MG;ZN; candidate for docking review.
PDE10A,5DH5,RCSB_PDB,experimental,X-ray,2.0,A;B,5AY;MG;ZN,Homo sapiens,"PDE10 complexed with N-[(1-methylpyrazol-4-yl)methyl]-5-[[(1S,2S)-2-(2-pyridyl)cyclopropyl]methoxy]pyrazolo[1,5-a]pyrimidin-7-amine",cif,data/target_db/cache/rcsb/PDE10A/5DH5.cif,https://files.rcsb.org/download/5DH5.cif,1,0,1,Experimental RCSB structure imported by bulk sync; resolution 2.0 A; ligand(s): 5AY;MG;ZN; candidate for docking review.
PDE10A,5EDH,RCSB_PDB,experimental,X-ray,2.03,A;B;C;D,5MF;MG;ZN,Homo sapiens,"CRYSTAL STRUCTURE OF HUMAN PHOSPHODIESTERASE 10 IN COMPLEX WITH n4c(C)n1c(nc(n1)CCc2nc(nn2C)N3CCCC3)c(c4)CC, micromolar IC50=0.0037753",cif,data/target_db/cache/rcsb/PDE10A/5EDH.cif,https://files.rcsb.org/download/5EDH.cif,1,0,1,Experimental RCSB structure imported by bulk sync; resolution 2.03 A; ligand(s): 5MF;MG;ZN; candidate for docking review.
PDE10A,5EDI,RCSB_PDB,experimental,X-ray,2.2,A;B;C;D,5M9;MG;ZN,Homo sapiens,"CRYSTAL STRUCTURE OF HUMAN PHOSPHODIESTERASE 10 IN COMPLEX WITH c2(c(n1nc(nc1c(c2)C)CCc3nc(nn3C)N4CCCC4)C)Cl, micromolar IC50=0.000279",cif,data/target_db/cache/rcsb/PDE10A/5EDI.cif,https://files.rcsb.org/download/5EDI.cif,1,0,1,Experimental RCSB structure imported by bulk sync; resolution 2.2 A; ligand(s): 5M9;MG;ZN; candidate for docking review.
PDE10A,5K9R,RCSB_PDB,experimental,X-ray,2.7,A;B,6RC;MG;ZN,Homo sapiens,PDE10a with imidazopyrazine inhibitor,cif,data/target_db/cache/rcsb/PDE10A/5K9R.cif,https://files.rcsb.org/download/5K9R.cif,1,0,1,Experimental RCSB structure imported by bulk sync; resolution 2.7 A; ligand(s): 6RC;MG;ZN; candidate for docking review.
PDE10A,5SE1,RCSB_PDB,experimental,X-ray,2.3,A,IBV;MG;ZN,Homo sapiens,"CRYSTAL STRUCTURE OF HUMAN PHOSPHODIESTERASE 10 IN COMPLEX WITH c1(nn(cc1NC(c2nc(ccc2Nc3cncnc3)C4CC4)=O)C)C(=O)N(C)C, micromolar IC50=0.031527",cif,data/target_db/cache/rcsb/PDE10A/5SE1.cif,https://files.rcsb.org/download/5SE1.cif,1,0,1,Experimental RCSB structure imported by bulk sync; resolution 2.3 A; ligand(s): IBV;MG;ZN; candidate for docking review.
PDE10A,5SE3,RCSB_PDB,experimental,X-ray,2.14,A;B;C;D,ICK;MG;ZN,Homo sapiens,"CRYSTAL STRUCTURE OF HUMAN PHOSPHODIESTERASE 10 IN COMPLEX WITH c2(cc1nc(nn1cc2)c3ccccc3)NC(c4ccnc(c4)Cl)=O, micromolar IC50=0.045025",cif,data/target_db/cache/rcsb/PDE10A/5SE3.cif,https://files.rcsb.org/download/5SE3.cif,1,0,1,Experimental RCSB structure imported by bulk sync; resolution 2.14 A; ligand(s): ICK;MG;ZN; candidate for docking review.
PDE10A,5SE4,RCSB_PDB,experimental,X-ray,2.5,A;B;C;D,ICW;MG;ZN,Homo sapiens,"CRYSTAL STRUCTURE OF HUMAN PHOSPHODIESTERASE 10 IN COMPLEX WITH c1(cc(nc2nc(nn12)CCc3nc(cn3C)c4ccccc4)C5CC5)C, micromolar IC50=0.001357",cif,data/target_db/cache/rcsb/PDE10A/5SE4.cif,https://files.rcsb.org/download/5SE4.cif,1,0,1,Experimental RCSB structure imported by bulk sync; resolution 2.5 A; ligand(s): ICW;MG;ZN; candidate for docking review.
PDE10A,5SE5,RCSB_PDB,experimental,X-ray,2.08,A;B;C;D,IEH;MG;ZN,Homo sapiens,"CRYSTAL STRUCTURE OF HUMAN PHOSPHODIESTERASE 10 IN COMPLEX WITH c4ncc(Nc1ncc(nc1C(Nc2c(n(C)nc2)C(=O)NC)=O)C3CC3)cn4, micromolar IC50=0.0069268",cif,data/target_db/cache/rcsb/PDE10A/5SE5.cif,https://files.rcsb.org/download/5SE5.cif,1,0,1,Experimental RCSB structure imported by bulk sync; resolution 2.08 A; ligand(s): IEH;MG;ZN; candidate for docking review.
PDE10A,5SE6,RCSB_PDB,experimental,X-ray,1.95,A;B;C;D,IEB;MG;ZN,Homo sapiens,"CRYSTAL STRUCTURE OF HUMAN PHOSPHODIESTERASE 10 IN COMPLEX WITH c1(nc4c(c(n1)OCc2nc(cn2C)c3ccccc3)ncn4C)C, micromolar IC50=0.099277",cif,data/target_db/cache/rcsb/PDE10A/5SE6.cif,https://files.rcsb.org/download/5SE6.cif,1,0,1,Experimental RCSB structure imported by bulk sync; resolution 1.95 A; ligand(s): IEB;MG;ZN; candidate for docking review.
PDE10A,5SE7,RCSB_PDB,experimental,X-ray,2.17,A;B;C;D,IE7;MG;ZN,Homo sapiens,"CRYSTAL STRUCTURE OF HUMAN PHOSPHODIESTERASE 10 IN COMPLEX WITH n2(c(c(C(=O)N1CCC1)cn2)C(Nc4cc3nc(nn3cc4)c5ccccc5)=O)C, micromolar IC50=0.00054035",cif,data/target_db/cache/rcsb/PDE10A/5SE7.cif,https://files.rcsb.org/download/5SE7.cif,1,0,1,Experimental RCSB structure imported by bulk sync; resolution 2.17 A; ligand(s): IE7;MG;ZN; candidate for docking review.
PDE10A,5SE8,RCSB_PDB,experimental,X-ray,1.99,A;B;C;D,IE1;MG;ZN,Homo sapiens,"CRYSTAL STRUCTURE OF HUMAN PHOSPHODIESTERASE 10 IN COMPLEX WITH n1(C)c(nc(n1)c2ccccc2)CCNC(c4c(C(N3CCC3)=O)cnn4C)=O, micromolar IC50=0.021263",cif,data/target_db/cache/rcsb/PDE10A/5SE8.cif,https://files.rcsb.org/download/5SE8.cif,1,0,1,Experimental RCSB structure imported by bulk sync; resolution 1.99 A; ligand(s): IE1;MG;ZN; candidate for docking review.
PDE10A,5SE9,RCSB_PDB,experimental,X-ray,1.94,A;B;C;D,ID9;MG;ZN,Homo sapiens,"CRYSTAL STRUCTURE OF HUMAN PHOSPHODIESTERASE 10 IN COMPLEX WITH c1cc(nn2c1nc(c2C)C)OCc3nc(cn3C)c4ccccc4, micromolar IC50=0.007179",cif,data/target_db/cache/rcsb/PDE10A/5SE9.cif,https://files.rcsb.org/download/5SE9.cif,1,0,1,Experimental RCSB structure imported by bulk sync; resolution 1.94 A; ligand(s): ID9;MG;ZN; candidate for docking review.
PDE10A,5SEA,RCSB_PDB,experimental,X-ray,2.0,A;B;C;D,IF5;MG;ZN,Homo sapiens,"CRYSTAL STRUCTURE OF HUMAN PHOSPHODIESTERASE 10 IN COMPLEX WITH c1(ccnn1c2ccccc2)NC(c3c(ccc(n3)C4CC4)Nc5cncnc5)=O, micromolar IC50=0.000866",cif,data/target_db/cache/rcsb/PDE10A/5SEA.cif,https://files.rcsb.org/download/5SEA.cif,1,0,1,Experimental RCSB structure imported by bulk sync; resolution 2.0 A; ligand(s): IF5;MG;ZN; candidate for docking review.
PDE10A,5SEB,RCSB_PDB,experimental,X-ray,2.28,A;B;C;D,IF2;MG;ZN,Homo sapiens,"CRYSTAL STRUCTURE OF HUMAN PHOSPHODIESTERASE 10 IN COMPLEX WITH N1(CCCC1)c2nn(c(n2)CCc3nc4c(nc3C)cccc4)C, micromolar IC50=0.061409",cif,data/target_db/cache/rcsb/PDE10A/5SEB.cif,https://files.rcsb.org/download/5SEB.cif,1,0,1,Experimental RCSB structure imported by bulk sync; resolution 2.28 A; ligand(s): IF2;MG;ZN; candidate for docking review.
PDE10A,5SEC,RCSB_PDB,experimental,X-ray,2.03,A;B;C;D,IEX;MG;ZN,Homo sapiens,"CRYSTAL STRUCTURE OF HUMAN PHOSPHODIESTERASE 10 IN COMPLEX WITH c1ccc2c(c1)nc(c(n2)C)CCc3nc(cn3c4ccccc4)c5ccccc5, micromolar IC50=0.000332",cif,data/target_db/cache/rcsb/PDE10A/5SEC.cif,https://files.rcsb.org/download/5SEC.cif,1,0,1,Experimental RCSB structure imported by bulk sync; resolution 2.03 A; ligand(s): IEX;MG;ZN; candidate for docking review.
PDE10A,5SED,RCSB_PDB,experimental,X-ray,2.32,A;B;C;D,IEU;MG;ZN,Homo sapiens,"CRYSTAL STRUCTURE OF HUMAN PHOSPHODIESTERASE 10 IN COMPLEX WITH c1c(cc2c(c1)nc(nc2N3CCOCC3)OCc4nc(cn4C)c5ccccc5)Cl, micromolar IC50=0.00213",cif,data/target_db/cache/rcsb/PDE10A/5SED.cif,https://files.rcsb.org/download/5SED.cif,1,0,1,Experimental RCSB structure imported by bulk sync; resolution 2.32 A; ligand(s): IEU;MG;ZN; candidate for docking review.
PDE10A,5SEE,RCSB_PDB,experimental,X-ray,2.35,A,CL;IEN;MG;ZN,Homo sapiens,"CRYSTAL STRUCTURE OF HUMAN PHOSPHODIESTERASE 10 IN COMPLEX WITH c1(ccnn1c2ccccn2)NC(=O)c3nc(ccc3Nc4cncnc4)C5CC5, micromolar IC50=0.003431",cif,data/target_db/cache/rcsb/PDE10A/5SEE.cif,https://files.rcsb.org/download/5SEE.cif,1,0,1,Experimental RCSB structure imported by bulk sync; resolution 2.35 A; ligand(s): CL;IEN;MG;ZN; candidate for docking review.
PDE10A,5SEF,RCSB_PDB,experimental,X-ray,2.29,A;B;C;D,IFR;MG;ZN,Homo sapiens,"CRYSTAL STRUCTURE OF HUMAN PHOSPHODIESTERASE 10 IN COMPLEX WITH c1(nn(c(n1)CCc2nn3c(n2)c(c(nc3C)C)C)C)N4CCCC4, micromolar IC50=0.013626",cif,data/target_db/cache/rcsb/PDE10A/5SEF.cif,https://files.rcsb.org/download/5SEF.cif,1,0,1,Experimental RCSB structure imported by bulk sync; resolution 2.29 A; ligand(s): IFR;MG;ZN; candidate for docking review.
PDE10A,5SEG,RCSB_PDB,experimental,X-ray,2.29,A;B;C;D,IFN;MG;ZN,Homo sapiens,"CRYSTAL STRUCTURE OF HUMAN PHOSPHODIESTERASE 10 IN COMPLEX WITH c2(c(C(=O)NC1COC1)cc3c(c2)nc([nH]3)c4ccccc4)NC(C5=CC(=CN(C5=O)C)Br)=O, micromolar IC50=0.006706",cif,data/target_db/cache/rcsb/PDE10A/5SEG.cif,https://files.rcsb.org/download/5SEG.cif,1,0,1,Experimental RCSB structure imported by bulk sync; resolution 2.29 A; ligand(s): IFN;MG;ZN; candidate for docking review.
PDE10A,5SEH,RCSB_PDB,experimental,X-ray,2.1,A;B;C;D,IFI;MG;ZN,Homo sapiens,"CRYSTAL STRUCTURE OF HUMAN PHOSPHODIESTERASE 10 IN COMPLEX WITH n2(c(c(C(=O)N1CCC1)cn2)C(Nc4cc3nc(nn3cc4)N5CCOCC5)=O)C, micromolar IC50=0.002043",cif,data/target_db/cache/rcsb/PDE10A/5SEH.cif,https://files.rcsb.org/download/5SEH.cif,1,0,1,Experimental RCSB structure imported by bulk sync; resolution 2.1 A; ligand(s): IFI;MG;ZN; candidate for docking review.
PDE10A,5SEI,RCSB_PDB,experimental,X-ray,2.37,A;B;C;D,IFE;MG;ZN,Homo sapiens,"CRYSTAL STRUCTURE OF HUMAN PHOSPHODIESTERASE 10 IN COMPLEX WITH n1c(n(nc1N2CCCC2)C)\\C=C\\c3nn4c(n3)ccc(c4)Cl, micromolar IC50=0.130486",cif,data/target_db/cache/rcsb/PDE10A/5SEI.cif,https://files.rcsb.org/download/5SEI.cif,1,0,1,Experimental RCSB structure imported by bulk sync; resolution 2.37 A; ligand(s): IFE;MG;ZN; candidate for docking review.
PDE10A,5SEJ,RCSB_PDB,experimental,X-ray,2.44,A;B;C;D,IFV;MG;ZN,Homo sapiens,"CRYSTAL STRUCTURE OF HUMAN PHOSPHODIESTERASE 10 IN COMPLEX WITH c4(cn1c(nc(n1)CCc2nc(nn2C)N3CCCC3)cc4)Cl, micromolar IC50=0.062679",cif,data/target_db/cache/rcsb/PDE10A/5SEJ.cif,https://files.rcsb.org/download/5SEJ.cif,1,0,1,Experimental RCSB structure imported by bulk sync; resolution 2.44 A; ligand(s): IFV;MG;ZN; candidate for docking review.
PDE10A,5SEK,RCSB_PDB,experimental,X-ray,2.15,A;B;C;D,IFY;MG;ZN,Homo sapiens,"CRYSTAL STRUCTURE OF HUMAN PHOSPHODIESTERASE 10 IN COMPLEX WITH c1ccc2c(c1)nc(c(n2)C)CCc3nc(cn3C)c4ccccc4, micromolar IC50=0.005172",cif,data/target_db/cache/rcsb/PDE10A/5SEK.cif,https://files.rcsb.org/download/5SEK.cif,1,0,1,Experimental RCSB structure imported by bulk sync; resolution 2.15 A; ligand(s): IFY;MG;ZN; candidate for docking review.
PDE10A,5SEL,RCSB_PDB,experimental,X-ray,2.2,A;B;C;D,GOL;IG1;MG;ZN,Homo sapiens,"CRYSTAL STRUCTURE OF HUMAN PHOSPHODIESTERASE 10 IN COMPLEX WITH c3(c(C(Nc1cc(nn1C)c2ncccc2)=O)n(nc3)C)C(=O)N4CCC4, micromolar IC50=0.00796",cif,data/target_db/cache/rcsb/PDE10A/5SEL.cif,https://files.rcsb.org/download/5SEL.cif,1,0,1,Experimental RCSB structure imported by bulk sync; resolution 2.2 A; ligand(s): GOL;IG1;MG;ZN; candidate for docking review.
PDE10A,5SEM,RCSB_PDB,experimental,X-ray,2.1,A;B;C;D,IG6;MG;ZN,Homo sapiens,"CRYSTAL STRUCTURE OF HUMAN PHOSPHODIESTERASE 10 IN COMPLEX WITH c1cc(nn2c1nc(c2C)C(F)(F)F)CCc3nc(cn3C)c4ccccc4, micromolar IC50=0.0038755",cif,data/target_db/cache/rcsb/PDE10A/5SEM.cif,https://files.rcsb.org/download/5SEM.cif,1,0,1,Experimental RCSB structure imported by bulk sync; resolution 2.1 A; ligand(s): IG6;MG;ZN; candidate for docking review.
PDE10A,5SEN,RCSB_PDB,experimental,X-ray,2.04,A;B;C;D,IG9;MG;ZN,Homo sapiens,"CRYSTAL STRUCTURE OF HUMAN PHOSPHODIESTERASE 10 IN COMPLEX WITH c4(c(C(=O)Nc3cn(c2nc1ccccc1cc2)cn3)n(C)nc4)C(=O)N5CCC5, micromolar IC50=0.000697",cif,data/target_db/cache/rcsb/PDE10A/5SEN.cif,https://files.rcsb.org/download/5SEN.cif,1,0,1,Experimental RCSB structure imported by bulk sync; resolution 2.04 A; ligand(s): IG9;MG;ZN; candidate for docking review.
PDE10A,5SEO,RCSB_PDB,experimental,X-ray,2.1,A;B;C;D,IGE;MG;ZN,Homo sapiens,"CRYSTAL STRUCTURE OF HUMAN PHOSPHODIESTERASE 10 IN COMPLEX WITH N1(C(c2c(C1=O)cccc2)=O)CCc3c([nH]c(n3)c4ccccc4)C, micromolar IC50=0.088095",cif,data/target_db/cache/rcsb/PDE10A/5SEO.cif,https://files.rcsb.org/download/5SEO.cif,1,0,1,Experimental RCSB structure imported by bulk sync; resolution 2.1 A; ligand(s): IGE;MG;ZN; candidate for docking review.
PDE10A,5SEP,RCSB_PDB,experimental,X-ray,2.1,A;B;C;D,IGI;MG;ZN,Homo sapiens,"CRYSTAL STRUCTURE OF HUMAN PHOSPHODIESTERASE 10 IN COMPLEX WITH n2c(c1nc(nn1c(c2)C)CCc3nc(cn3C)C4CCCC4)C, micromolar IC50=0.101481",cif,data/target_db/cache/rcsb/PDE10A/5SEP.cif,https://files.rcsb.org/download/5SEP.cif,1,0,1,Experimental RCSB structure imported by bulk sync; resolution 2.1 A; ligand(s): IGI;MG;ZN; candidate for docking review.
PDE10A,5SEQ,RCSB_PDB,experimental,X-ray,2.18,A;B;C;D,IGO;MG;ZN,Homo sapiens,"CRYSTAL STRUCTURE OF HUMAN PHOSPHODIESTERASE 10 IN COMPLEX WITH c1(nn(c(n1)CCc2nn3c(n2)c(nc(c3C)C)C)C)N4CCCC4, micromolar IC50=0.037262",cif,data/target_db/cache/rcsb/PDE10A/5SEQ.cif,https://files.rcsb.org/download/5SEQ.cif,1,0,1,Experimental RCSB structure imported by bulk sync; resolution 2.18 A; ligand(s): IGO;MG;ZN; candidate for docking review.
PDE10A,5SER,RCSB_PDB,experimental,X-ray,2.25,A;B;C;D,IGW;MG;ZN,Homo sapiens,"CRYSTAL STRUCTURE OF HUMAN PHOSPHODIESTERASE 10 IN COMPLEX WITH c1(c(cnn1C)C(=O)N(C)CCF)C(Nc3cc2nc(nn2cc3)c4ccccc4)=O, micromolar IC50=0.0009363",cif,data/target_db/cache/rcsb/PDE10A/5SER.cif,https://files.rcsb.org/download/5SER.cif,1,0,1,Experimental RCSB structure imported by bulk sync; resolution 2.25 A; ligand(s): IGW;MG;ZN; candidate for docking review.
PDE10A,5SES,RCSB_PDB,experimental,X-ray,2.11,A;B;C;D,IGZ;MG;ZN,Homo sapiens,"CRYSTAL STRUCTURE OF HUMAN PHOSPHODIESTERASE 10 IN COMPLEX WITH [C@@H]5(NC(c1c(cnn1C)C(N2CCC2)=O)=O)CCn3c(nc(c3)c4ccccc4)C5, micromolar IC50=0.0196855",cif,data/target_db/cache/rcsb/PDE10A/5SES.cif,https://files.rcsb.org/download/5SES.cif,1,0,1,Experimental RCSB structure imported by bulk sync; resolution 2.11 A; ligand(s): IGZ;MG;ZN; candidate for docking review.
PDE10A,5SET,RCSB_PDB,experimental,X-ray,2.4,A,IH8;MG;ZN,Homo sapiens,"CRYSTAL STRUCTURE OF HUMAN PHOSPHODIESTERASE 10 IN COMPLEX WITH c1(cc(nn1C)c2ccccn2)NC(=O)c3c(ccc(n3)C4CC4)Nc5cncnc5, micromolar IC50=>1.66968",cif,data/target_db/cache/rcsb/PDE10A/5SET.cif,https://files.rcsb.org/download/5SET.cif,1,0,1,Experimental RCSB structure imported by bulk sync; resolution 2.4 A; ligand(s): IH8;MG;ZN; candidate for docking review.
PDE10A,5SEU,RCSB_PDB,experimental,X-ray,2.09,A;B;C;D,IHL;MG;ZN,Homo sapiens,"CRYSTAL STRUCTURE OF HUMAN PHOSPHODIESTERASE 10 IN COMPLEX WITH c2(cn1nc(nc1cc2)CCc3nc(nn3C)N4CCCC4)C(F)(F)F, micromolar IC50=0.541196",cif,data/target_db/cache/rcsb/PDE10A/5SEU.cif,https://files.rcsb.org/download/5SEU.cif,1,0,1,Experimental RCSB structure imported by bulk sync; resolution 2.09 A; ligand(s): IHL;MG;ZN; candidate for docking review.
PDE10A,5SEV,RCSB_PDB,experimental,X-ray,2.31,A;B;C;D,IHV;MG;ZN,Homo sapiens,"CRYSTAL STRUCTURE OF HUMAN PHOSPHODIESTERASE 10 IN COMPLEX WITH c1(c(C)nc(c(n1)CCc2nc(cn2C)c3ccccc3)C)C, micromolar IC50=0.081773",cif,data/target_db/cache/rcsb/PDE10A/5SEV.cif,https://files.rcsb.org/download/5SEV.cif,1,0,1,Experimental RCSB structure imported by bulk sync; resolution 2.31 A; ligand(s): IHV;MG;ZN; candidate for docking review.
PDE10A,5SEW,RCSB_PDB,experimental,X-ray,2.3,A,II5;MG;ZN,Homo sapiens,"CRYSTAL STRUCTURE OF HUMAN PHOSPHODIESTERASE 10 IN COMPLEX WITH c1(c(C(NC)=O)n(nc1)CCOC)NC(c2nc(ccc2Nc3cncnc3)C4CC4)=O, micromolar IC50=0.000881",cif,data/target_db/cache/rcsb/PDE10A/5SEW.cif,https://files.rcsb.org/download/5SEW.cif,1,0,1,Experimental RCSB structure imported by bulk sync; resolution 2.3 A; ligand(s): II5;MG;ZN; candidate for docking review.
PDE10A,5SEX,RCSB_PDB,experimental,X-ray,1.99,A;B;C;D,II9;MG;ZN,Homo sapiens,"CRYSTAL STRUCTURE OF HUMAN PHOSPHODIESTERASE 10 IN COMPLEX WITH n1c([nH]c2c1cc(c(c2)C(=O)NC)NC(c3cccc(n3)C)=O)c4ccccc4, micromolar IC50=0.035752",cif,data/target_db/cache/rcsb/PDE10A/5SEX.cif,https://files.rcsb.org/download/5SEX.cif,1,0,1,Experimental RCSB structure imported by bulk sync; resolution 1.99 A; ligand(s): II9;MG;ZN; candidate for docking review.
PDE10A,5SEY,RCSB_PDB,experimental,X-ray,2.29,A;B;C;D,IIR;MG;ZN,Homo sapiens,"CRYSTAL STRUCTURE OF HUMAN PHOSPHODIESTERASE 10 IN COMPLEX WITH n1(C)c(nc(c1)c2ccccc2)C#Cc5nn3c(nc(c3CO)C4CC4)cc5, micromolar IC50=0.046595",cif,data/target_db/cache/rcsb/PDE10A/5SEY.cif,https://files.rcsb.org/download/5SEY.cif,1,0,1,Experimental RCSB structure imported by bulk sync; resolution 2.29 A; ligand(s): IIR;MG;ZN; candidate for docking review.
PDE10A,5SEZ,RCSB_PDB,experimental,X-ray,1.99,A;B;C;D,IIU;MG;ZN,Homo sapiens,"CRYSTAL STRUCTURE OF HUMAN PHOSPHODIESTERASE 10 IN COMPLEX WITH c1(cc(nc(c1)CC)Cl)C(Nc3cc2nc(nn2cc3)c4ccccc4)=O, micromolar IC50=0.010134",cif,data/target_db/cache/rcsb/PDE10A/5SEZ.cif,https://files.rcsb.org/download/5SEZ.cif,1,0,1,Experimental RCSB structure imported by bulk sync; resolution 1.99 A; ligand(s): IIU;MG;ZN; candidate for docking review.
PDE10A,5SF0,RCSB_PDB,experimental,X-ray,2.1,A;B;C;D,GOL;IIX;MG;ZN,Homo sapiens,"CRYSTAL STRUCTURE OF HUMAN PHOSPHODIESTERASE 10 IN COMPLEX WITH C(N1CCC1)(=O)c4c(C(Nc2cc(n[nH]2)c3ccccn3)=O)n(nc4)C, micromolar IC50=0.008299",cif,data/target_db/cache/rcsb/PDE10A/5SF0.cif,https://files.rcsb.org/download/5SF0.cif,1,0,1,Experimental RCSB structure imported by bulk sync; resolution 2.1 A; ligand(s): GOL;IIX;MG;ZN; candidate for docking review.
PDE10A,5SF1,RCSB_PDB,experimental,X-ray,2.11,A;B;C;D,IJ0;MG;ZN,Homo sapiens,"CRYSTAL STRUCTURE OF HUMAN PHOSPHODIESTERASE 10 IN COMPLEX WITH c1cc(nn2c1nc(c2C)C(F)F)C#Cc3nc(cn3C)c4ccccc4, micromolar IC50=0.001029",cif,data/target_db/cache/rcsb/PDE10A/5SF1.cif,https://files.rcsb.org/download/5SF1.cif,1,0,1,Experimental RCSB structure imported by bulk sync; resolution 2.11 A; ligand(s): IJ0;MG;ZN; candidate for docking review.
PDE10A,5SF2,RCSB_PDB,experimental,X-ray,2.02,A,IJ7;MG;ZN,Homo sapiens,"CRYSTAL STRUCTURE OF HUMAN PHOSPHODIESTERASE 10 IN COMPLEX WITH c1(c(ccc(n1)C2CC2)Nc3cncnc3)C(Nc4ccc5c(c4)C(NC5)=O)=O, micromolar IC50=0.019496",cif,data/target_db/cache/rcsb/PDE10A/5SF2.cif,https://files.rcsb.org/download/5SF2.cif,1,0,1,Experimental RCSB structure imported by bulk sync; resolution 2.02 A; ligand(s): IJ7;MG;ZN; candidate for docking review.
PDE10A,5SF3,RCSB_PDB,experimental,X-ray,2.15,A;B;C;D,IJA;MG;ZN,Homo sapiens,"CRYSTAL STRUCTURE OF HUMAN PHOSPHODIESTERASE 10 IN COMPLEX WITH c1(c(cnn1C)C(NCc2ccn[nH]2)=O)C(Nc4nc3nc(cn3cc4)c5ccccc5)=O, micromolar IC50=0.0025705",cif,data/target_db/cache/rcsb/PDE10A/5SF3.cif,https://files.rcsb.org/download/5SF3.cif,1,0,1,Experimental RCSB structure imported by bulk sync; resolution 2.15 A; ligand(s): IJA;MG;ZN; candidate for docking review.
PDE10A,5SF4,RCSB_PDB,experimental,X-ray,2.25,A;B;C;D,IJD;MG;ZN,Homo sapiens,"CRYSTAL STRUCTURE OF HUMAN PHOSPHODIESTERASE 10 IN COMPLEX WITH c1(cc(nn1CCN(C)C)c2ccccn2)NC(c3nc(ccc3Nc4cncnc4)C5CC5)=O, micromolar IC50=0.001046",cif,data/target_db/cache/rcsb/PDE10A/5SF4.cif,https://files.rcsb.org/download/5SF4.cif,1,0,1,Experimental RCSB structure imported by bulk sync; resolution 2.25 A; ligand(s): IJD;MG;ZN; candidate for docking review.
PDE10A,5SF5,RCSB_PDB,experimental,X-ray,1.98,A;B;C;D,IJH;MG;ZN,Homo sapiens,"CRYSTAL STRUCTURE OF HUMAN PHOSPHODIESTERASE 10 IN COMPLEX WITH c1cc(nn2c1nc(c2C)C)CCc3nc(cn3C)c4ccccc4, micromolar IC50=0.0034475",cif,data/target_db/cache/rcsb/PDE10A/5SF5.cif,https://files.rcsb.org/download/5SF5.cif,1,0,1,Experimental RCSB structure imported by bulk sync; resolution 1.98 A; ligand(s): IJH;MG;ZN; candidate for docking review.
PDE10A,5SF6,RCSB_PDB,experimental,X-ray,2.03,A;B;C;D,IJK;MG;ZN,Homo sapiens,"CRYSTAL STRUCTURE OF HUMAN PHOSPHODIESTERASE 10 IN COMPLEX WITH N1(CCCC1)c2nn(c(n2)CCc4nn3c(nc(c3C)C)c(n4)NC(C)C)C, micromolar IC50=0.002775",cif,data/target_db/cache/rcsb/PDE10A/5SF6.cif,https://files.rcsb.org/download/5SF6.cif,1,0,1,Experimental RCSB structure imported by bulk sync; resolution 2.03 A; ligand(s): IJK;MG;ZN; candidate for docking review.
PDE10A,5SF7,RCSB_PDB,experimental,X-ray,2.08,A;B;C;D,IJN;MG;ZN,Homo sapiens,"CRYSTAL STRUCTURE OF HUMAN PHOSPHODIESTERASE 10 IN COMPLEX WITH c1c2c(ccc1OC)C(=O)N(c3c(nc(n23)c4c(Cl)cccc4)C)C, micromolar IC50=0.0075033",cif,data/target_db/cache/rcsb/PDE10A/5SF7.cif,https://files.rcsb.org/download/5SF7.cif,1,0,1,Experimental RCSB structure imported by bulk sync; resolution 2.08 A; ligand(s): IJN;MG;ZN; candidate for docking review.
PDE10A,5SF8,RCSB_PDB,experimental,X-ray,2.15,A;B;C;D,IJQ;MG;ZN,Homo sapiens,"CRYSTAL STRUCTURE OF HUMAN PHOSPHODIESTERASE 10 IN COMPLEX WITH c1c(cccc1)c2nn(c(n2)CCNC(c3c(cnn3C)C(=O)N4CCC4)=O)c5ccccn5, micromolar IC50=0.000474",cif,data/target_db/cache/rcsb/PDE10A/5SF8.cif,https://files.rcsb.org/download/5SF8.cif,1,0,1,Experimental RCSB structure imported by bulk sync; resolution 2.15 A; ligand(s): IJQ;MG;ZN; candidate for docking review.
PDE10A,5SF9,RCSB_PDB,experimental,X-ray,2.37,A;B;C;D,IJT;MG;ZN,Homo sapiens,"CRYSTAL STRUCTURE OF HUMAN PHOSPHODIESTERASE 10 IN COMPLEX WITH c1ccc2c(c1)nc(c(n2)C)OCc3nc(cn3C)c4ccccc4, micromolar IC50=0.004192",cif,data/target_db/cache/rcsb/PDE10A/5SF9.cif,https://files.rcsb.org/download/5SF9.cif,1,0,1,Experimental RCSB structure imported by bulk sync; resolution 2.37 A; ligand(s): IJT;MG;ZN; candidate for docking review.
PDE10A,5SFA,RCSB_PDB,experimental,X-ray,2.32,A;B;C;D,IJW;MG;ZN,Homo sapiens,"CRYSTAL STRUCTURE OF HUMAN PHOSPHODIESTERASE 10 IN COMPLEX WITH n1cc(nc(c1OCc2nc(cn2C)c3ccccc3)C(N[C@@H]4COCC4)=O)C5CC5, micromolar IC50=0.150444",cif,data/target_db/cache/rcsb/PDE10A/5SFA.cif,https://files.rcsb.org/download/5SFA.cif,1,0,1,Experimental RCSB structure imported by bulk sync; resolution 2.32 A; ligand(s): IJW;MG;ZN; candidate for docking review.
PDE10A,5SFB,RCSB_PDB,experimental,X-ray,1.98,A;B;C;D,IK0;MG;ZN,Homo sapiens,"CRYSTAL STRUCTURE OF HUMAN PHOSPHODIESTERASE 10 IN COMPLEX WITH c1(cc(nn2c1nc(c2C)C)CCc3nc(nn3C)N4CCCC4)C(NC)=O, micromolar IC50=0.0021475",cif,data/target_db/cache/rcsb/PDE10A/5SFB.cif,https://files.rcsb.org/download/5SFB.cif,1,0,1,Experimental RCSB structure imported by bulk sync; resolution 1.98 A; ligand(s): IK0;MG;ZN; candidate for docking review.
PDE10A,5SFC,RCSB_PDB,experimental,X-ray,2.18,A;B;C;D,IK6;MG;ZN,Homo sapiens,"CRYSTAL STRUCTURE OF HUMAN PHOSPHODIESTERASE 10 IN COMPLEX WITH c1(c(cnn1C)C(Nc3nc2nc(cn2cc3)c4ccccc4)=O)C(N5CCC5)=O, micromolar IC50=2.191865",cif,data/target_db/cache/rcsb/PDE10A/5SFC.cif,https://files.rcsb.org/download/5SFC.cif,1,0,1,Experimental RCSB structure imported by bulk sync; resolution 2.18 A; ligand(s): IK6;MG;ZN; candidate for docking review.
PDE10A,5SFD,RCSB_PDB,experimental,X-ray,2.05,A;B;C;D,IKB;MG;ZN,Homo sapiens,"CRYSTAL STRUCTURE OF HUMAN PHOSPHODIESTERASE 10 IN COMPLEX WITH n1(nc(nc1CCc2nn3c(n2)c(ncc3C)C)N4CCCCC4)C, micromolar IC50=0.03165",cif,data/target_db/cache/rcsb/PDE10A/5SFD.cif,https://files.rcsb.org/download/5SFD.cif,1,0,1,Experimental RCSB structure imported by bulk sync; resolution 2.05 A; ligand(s): IKB;MG;ZN; candidate for docking review.
PDE10A,5SFE,RCSB_PDB,experimental,X-ray,1.86,A;B;C;D,MG;WP3;ZN,Homo sapiens,"CRYSTAL STRUCTURE OF HUMAN PHOSPHODIESTERASE 10 IN COMPLEX WITH c2(nc1nc(cn1cc2)c3cc(ccc3)F)NC(c4c(cnn4C)C(N(C)C)=O)=O, micromolar IC50=0.011191",cif,data/target_db/cache/rcsb/PDE10A/5SFE.cif,https://files.rcsb.org/download/5SFE.cif,1,0,1,Experimental RCSB structure imported by bulk sync; resolution 1.86 A; ligand(s): MG;WP3;ZN; candidate for docking review.
PDE10A,5SFF,RCSB_PDB,experimental,X-ray,2.16,A;B;C;D,IKH;MG;ZN,Homo sapiens,"CRYSTAL STRUCTURE OF HUMAN PHOSPHODIESTERASE 10 IN COMPLEX WITH c1cc(nn2c1nc(c2CO)C)C#Cc3nc(cn3C)c4ccccc4, micromolar IC50=0.00103",cif,data/target_db/cache/rcsb/PDE10A/5SFF.cif,https://files.rcsb.org/download/5SFF.cif,1,0,1,Experimental RCSB structure imported by bulk sync; resolution 2.16 A; ligand(s): IKH;MG;ZN; candidate for docking review.
PDE10A,5SFG,RCSB_PDB,experimental,X-ray,2.31,A;B;C;D,IKK;MG;ZN,Homo sapiens,"CRYSTAL STRUCTURE OF HUMAN PHOSPHODIESTERASE 10 IN COMPLEX WITH c1(nc(ccc1Nc2cncnc2)C3CC3)C(N[C@H]5CN(c4ccc(cn4)Cl)CC5)=O, micromolar IC50=0.006043",cif,data/target_db/cache/rcsb/PDE10A/5SFG.cif,https://files.rcsb.org/download/5SFG.cif,1,0,1,Experimental RCSB structure imported by bulk sync; resolution 2.31 A; ligand(s): IKK;MG;ZN; candidate for docking review.
PDE10A,5SFH,RCSB_PDB,experimental,X-ray,2.29,A;B;C;D,IKO;MG;ZN,Homo sapiens,"CRYSTAL STRUCTURE OF HUMAN PHOSPHODIESTERASE 10 IN COMPLEX WITH N(C1CC1)(C)c2nn(c(n2)CCc4nn3c(cnc(c3n4)C)C)C, micromolar IC50=0.042255",cif,data/target_db/cache/rcsb/PDE10A/5SFH.cif,https://files.rcsb.org/download/5SFH.cif,1,0,1,Experimental RCSB structure imported by bulk sync; resolution 2.29 A; ligand(s): IKO;MG;ZN; candidate for docking review.
PDE10A,5SFI,RCSB_PDB,experimental,X-ray,2.01,A;B;C;D,IKU;MG;PG4;ZN,Homo sapiens,"CRYSTAL STRUCTURE OF HUMAN PHOSPHODIESTERASE 10 IN COMPLEX WITH n1(nc(nc1CCc2nn3c(n2)c(ncc3C)C)N4[C@H](CCC4)C)C, micromolar IC50=0.028433",cif,data/target_db/cache/rcsb/PDE10A/5SFI.cif,https://files.rcsb.org/download/5SFI.cif,1,0,1,Experimental RCSB structure imported by bulk sync; resolution 2.01 A; ligand(s): IKU;MG;PG4;ZN; candidate for docking review.
PDE10A,5SFJ,RCSB_PDB,experimental,X-ray,2.41,A;B;C;D,IKZ;MG;ZN,Homo sapiens,"CRYSTAL STRUCTURE OF HUMAN PHOSPHODIESTERASE 10 IN COMPLEX WITH c2(c(C(=O)NCc1ncccc1)cnn2C)C(=O)Nc4nc3nc(cn3cc4)c5ccccc5, micromolar IC50=0.0118605",cif,data/target_db/cache/rcsb/PDE10A/5SFJ.cif,https://files.rcsb.org/download/5SFJ.cif,1,0,1,Experimental RCSB structure imported by bulk sync; resolution 2.41 A; ligand(s): IKZ;MG;ZN; candidate for docking review.
PDE10A,5SFK,RCSB_PDB,experimental,X-ray,2.33,A;B;C;D,IL6;MG;ZN,Homo sapiens,"CRYSTAL STRUCTURE OF HUMAN PHOSPHODIESTERASE 10 IN COMPLEX WITH c1(nc(ccc1Nc2cncnc2)C3CC3)C(=O)Nc4nn(CC(F)(F)F)cc4, micromolar IC50=0.00639",cif,data/target_db/cache/rcsb/PDE10A/5SFK.cif,https://files.rcsb.org/download/5SFK.cif,1,0,1,Experimental RCSB structure imported by bulk sync; resolution 2.33 A; ligand(s): IL6;MG;ZN; candidate for docking review.
PDE10A,5SFL,RCSB_PDB,experimental,X-ray,2.13,A;B;C;D,IL9;MG;ZN,Homo sapiens,"CRYSTAL STRUCTURE OF HUMAN PHOSPHODIESTERASE 10 IN COMPLEX WITH c1ncc(cn1)Nc3ncc(C2CC2)nc3C(=O)Nc4c(C(NCC(C)(O)C)=O)n(nc4)C, micromolar IC50=0.0032582",cif,data/target_db/cache/rcsb/PDE10A/5SFL.cif,https://files.rcsb.org/download/5SFL.cif,1,0,1,Experimental RCSB structure imported by bulk sync; resolution 2.13 A; ligand(s): IL9;MG;ZN; candidate for docking review.
PDE10A,5SFM,RCSB_PDB,experimental,X-ray,2.16,A;B;C;D,ILN;MG;ZN,Homo sapiens,"CRYSTAL STRUCTURE OF HUMAN PHOSPHODIESTERASE 10 IN COMPLEX WITH n3cn1c(nc(n1)c2ccccc2)cc3NC(=O)c5c(C(=O)N4CCOCC4)cnn5C, micromolar IC50=0.0012349",cif,data/target_db/cache/rcsb/PDE10A/5SFM.cif,https://files.rcsb.org/download/5SFM.cif,1,0,1,Experimental RCSB structure imported by bulk sync; resolution 2.16 A; ligand(s): ILN;MG;ZN; candidate for docking review.
PDE10A,5SFN,RCSB_PDB,experimental,X-ray,2.02,A;B;C;D,ILS;MG;ZN,Homo sapiens,"CRYSTAL STRUCTURE OF HUMAN PHOSPHODIESTERASE 10 IN COMPLEX WITH c12c(cccc1)n(C)c(n2)CCNC(c4c(C(=O)N3CCC3)cnn4C)=O, micromolar IC50=0.01602",cif,data/target_db/cache/rcsb/PDE10A/5SFN.cif,https://files.rcsb.org/download/5SFN.cif,1,0,1,Experimental RCSB structure imported by bulk sync; resolution 2.02 A; ligand(s): ILS;MG;ZN; candidate for docking review.
PDE10A,5SFO,RCSB_PDB,experimental,X-ray,1.96,A;B;C;D,ILZ;MG;ZN,Homo sapiens,"CRYSTAL STRUCTURE OF HUMAN PHOSPHODIESTERASE 10 IN COMPLEX WITH n2(cc(c1ccccc1)nc2CCNC(c4c(C(=O)N3CCC3)cnn4C)=O)C, micromolar IC50=0.004013",cif,data/target_db/cache/rcsb/PDE10A/5SFO.cif,https://files.rcsb.org/download/5SFO.cif,1,0,1,Experimental RCSB structure imported by bulk sync; resolution 1.96 A; ligand(s): ILZ;MG;ZN; candidate for docking review.
PDE10A,5SFP,RCSB_PDB,experimental,X-ray,2.0,A;B;C;D,IO4;MG;ZN,Homo sapiens,"CRYSTAL STRUCTURE OF HUMAN PHOSPHODIESTERASE 10 IN COMPLEX WITH c3(cn1c(cc(n1)c2ccccc2)cc3)C(=O)Nc4ccnc(c4)Cl, micromolar IC50=0.036749",cif,data/target_db/cache/rcsb/PDE10A/5SFP.cif,https://files.rcsb.org/download/5SFP.cif,1,0,1,Experimental RCSB structure imported by bulk sync; resolution 2.0 A; ligand(s): IO4;MG;ZN; candidate for docking review.
PDE10A,5SFQ,RCSB_PDB,experimental,X-ray,2.21,A;B;C;D,IO7;MG;ZN,Homo sapiens,"CRYSTAL STRUCTURE OF HUMAN PHOSPHODIESTERASE 10 IN COMPLEX WITH n2(c(c(C(=O)N1CCC1)cn2)C(Nc3nn(CC(F)F)cc3)=O)C, micromolar IC50=0.274828",cif,data/target_db/cache/rcsb/PDE10A/5SFQ.cif,https://files.rcsb.org/download/5SFQ.cif,1,0,1,Experimental RCSB structure imported by bulk sync; resolution 2.21 A; ligand(s): IO7;MG;ZN; candidate for docking review.
PDE10A,5SFR,RCSB_PDB,experimental,X-ray,2.04,A;B;C;D,IOI;MG;ZN,Homo sapiens,"CRYSTAL STRUCTURE OF HUMAN PHOSPHODIESTERASE 10 IN COMPLEX WITH c1(c(C(=O)N(C)CC)cnn1C)C(Nc3nc2nc(cn2cc3)c4cc(ccc4)OCCF)=O, micromolar IC50=0.006128",cif,data/target_db/cache/rcsb/PDE10A/5SFR.cif,https://files.rcsb.org/download/5SFR.cif,1,0,1,Experimental RCSB structure imported by bulk sync; resolution 2.04 A; ligand(s): IOI;MG;ZN; candidate for docking review.
PDE10A,5SFS,RCSB_PDB,experimental,X-ray,2.24,A;B;C;D,IOU;MG;ZN,Homo sapiens,"CRYSTAL STRUCTURE OF HUMAN PHOSPHODIESTERASE 10 IN COMPLEX WITH n2c(C)c1nc(nn1c(c2)C)CCc3nc(nn3C)N4CC[C@@H](C4)C, micromolar IC50=0.012855",cif,data/target_db/cache/rcsb/PDE10A/5SFS.cif,https://files.rcsb.org/download/5SFS.cif,1,0,1,Experimental RCSB structure imported by bulk sync; resolution 2.24 A; ligand(s): IOU;MG;ZN; candidate for docking review.
PDE10A,5SFT,RCSB_PDB,experimental,X-ray,2.32,A;B;C;D,IOZ;MG;ZN,Homo sapiens,"CRYSTAL STRUCTURE OF HUMAN PHOSPHODIESTERASE 10 IN COMPLEX WITH N1(CCCC1)c2nc(nn2C)CCc4nn3c(cnc(c3n4)C)C, micromolar IC50=0.0029272",cif,data/target_db/cache/rcsb/PDE10A/5SFT.cif,https://files.rcsb.org/download/5SFT.cif,1,0,1,Experimental RCSB structure imported by bulk sync; resolution 2.32 A; ligand(s): IOZ;MG;ZN; candidate for docking review.
PDE10A,5SFU,RCSB_PDB,experimental,X-ray,2.4,A;B;C;D,IQ3;MG;ZN,Homo sapiens,"CRYSTAL STRUCTURE OF HUMAN PHOSPHODIESTERASE 10 IN COMPLEX WITH c2(c(Nc1cncnc1)ccc(n2)C3CC3)C(Nc5c(C(N4CCCC4)=O)ccnc5)=O, micromolar IC50=0.018722",cif,data/target_db/cache/rcsb/PDE10A/5SFU.cif,https://files.rcsb.org/download/5SFU.cif,1,0,1,Experimental RCSB structure imported by bulk sync; resolution 2.4 A; ligand(s): IQ3;MG;ZN; candidate for docking review.
PDE10A,5SFV,RCSB_PDB,experimental,X-ray,2.41,A;B;C;D,IQ9;MG;ZN,Homo sapiens,"CRYSTAL STRUCTURE OF HUMAN PHOSPHODIESTERASE 10 IN COMPLEX WITH n2(c(c(C(N1CCC1)=O)cn2)C(Nc4nn(C3CCCC3)cc4)=O)C, micromolar IC50=0.075252",cif,data/target_db/cache/rcsb/PDE10A/5SFV.cif,https://files.rcsb.org/download/5SFV.cif,1,0,1,Experimental RCSB structure imported by bulk sync; resolution 2.41 A; ligand(s): IQ9;MG;ZN; candidate for docking review.
PDE10A,5SFW,RCSB_PDB,experimental,X-ray,2.15,A;B;C;D,IQF;MG;ZN,Homo sapiens,"CRYSTAL STRUCTURE OF HUMAN PHOSPHODIESTERASE 10 IN COMPLEX WITH n4c(CC)n1c(nc(n1)CCc2nc(nn2C)N3CCCC3)c(c4)C, micromolar IC50=0.004899",cif,data/target_db/cache/rcsb/PDE10A/5SFW.cif,https://files.rcsb.org/download/5SFW.cif,1,0,1,Experimental RCSB structure imported by bulk sync; resolution 2.15 A; ligand(s): IQF;MG;ZN; candidate for docking review.
PDE10A,5SFX,RCSB_PDB,experimental,X-ray,2.04,A;B;C;D,IQJ;MG;ZN,Homo sapiens,"CRYSTAL STRUCTURE OF HUMAN PHOSPHODIESTERASE 10 IN COMPLEX WITH n2(c(c(C(=O)N1CCC1)cn2)C(Nc3ccc4c(c3)nc(s4)NC(C)=O)=O)C, micromolar IC50=0.012183",cif,data/target_db/cache/rcsb/PDE10A/5SFX.cif,https://files.rcsb.org/download/5SFX.cif,1,0,1,Experimental RCSB structure imported by bulk sync; resolution 2.04 A; ligand(s): IQJ;MG;ZN; candidate for docking review.
PDE10A,5SFY,RCSB_PDB,experimental,X-ray,2.08,A;B;C;D,IQV;MG;ZN,Homo sapiens,"CRYSTAL STRUCTURE OF HUMAN PHOSPHODIESTERASE 10 IN COMPLEX WITH n2c(c1nc(nn1c(c2)C)\\C=C\\c3nc(nn3C)c4c[nH]nc4)C, micromolar IC50=0.22176",cif,data/target_db/cache/rcsb/PDE10A/5SFY.cif,https://files.rcsb.org/download/5SFY.cif,1,0,1,Experimental RCSB structure imported by bulk sync; resolution 2.08 A; ligand(s): IQV;MG;ZN; candidate for docking review.
PDE10A,5SFZ,RCSB_PDB,experimental,X-ray,2.16,A;B;C;D,IV0;MG;ZN,Homo sapiens,"CRYSTAL STRUCTURE OF HUMAN PHOSPHODIESTERASE 10 IN COMPLEX WITH c1(ccnn1c2ccccc2)NC(=O)NCCc3c(oc(n3)c4ccccc4)C, micromolar IC50=0.843056",cif,data/target_db/cache/rcsb/PDE10A/5SFZ.cif,https://files.rcsb.org/download/5SFZ.cif,1,0,1,Experimental RCSB structure imported by bulk sync; resolution 2.16 A; ligand(s): IV0;MG;ZN; candidate for docking review.
PDE10A,5SG0,RCSB_PDB,experimental,X-ray,2.06,A;B;C;D,IV4;MG;ZN,Homo sapiens,"CRYSTAL STRUCTURE OF HUMAN PHOSPHODIESTERASE 10 IN COMPLEX WITH N3(c1ccnn1c2ccccc2)CCN(C3=O)CCc4c(oc(n4)c5ccccc5)C, micromolar IC50=0.809009",cif,data/target_db/cache/rcsb/PDE10A/5SG0.cif,https://files.rcsb.org/download/5SG0.cif,1,0,1,Experimental RCSB structure imported by bulk sync; resolution 2.06 A; ligand(s): IV4;MG;ZN; candidate for docking review.
PDE10A,5SG1,RCSB_PDB,experimental,X-ray,2.41,A;B;C;D,IV8;MG;ZN,Homo sapiens,"CRYSTAL STRUCTURE OF HUMAN PHOSPHODIESTERASE 10 IN COMPLEX WITH n2c1ccc5c(n1nc2CCc3nc(nn3C)N4CCCC4)cccc5, micromolar IC50=0.029195",cif,data/target_db/cache/rcsb/PDE10A/5SG1.cif,https://files.rcsb.org/download/5SG1.cif,1,0,1,Experimental RCSB structure imported by bulk sync; resolution 2.41 A; ligand(s): IV8;MG;ZN; candidate for docking review.
PDE10A,5SG2,RCSB_PDB,experimental,X-ray,2.15,A;B;C;D,GIQ;MG;ZN,Homo sapiens,"CRYSTAL STRUCTURE OF HUMAN PHOSPHODIESTERASE 10 IN COMPLEX WITH n1c(N)n(c3c1c2c(nccc2)cc3)C, micromolar IC50=32.68161",cif,data/target_db/cache/rcsb/PDE10A/5SG2.cif,https://files.rcsb.org/download/5SG2.cif,1,0,1,Experimental RCSB structure imported by bulk sync; resolution 2.15 A; ligand(s): GIQ;MG;ZN; candidate for docking review.
PDE10A,5SG3,RCSB_PDB,experimental,X-ray,1.98,A;B;C;D,IVE;MG;ZN,Homo sapiens,"CRYSTAL STRUCTURE OF HUMAN PHOSPHODIESTERASE 10 IN COMPLEX WITH c1(ccc(cc1)[C@@H](C(N\\N=C\\c2cc(c(Br)c(c2)OC)OC)=O)OCC)N3CCOCC3, micromolar IC50=0.0063575",cif,data/target_db/cache/rcsb/PDE10A/5SG3.cif,https://files.rcsb.org/download/5SG3.cif,1,0,1,Experimental RCSB structure imported by bulk sync; resolution 1.98 A; ligand(s): IVE;MG;ZN; candidate for docking review.
PDE10A,5SG4,RCSB_PDB,experimental,X-ray,2.3,A,IVJ;MG;ZN,Homo sapiens,"CRYSTAL STRUCTURE OF HUMAN PHOSPHODIESTERASE 10 IN COMPLEX WITH N(C(=O)c1c(cnn1C)C(=O)N)c3ccc2[nH]c(nc2c3)c4cccc(c4)Cl, micromolar IC50=0.009485",cif,data/target_db/cache/rcsb/PDE10A/5SG4.cif,https://files.rcsb.org/download/5SG4.cif,1,0,1,Experimental RCSB structure imported by bulk sync; resolution 2.3 A; ligand(s): IVJ;MG;ZN; candidate for docking review.
PDE10A,5SG5,RCSB_PDB,experimental,X-ray,2.17,A;B;C;D,IVP;MG;ZN,Homo sapiens,"CRYSTAL STRUCTURE OF HUMAN PHOSPHODIESTERASE 10 IN COMPLEX WITH C1(c4c(N=C(N1)CN(C(Nc2ccc(cc2)C)=O)Cc3ccc(cc3)OC)cccc4)=O, micromolar IC50=0.032264",cif,data/target_db/cache/rcsb/PDE10A/5SG5.cif,https://files.rcsb.org/download/5SG5.cif,1,0,1,Experimental RCSB structure imported by bulk sync; resolution 2.17 A; ligand(s): IVP;MG;ZN; candidate for docking review.
PDE10A,5SG6,RCSB_PDB,experimental,X-ray,1.96,A;B;C;D,IVT;MG;ZN,Homo sapiens,"CRYSTAL STRUCTURE OF HUMAN PHOSPHODIESTERASE 10 IN COMPLEX WITH N4(c1nn(c(n1)CCc3nn2c(cnc(C)c2n3)C)C)CCCC4, micromolar IC50=0.0040613",cif,data/target_db/cache/rcsb/PDE10A/5SG6.cif,https://files.rcsb.org/download/5SG6.cif,1,0,1,Experimental RCSB structure imported by bulk sync; resolution 1.96 A; ligand(s): IVT;MG;ZN; candidate for docking review.
PDE10A,5SG7,RCSB_PDB,experimental,X-ray,2.3,A;B;C;D,IVY;MG;ZN,Homo sapiens,"CRYSTAL STRUCTURE OF HUMAN PHOSPHODIESTERASE 10 IN COMPLEX WITH N1=C(C(=O)C=CN1c2cccc(c2)C(F)(F)F)c3ccnn3c4c(cccc4)F, micromolar IC50=0.07",cif,data/target_db/cache/rcsb/PDE10A/5SG7.cif,https://files.rcsb.org/download/5SG7.cif,1,0,1,Experimental RCSB structure imported by bulk sync; resolution 2.3 A; ligand(s): IVY;MG;ZN; candidate for docking review.
PDE10A,5SG8,RCSB_PDB,experimental,X-ray,2.16,A;B;C;D,IW9;MG;ZN,Homo sapiens,"CRYSTAL STRUCTURE OF HUMAN PHOSPHODIESTERASE 10 IN COMPLEX WITH c1(cnc(nc1OCC)N)OCCCC, micromolar IC50=5.076956",cif,data/target_db/cache/rcsb/PDE10A/5SG8.cif,https://files.rcsb.org/download/5SG8.cif,1,0,1,Experimental RCSB structure imported by bulk sync; resolution 2.16 A; ligand(s): IW9;MG;ZN; candidate for docking review.
PDE10A,5SG9,RCSB_PDB,experimental,X-ray,2.13,A;B;C;D,IWC;MG;ZN,Homo sapiens,"CRYSTAL STRUCTURE OF HUMAN PHOSPHODIESTERASE 10 IN COMPLEX WITH c1(cc(nc(n1)\\C=C\\c3nc2ccccc2cc3)C)N4CCCC4, micromolar IC50=0.536555",cif,data/target_db/cache/rcsb/PDE10A/5SG9.cif,https://files.rcsb.org/download/5SG9.cif,1,0,1,Experimental RCSB structure imported by bulk sync; resolution 2.13 A; ligand(s): IWC;MG;ZN; candidate for docking review.
PDE10A,5SGB,RCSB_PDB,experimental,X-ray,2.39,A;B;C;D,IWG;MG;ZN,Homo sapiens,"CRYSTAL STRUCTURE OF HUMAN PHOSPHODIESTERASE 10 IN COMPLEX WITH n3ncc(Oc1ccc(c2c1cccc2)Cl)s3, micromolar IC50=>10",cif,data/target_db/cache/rcsb/PDE10A/5SGB.cif,https://files.rcsb.org/download/5SGB.cif,1,0,1,Experimental RCSB structure imported by bulk sync; resolution 2.39 A; ligand(s): IWG;MG;ZN; candidate for docking review.
PDE10A,5SGC,RCSB_PDB,experimental,X-ray,2.09,A;B;C;D,IWK;MG;ZN,Homo sapiens,"CRYSTAL STRUCTURE OF HUMAN PHOSPHODIESTERASE 10 IN COMPLEX WITH n3cn1c(nc(n1)N2CCOCC2)cc3NC(c4c(cnn4C)C(N5CCC5)=O)=O, micromolar IC50=0.004831",cif,data/target_db/cache/rcsb/PDE10A/5SGC.cif,https://files.rcsb.org/download/5SGC.cif,1,0,1,Experimental RCSB structure imported by bulk sync; resolution 2.09 A; ligand(s): IWK;MG;ZN; candidate for docking review.
PDE10A,5SGD,RCSB_PDB,experimental,X-ray,2.54,A;B;C;D,IWN;MG;ZN,Homo sapiens,"CRYSTAL STRUCTURE OF HUMAN PHOSPHODIESTERASE 10 IN COMPLEX WITH n1(c(c(COC)cn1)C(=O)Nc3cc2nc(nn2cc3)c4ccccc4)C, micromolar IC50=0.01444",cif,data/target_db/cache/rcsb/PDE10A/5SGD.cif,https://files.rcsb.org/download/5SGD.cif,1,0,1,Experimental RCSB structure imported by bulk sync; resolution 2.54 A; ligand(s): IWN;MG;ZN; candidate for docking review.
PDE10A,5SGE,RCSB_PDB,experimental,X-ray,2.2,A;B;C;D,IWS;MG;ZN,Homo sapiens,"CRYSTAL STRUCTURE OF HUMAN PHOSPHODIESTERASE 10 IN COMPLEX WITH c12c(cccc1)NC(n3c2ncc3)=O, micromolar IC50=7.776412",cif,data/target_db/cache/rcsb/PDE10A/5SGE.cif,https://files.rcsb.org/download/5SGE.cif,1,0,1,Experimental RCSB structure imported by bulk sync; resolution 2.2 A; ligand(s): IWS;MG;ZN; candidate for docking review.
PDE10A,5SGF,RCSB_PDB,experimental,X-ray,2.3,A;B;C;D,GOL;IWY;MG;ZN,Homo sapiens,"CRYSTAL STRUCTURE OF HUMAN PHOSPHODIESTERASE 10 IN COMPLEX WITH c1(c(C(OCC)=O)cnn1C)C(NCCC)=O, micromolar IC50=6.982255",cif,data/target_db/cache/rcsb/PDE10A/5SGF.cif,https://files.rcsb.org/download/5SGF.cif,1,0,1,Experimental RCSB structure imported by bulk sync; resolution 2.3 A; ligand(s): GOL;IWY;MG;ZN; candidate for docking review.
PDE10A,5SGG,RCSB_PDB,experimental,X-ray,2.09,A;B;C;D,IX2;MG;ZN,Homo sapiens,"CRYSTAL STRUCTURE OF HUMAN PHOSPHODIESTERASE 10 IN COMPLEX WITH c12cc4c(cc1[nH]c(n2)SCc3c(C)c(c(cn3)C)Cl)OCC4, micromolar IC50=0.359161",cif,data/target_db/cache/rcsb/PDE10A/5SGG.cif,https://files.rcsb.org/download/5SGG.cif,1,0,1,Experimental RCSB structure imported by bulk sync; resolution 2.09 A; ligand(s): IX2;MG;ZN; candidate for docking review.
PDE10A,5SGH,RCSB_PDB,experimental,X-ray,1.97,A;B;C;D,IX5;MG;ZN,Homo sapiens,"CRYSTAL STRUCTURE OF HUMAN PHOSPHODIESTERASE 10 IN COMPLEX WITH c1(nc(nc2c1cnn2C)OCc3nc(cn3C)c4ccccc4)N5CCOCC5, micromolar IC50=0.010108",cif,data/target_db/cache/rcsb/PDE10A/5SGH.cif,https://files.rcsb.org/download/5SGH.cif,1,0,1,Experimental RCSB structure imported by bulk sync; resolution 1.97 A; ligand(s): IX5;MG;ZN; candidate for docking review.
PDE10A,5SGI,RCSB_PDB,experimental,X-ray,1.97,A;B;C;D,GOL;IX9;MG;ZN,Homo sapiens,"CRYSTAL STRUCTURE OF HUMAN PHOSPHODIESTERASE 10 IN COMPLEX WITH n2c(nc1[nH]cnc1c2Oc3cc(ccc3)C)N5CCN(c4ncccc4)CC5, micromolar IC50=0.035",cif,data/target_db/cache/rcsb/PDE10A/5SGI.cif,https://files.rcsb.org/download/5SGI.cif,1,0,1,Experimental RCSB structure imported by bulk sync; resolution 1.97 A; ligand(s): GOL;IX9;MG;ZN; candidate for docking review.
PDE10A,5SGJ,RCSB_PDB,experimental,X-ray,2.66,A;B;C;D,IXI;MG;ZN,Homo sapiens,"CRYSTAL STRUCTURE OF HUMAN PHOSPHODIESTERASE 10 IN COMPLEX WITH c4c(nc(C(Nc1c(cc2c(c1)nc([nH]2)c3ccccc3)C(NC)=O)=O)c(c4)C)C, micromolar IC50=0.007516",cif,data/target_db/cache/rcsb/PDE10A/5SGJ.cif,https://files.rcsb.org/download/5SGJ.cif,1,0,1,Experimental RCSB structure imported by bulk sync; resolution 2.66 A; ligand(s): IXI;MG;ZN; candidate for docking review.
PDE10A,5SGK,RCSB_PDB,experimental,X-ray,2.13,A;B;C;D,IXL;MG;ZN,Homo sapiens,"CRYSTAL STRUCTURE OF HUMAN PHOSPHODIESTERASE 10 IN COMPLEX WITH [C@@H]2(Cc1nc(cn1CC2)c3ccccc3C)NC(=O)c5c(C(=O)N4CCC4)cnn5C, micromolar IC50=0.007851",cif,data/target_db/cache/rcsb/PDE10A/5SGK.cif,https://files.rcsb.org/download/5SGK.cif,1,0,1,Experimental RCSB structure imported by bulk sync; resolution 2.13 A; ligand(s): IXL;MG;ZN; candidate for docking review.
PDE10A,5SGL,RCSB_PDB,experimental,X-ray,2.28,A;B;C;D,IXT;MG;ZN,Homo sapiens,"CRYSTAL STRUCTURE OF HUMAN PHOSPHODIESTERASE 10 IN COMPLEX WITH c1(ccc(cc1)[C@H](OCC)C(=O)N\\N=C\\c2cc(c(Br)c(c2)OC)OC)n3nccc3, micromolar IC50=0.001626",cif,data/target_db/cache/rcsb/PDE10A/5SGL.cif,https://files.rcsb.org/download/5SGL.cif,1,0,1,Experimental RCSB structure imported by bulk sync; resolution 2.28 A; ligand(s): IXT;MG;ZN; candidate for docking review.
PDE10A,5SGM,RCSB_PDB,experimental,X-ray,2.2,A,IY2;MG;ZN,Homo sapiens,"CRYSTAL STRUCTURE OF HUMAN PHOSPHODIESTERASE 10 IN COMPLEX WITH c4(c(C(Nc2cc1nc(cn1cc2)c3ccc(cc3)F)=O)n(nc4)C)C(=O)N(C)C, micromolar IC50=0.000250",cif,data/target_db/cache/rcsb/PDE10A/5SGM.cif,https://files.rcsb.org/download/5SGM.cif,1,0,1,Experimental RCSB structure imported by bulk sync; resolution 2.2 A; ligand(s): IY2;MG;ZN; candidate for docking review.
PDE10A,5SGN,RCSB_PDB,experimental,X-ray,2.07,A;B;C;D,IY6;MG;ZN,Homo sapiens,"CRYSTAL STRUCTURE OF HUMAN PHOSPHODIESTERASE 10 IN COMPLEX WITH n1(nc(nc1CCc3nn2c(nc(c2C)C)c(c3)C(F)(F)F)N4CCCC4)C, micromolar IC50=0.164550",cif,data/target_db/cache/rcsb/PDE10A/5SGN.cif,https://files.rcsb.org/download/5SGN.cif,1,0,1,Experimental RCSB structure imported by bulk sync; resolution 2.07 A; ligand(s): IY6;MG;ZN; candidate for docking review.
PDE10A,5SGO,RCSB_PDB,experimental,X-ray,2.3,A;B;C;D,IYA;ZN,Homo sapiens,"CRYSTAL STRUCTURE OF HUMAN PHOSPHODIESTERASE 10 IN COMPLEX WITH n1cnc(c2c1scc2c3ccc(cc3)F)OCCCOc4cc(ccc4)NC(=O)C, micromolar IC50=0.012",cif,data/target_db/cache/rcsb/PDE10A/5SGO.cif,https://files.rcsb.org/download/5SGO.cif,1,0,1,Experimental RCSB structure imported by bulk sync; resolution 2.3 A; ligand(s): IYA;ZN; candidate for docking review.
PDE10A,5SGP,RCSB_PDB,experimental,X-ray,1.95,A;B;C;D,GOL;IYD;MG;ZN,Homo sapiens,"CRYSTAL STRUCTURE OF HUMAN PHOSPHODIESTERASE 10 IN COMPLEX WITH c4(c(C(Nc2cc1nc(cn1cc2)c3ccccc3)=O)n(nc4)C)C(=O)N(C)CCOC, micromolar IC50=0.022639",cif,data/target_db/cache/rcsb/PDE10A/5SGP.cif,https://files.rcsb.org/download/5SGP.cif,1,0,1,Experimental RCSB structure imported by bulk sync; resolution 1.95 A; ligand(s): GOL;IYD;MG;ZN; candidate for docking review.
PDE10A,5SGQ,RCSB_PDB,experimental,X-ray,2.04,A;B;C;D,IYH;MG;ZN,Homo sapiens,Crystal Structure of human phosphodiesterase 10 in complex with 6-cyclopropyl-3-(pyrimidin-5-ylamino)pyrazine-2-carboxylic acid,cif,data/target_db/cache/rcsb/PDE10A/5SGQ.cif,https://files.rcsb.org/download/5SGQ.cif,1,0,1,Experimental RCSB structure imported by bulk sync; resolution 2.04 A; ligand(s): IYH;MG;ZN; candidate for docking review.
PDE10A,5SGR,RCSB_PDB,experimental,X-ray,2.04,A;B;C;D,IYK;MG;ZN,Homo sapiens,"CRYSTAL STRUCTURE OF HUMAN PHOSPHODIESTERASE 10 IN COMPLEX WITH c1cc(ccc1)c2cn(c(n2)COc4nc3cc(ccc3nc4Cl)C)C, micromolar IC50=0.005058",cif,data/target_db/cache/rcsb/PDE10A/5SGR.cif,https://files.rcsb.org/download/5SGR.cif,1,0,1,Experimental RCSB structure imported by bulk sync; resolution 2.04 A; ligand(s): IYK;MG;ZN; candidate for docking review.
PDE10A,5SGS,RCSB_PDB,experimental,X-ray,2.03,A;B;C;D,IYN;MG;ZN,Homo sapiens,"CRYSTAL STRUCTURE OF HUMAN PHOSPHODIESTERASE 10 IN COMPLEX WITH c1nc(ccc1)N4C[C@@H](CCc3nc2ccccc2nc3C)CC4, micromolar IC50=0.102832",cif,data/target_db/cache/rcsb/PDE10A/5SGS.cif,https://files.rcsb.org/download/5SGS.cif,1,0,1,Experimental RCSB structure imported by bulk sync; resolution 2.03 A; ligand(s): IYN;MG;ZN; candidate for docking review.
PDE10A,5SGT,RCSB_PDB,experimental,X-ray,2.26,A;B;C;D,IYS;MG;ZN,Homo sapiens,"CRYSTAL STRUCTURE OF HUMAN PHOSPHODIESTERASE 10 IN COMPLEX WITH N4(CCC1=Nc3c(C(N1c2ccc(cc2)OC)=O)cccc3)C(=O)c5c(C4=O)cccc5, micromolar IC50=0.123689",cif,data/target_db/cache/rcsb/PDE10A/5SGT.cif,https://files.rcsb.org/download/5SGT.cif,1,0,1,Experimental RCSB structure imported by bulk sync; resolution 2.26 A; ligand(s): IYS;MG;ZN; candidate for docking review.
PDE10A,5SGU,RCSB_PDB,experimental,X-ray,2.14,A;B;C;D,MG;Z73;ZN,Homo sapiens,"CRYSTAL STRUCTURE OF HUMAN PHOSPHODIESTERASE 10 IN COMPLEX WITH c1c(nc2c(c1)nc(C)c3c(nc(n23)CCC)C)OC, micromolar IC50=0.01038217",cif,data/target_db/cache/rcsb/PDE10A/5SGU.cif,https://files.rcsb.org/download/5SGU.cif,1,0,1,Experimental RCSB structure imported by bulk sync; resolution 2.14 A; ligand(s): MG;Z73;ZN; candidate for docking review.
PDE10A,5SGV,RCSB_PDB,experimental,X-ray,2.0,A;B;C;D,GOL;IYW;MG;ZN,Homo sapiens,"CRYSTAL STRUCTURE OF HUMAN PHOSPHODIESTERASE 10 IN COMPLEX WITH C1(=NN(C=CC1=O)Cc2ccccc2)c3ccnn3c4ccccc4, micromolar IC50=0.093977",cif,data/target_db/cache/rcsb/PDE10A/5SGV.cif,https://files.rcsb.org/download/5SGV.cif,1,0,1,Experimental RCSB structure imported by bulk sync; resolution 2.0 A; ligand(s): GOL;IYW;MG;ZN; candidate for docking review.
PDE10A,5SGW,RCSB_PDB,experimental,X-ray,1.9,A;B;C;D,IZ6;MG;ZN,Homo sapiens,"CRYSTAL STRUCTURE OF HUMAN PHOSPHODIESTERASE 10 IN COMPLEX WITH C2(=NN(c1ccccc1)CCC2=O)c3ccnn3c4ccccc4, micromolar IC50=0.256978",cif,data/target_db/cache/rcsb/PDE10A/5SGW.cif,https://files.rcsb.org/download/5SGW.cif,1,0,1,Experimental RCSB structure imported by bulk sync; resolution 1.9 A; ligand(s): IZ6;MG;ZN; candidate for docking review.
PDE10A,5SGX,RCSB_PDB,experimental,X-ray,1.93,A;B;C;D,IZH;MG;ZN,Homo sapiens,"CRYSTAL STRUCTURE OF HUMAN PHOSPHODIESTERASE 10 IN COMPLEX WITH N4(c1nn(c(n1)CCc3nn2c(ncc(C)c2n3)C)C)CCC[C@@H]4C(F)(F)F, micromolar IC50=0.027384",cif,data/target_db/cache/rcsb/PDE10A/5SGX.cif,https://files.rcsb.org/download/5SGX.cif,1,0,1,Experimental RCSB structure imported by bulk sync; resolution 1.93 A; ligand(s): IZH;MG;ZN; candidate for docking review.
PDE10A,5SGY,RCSB_PDB,experimental,X-ray,2.36,A;B;C;D,IZK;MG;ZN,Homo sapiens,"CRYSTAL STRUCTURE OF HUMAN PHOSPHODIESTERASE 10 IN COMPLEX WITH c12nc(cn1ccc(n2)NC(c3c(cnn3CC(C)C)Cl)=O)c4ccccc4, micromolar IC50=0.018785",cif,data/target_db/cache/rcsb/PDE10A/5SGY.cif,https://files.rcsb.org/download/5SGY.cif,1,0,1,Experimental RCSB structure imported by bulk sync; resolution 2.36 A; ligand(s): IZK;MG;ZN; candidate for docking review.
PDE10A,5SGZ,RCSB_PDB,experimental,X-ray,2.2,A;B;C;D,IZQ;MG;ZN,Homo sapiens,"CRYSTAL STRUCTURE OF HUMAN PHOSPHODIESTERASE 10 IN COMPLEX WITH c1c(OC)nc2c(c1)NC(c3c(nc(n23)c4ccccc4Cl)C)=O, micromolar IC50=0.006584",cif,data/target_db/cache/rcsb/PDE10A/5SGZ.cif,https://files.rcsb.org/download/5SGZ.cif,1,0,1,Experimental RCSB structure imported by bulk sync; resolution 2.2 A; ligand(s): IZQ;MG;ZN; candidate for docking review.
PDE10A,5SH0,RCSB_PDB,experimental,X-ray,2.29,A;B;C;D,IZT;MG;ZN,Homo sapiens,"CRYSTAL STRUCTURE OF HUMAN PHOSPHODIESTERASE 10 IN COMPLEX WITH C2(N(C)c1cc(ccc1N2C)NC(CN([S](=O)(C)=O)c4c3ccccc3ccc4)=O)=O, micromolar IC50=1.2831377",cif,data/target_db/cache/rcsb/PDE10A/5SH0.cif,https://files.rcsb.org/download/5SH0.cif,1,0,1,Experimental RCSB structure imported by bulk sync; resolution 2.29 A; ligand(s): IZT;MG;ZN; candidate for docking review.
PDE10A,5SH1,RCSB_PDB,experimental,X-ray,2.2,A;B;C;D,IZW;MG;ZN,Homo sapiens,"CRYSTAL STRUCTURE OF HUMAN PHOSPHODIESTERASE 10 IN COMPLEX WITH c1ccc4c(c1OCCc2c(C)oc(n2)c3ccccc3)nccc4, micromolar IC50=0.416097",cif,data/target_db/cache/rcsb/PDE10A/5SH1.cif,https://files.rcsb.org/download/5SH1.cif,1,0,1,Experimental RCSB structure imported by bulk sync; resolution 2.2 A; ligand(s): IZW;MG;ZN; candidate for docking review.
PDE10A,5SH2,RCSB_PDB,experimental,X-ray,2.19,A;B;C;D,J0O;MG;ZN,Homo sapiens,"CRYSTAL STRUCTURE OF HUMAN PHOSPHODIESTERASE 10 IN COMPLEX WITH C(c1c(cnn1C)C(N2CCC2)=O)(=O)Nc3cc4c(cc3)sc(n4)N5CCOCC5, micromolar IC50=0.001856",cif,data/target_db/cache/rcsb/PDE10A/5SH2.cif,https://files.rcsb.org/download/5SH2.cif,1,0,1,Experimental RCSB structure imported by bulk sync; resolution 2.19 A; ligand(s): J0O;MG;ZN; candidate for docking review.
PDE10A,5SH3,RCSB_PDB,experimental,X-ray,1.98,A;B;C;D,J2L;MG;ZN,Homo sapiens,"CRYSTAL STRUCTURE OF HUMAN PHOSPHODIESTERASE 10 IN COMPLEX WITH c1(cc(nn2c1nc(c2C)C)CCc3nc(nn3C)N4CCCC4)[S](C)(=O)=O, micromolar IC50=0.041332",cif,data/target_db/cache/rcsb/PDE10A/5SH3.cif,https://files.rcsb.org/download/5SH3.cif,1,0,1,Experimental RCSB structure imported by bulk sync; resolution 1.98 A; ligand(s): J2L;MG;ZN; candidate for docking review.
PDE10A,5SH4,RCSB_PDB,experimental,X-ray,2.22,A;B;C;D,J4I;MG;ZN,Homo sapiens,"CRYSTAL STRUCTURE OF HUMAN PHOSPHODIESTERASE 10 IN COMPLEX WITH c13c(cc2c(c1)OCO2)nc([nH]3)SCc4nc(c(c(c4C)C)OC)C, micromolar IC50=0.631687",cif,data/target_db/cache/rcsb/PDE10A/5SH4.cif,https://files.rcsb.org/download/5SH4.cif,1,0,1,Experimental RCSB structure imported by bulk sync; resolution 2.22 A; ligand(s): J4I;MG;ZN; candidate for docking review.
PDE10A,5SH5,RCSB_PDB,experimental,X-ray,2.3,A;B;C;D,J6I;MG;ZN,Homo sapiens,"CRYSTAL STRUCTURE OF HUMAN PHOSPHODIESTERASE 10 IN COMPLEX WITH c12ccccc1c(c(c(n2)N)C#N)OC3CCCCC3, micromolar IC50=0.465258",cif,data/target_db/cache/rcsb/PDE10A/5SH5.cif,https://files.rcsb.org/download/5SH5.cif,1,0,1,Experimental RCSB structure imported by bulk sync; resolution 2.3 A; ligand(s): J6I;MG;ZN; candidate for docking review.
PDE10A,5SH6,RCSB_PDB,experimental,X-ray,1.98,A;B;C;D,J7M;MG;ZN,Homo sapiens,"CRYSTAL STRUCTURE OF HUMAN PHOSPHODIESTERASE 10 IN COMPLEX WITH c12c(cccc1)nc(n2C)CCN4CCOc3ccccc3C4=O, micromolar IC50=2.844764",cif,data/target_db/cache/rcsb/PDE10A/5SH6.cif,https://files.rcsb.org/download/5SH6.cif,1,0,1,Experimental RCSB structure imported by bulk sync; resolution 1.98 A; ligand(s): J7M;MG;ZN; candidate for docking review.
PDE10A,5SH7,RCSB_PDB,experimental,X-ray,2.66,A;B;C;D,J8J;MG;ZN,Homo sapiens,"CRYSTAL STRUCTURE OF HUMAN PHOSPHODIESTERASE 10 IN COMPLEX WITH O=C(NC1COC1)c1cc2[nH]c(-c3ccccc3)nc2cc1NC(=O)c1cc(C2CC2)c[nH]c1=O, micromolar IC50=0.012286",cif,data/target_db/cache/rcsb/PDE10A/5SH7.cif,https://files.rcsb.org/download/5SH7.cif,1,0,1,Experimental RCSB structure imported by bulk sync; resolution 2.66 A; ligand(s): J8J;MG;ZN; candidate for docking review.
PDE10A,5SH8,RCSB_PDB,experimental,X-ray,2.0,A;B;C;D,GOL;J9C;MG;PR;ZN,Homo sapiens,"CRYSTAL STRUCTURE OF HUMAN PHOSPHODIESTERASE 10 IN COMPLEX WITH n1c(cc(n1c2ccccc2)NC(c3c(ccc(n3)C)Nc4cncnc4)=O)C, micromolar IC50=0.007593",cif,data/target_db/cache/rcsb/PDE10A/5SH8.cif,https://files.rcsb.org/download/5SH8.cif,1,0,1,Experimental RCSB structure imported by bulk sync; resolution 2.0 A; ligand(s): GOL;J9C;MG;PR;ZN; candidate for docking review.
PDE10A,5SH9,RCSB_PDB,experimental,X-ray,2.06,A;B;C;D,JAP;MG;PG4;ZN,Homo sapiens,"CRYSTAL STRUCTURE OF HUMAN PHOSPHODIESTERASE 10 IN COMPLEX WITH N4(c1nn(c(n1)CCc3nn2c(cnc(C)c2n3)C)C)C[C@H](F)CC4, micromolar IC50=0.010653",cif,data/target_db/cache/rcsb/PDE10A/5SH9.cif,https://files.rcsb.org/download/5SH9.cif,1,0,1,Experimental RCSB structure imported by bulk sync; resolution 2.06 A; ligand(s): JAP;MG;PG4;ZN; candidate for docking review.
PDE10A,5SHA,RCSB_PDB,experimental,X-ray,2.24,A;B;C;D,JBV;MG;ZN,Homo sapiens,"CRYSTAL STRUCTURE OF HUMAN PHOSPHODIESTERASE 10 IN COMPLEX WITH n2c(c1nc(nn1c(c2)C)CCc3nc(nn3C)N4C[C@@H](C(F)F)CC4)C, micromolar IC50=0.048101",cif,data/target_db/cache/rcsb/PDE10A/5SHA.cif,https://files.rcsb.org/download/5SHA.cif,1,0,1,Experimental RCSB structure imported by bulk sync; resolution 2.24 A; ligand(s): JBV;MG;ZN; candidate for docking review.
PDE10A,5SHB,RCSB_PDB,experimental,X-ray,1.95,A;B;C;D,JCJ;MG;ZN,Homo sapiens,"CRYSTAL STRUCTURE OF HUMAN PHOSPHODIESTERASE 10 IN COMPLEX WITH C2(=NN(c1ccncc1)C=CC2=O)c3ccnn3c4cccc(c4)Br, micromolar IC50=0.017329",cif,data/target_db/cache/rcsb/PDE10A/5SHB.cif,https://files.rcsb.org/download/5SHB.cif,1,0,1,Experimental RCSB structure imported by bulk sync; resolution 1.95 A; ligand(s): JCJ;MG;ZN; candidate for docking review.
PDE10A,5SHC,RCSB_PDB,experimental,X-ray,2.33,A;B;C;D,JDU;MG;ZN,Homo sapiens,"CRYSTAL STRUCTURE OF HUMAN PHOSPHODIESTERASE 10 IN COMPLEX WITH c1ncncc1NC(C4=CC=CN(CCc2c(oc(n2)c3ccccc3)C)C4=O)=O, micromolar IC50=1.1253625",cif,data/target_db/cache/rcsb/PDE10A/5SHC.cif,https://files.rcsb.org/download/5SHC.cif,1,0,1,Experimental RCSB structure imported by bulk sync; resolution 2.33 A; ligand(s): JDU;MG;ZN; candidate for docking review.
PDE10A,5SHD,RCSB_PDB,experimental,X-ray,2.6,A;B;C;D,JCP;MG;ZN,Homo sapiens,"CRYSTAL STRUCTURE OF HUMAN PHOSPHODIESTERASE 10 IN COMPLEX WITH c1(c(ccc(n1)C2CC2)Nc3cncnc3)C(Nc4c(ccnc4)C(=O)NC)=O, micromolar IC50=0.01369",cif,data/target_db/cache/rcsb/PDE10A/5SHD.cif,https://files.rcsb.org/download/5SHD.cif,1,0,1,Experimental RCSB structure imported by bulk sync; resolution 2.6 A; ligand(s): JCP;MG;ZN; candidate for docking review.
PDE10A,5SHE,RCSB_PDB,experimental,X-ray,2.19,A;B;C;D,JD6;MG;ZN,Homo sapiens,"CRYSTAL STRUCTURE OF HUMAN PHOSPHODIESTERASE 10 IN COMPLEX WITH n1c(c(nc2c1cc(cc2)N)C)C, micromolar IC50=15.581033",cif,data/target_db/cache/rcsb/PDE10A/5SHE.cif,https://files.rcsb.org/download/5SHE.cif,1,0,1,Experimental RCSB structure imported by bulk sync; resolution 2.19 A; ligand(s): JD6;MG;ZN; candidate for docking review.
PDE10A,5SHF,RCSB_PDB,experimental,X-ray,2.28,A;B;C;D,JFG;MG;ZN,Homo sapiens,"CRYSTAL STRUCTURE OF HUMAN PHOSPHODIESTERASE 10 IN COMPLEX WITH c1c(C)nc(c(c1)C)C(=O)Nc4cn2c(cc(n2)c3ccccc3)cc4, micromolar IC50=0.052936",cif,data/target_db/cache/rcsb/PDE10A/5SHF.cif,https://files.rcsb.org/download/5SHF.cif,1,0,1,Experimental RCSB structure imported by bulk sync; resolution 2.28 A; ligand(s): JFG;MG;ZN; candidate for docking review.
PDE10A,5SHG,RCSB_PDB,experimental,X-ray,2.12,A;B;C;D,JFO;MG;ZN,Homo sapiens,"CRYSTAL STRUCTURE OF HUMAN PHOSPHODIESTERASE 10 IN COMPLEX WITH c1(nc2c(cc1)nc(c3c(nc(n23)c4ccccc4Cl)C)N)OC, micromolar IC50=0.001022",cif,data/target_db/cache/rcsb/PDE10A/5SHG.cif,https://files.rcsb.org/download/5SHG.cif,1,0,1,Experimental RCSB structure imported by bulk sync; resolution 2.12 A; ligand(s): JFO;MG;ZN; candidate for docking review.
PDE10A,5SHH,RCSB_PDB,experimental,X-ray,2.15,A;B;C;D,JFW;MG;ZN,Homo sapiens,"CRYSTAL STRUCTURE OF HUMAN PHOSPHODIESTERASE 10 IN COMPLEX WITH c12c4c(ccc1[nH]c(n2)SCc3ncc(c(c3C)OC)C)ncs4, micromolar IC50=0.062527",cif,data/target_db/cache/rcsb/PDE10A/5SHH.cif,https://files.rcsb.org/download/5SHH.cif,1,0,1,Experimental RCSB structure imported by bulk sync; resolution 2.15 A; ligand(s): JFW;MG;ZN; candidate for docking review.
PDE10A,5SHI,RCSB_PDB,experimental,X-ray,2.1,A;B;C;D,JG9;MG;ZN,Homo sapiens,"CRYSTAL STRUCTURE OF HUMAN PHOSPHODIESTERASE 10 IN COMPLEX WITH c1(ccc(c2nc(c(n12)C)C)CCc3nc(cn3C)c4ccccc4)C, micromolar IC50=0.954878",cif,data/target_db/cache/rcsb/PDE10A/5SHI.cif,https://files.rcsb.org/download/5SHI.cif,1,0,1,Experimental RCSB structure imported by bulk sync; resolution 2.1 A; ligand(s): JG9;MG;ZN; candidate for docking review.
PDE10A,5SHJ,RCSB_PDB,experimental,X-ray,2.3,A;B;C;D,GOL;JGI;MG;ZN,Homo sapiens,"CRYSTAL STRUCTURE OF HUMAN PHOSPHODIESTERASE 10 IN COMPLEX WITH C(N1CCC1)(=O)c2c(n(C)nc2)C(Nc3cccc(c3)C(Nc4ccccc4)=O)=O, micromolar IC50=0.016507",cif,data/target_db/cache/rcsb/PDE10A/5SHJ.cif,https://files.rcsb.org/download/5SHJ.cif,1,0,1,Experimental RCSB structure imported by bulk sync; resolution 2.3 A; ligand(s): GOL;JGI;MG;ZN; candidate for docking review.
PDE10A,5SHK,RCSB_PDB,experimental,X-ray,2.0,A;B;C;D,JH6;MG;ZN,Homo sapiens,"CRYSTAL STRUCTURE OF HUMAN PHOSPHODIESTERASE 10 IN COMPLEX WITH c1(ncc(c2cccnc12)c3cccnc3)Nc4cccc(n4)C, micromolar IC50=0.911105",cif,data/target_db/cache/rcsb/PDE10A/5SHK.cif,https://files.rcsb.org/download/5SHK.cif,1,0,1,Experimental RCSB structure imported by bulk sync; resolution 2.0 A; ligand(s): JH6;MG;ZN; candidate for docking review.
PDE10A,5SHL,RCSB_PDB,experimental,X-ray,2.35,A;B;C;D,JHI;MG;ZN,Homo sapiens,"CRYSTAL STRUCTURE OF HUMAN PHOSPHODIESTERASE 10 IN COMPLEX WITH c1(cc(nn2c1nc(c2C)C)Cl)N3CCCC3, micromolar IC50=1.188091",cif,data/target_db/cache/rcsb/PDE10A/5SHL.cif,https://files.rcsb.org/download/5SHL.cif,1,0,1,Experimental RCSB structure imported by bulk sync; resolution 2.35 A; ligand(s): JHI;MG;ZN; candidate for docking review.
PDE10A,5SHM,RCSB_PDB,experimental,X-ray,2.26,A;B;C;D,JHX;MG;ZN,Homo sapiens,"CRYSTAL STRUCTURE OF HUMAN PHOSPHODIESTERASE 10 IN COMPLEX WITH [C@@H]1(CN(CC1)c2ccc(Cl)cn2)NC(c3c(ncc(n3)C4CC4)OC)=O, micromolar IC50=0.086748",cif,data/target_db/cache/rcsb/PDE10A/5SHM.cif,https://files.rcsb.org/download/5SHM.cif,1,0,1,Experimental RCSB structure imported by bulk sync; resolution 2.26 A; ligand(s): JHX;MG;ZN; candidate for docking review.
PDE10A,5SHN,RCSB_PDB,experimental,X-ray,2.03,A;B;C;D,JI8;MG;ZN,Homo sapiens,"CRYSTAL STRUCTURE OF HUMAN PHOSPHODIESTERASE 10 IN COMPLEX WITH c1(c(cnn1C)C(NCc2ncco2)=O)C(Nc4nc3nc(cn3cc4)c5ccccc5)=O, micromolar IC50=0.016936",cif,data/target_db/cache/rcsb/PDE10A/5SHN.cif,https://files.rcsb.org/download/5SHN.cif,1,0,1,Experimental RCSB structure imported by bulk sync; resolution 2.03 A; ligand(s): JI8;MG;ZN; candidate for docking review.
PDE10A,5SHO,RCSB_PDB,experimental,X-ray,1.9,A,JIC;MG;ZN,Homo sapiens,"CRYSTAL STRUCTURE OF HUMAN PHOSPHODIESTERASE 10 IN COMPLEX WITH C(=O)(NC1CC1)c5c(C(Nc3cc2nc(cn2cc3)c4ccccc4)=O)n(nc5)C, micromolar IC50=0.000960",cif,data/target_db/cache/rcsb/PDE10A/5SHO.cif,https://files.rcsb.org/download/5SHO.cif,1,0,1,Experimental RCSB structure imported by bulk sync; resolution 1.9 A; ligand(s): JIC;MG;ZN; candidate for docking review.
PDE10A,5SHP,RCSB_PDB,experimental,X-ray,2.18,A;B;C;D,JIG;MG;ZN,Homo sapiens,"CRYSTAL STRUCTURE OF HUMAN PHOSPHODIESTERASE 10 IN COMPLEX WITH c13c(ccc2c1nccc2)[nH]c(n3)SCc4ncc(c(c4C)OC)C, micromolar IC50=0.046043",cif,data/target_db/cache/rcsb/PDE10A/5SHP.cif,https://files.rcsb.org/download/5SHP.cif,1,0,1,Experimental RCSB structure imported by bulk sync; resolution 2.18 A; ligand(s): JIG;MG;ZN; candidate for docking review.
PDE10A,5SHQ,RCSB_PDB,experimental,X-ray,2.08,A;B;C;D,JIJ;MG;ZN,Homo sapiens,"CRYSTAL STRUCTURE OF HUMAN PHOSPHODIESTERASE 10 IN COMPLEX WITH c12c(ncnc1[nH]cc2)N3CCCC3, micromolar IC50=>10",cif,data/target_db/cache/rcsb/PDE10A/5SHQ.cif,https://files.rcsb.org/download/5SHQ.cif,1,0,1,Experimental RCSB structure imported by bulk sync; resolution 2.08 A; ligand(s): JIJ;MG;ZN; candidate for docking review.
PDE10A,5SHR,RCSB_PDB,experimental,X-ray,1.98,A;B;C;D,JIP;MG;ZN,Homo sapiens,"CRYSTAL STRUCTURE OF HUMAN PHOSPHODIESTERASE 10 IN COMPLEX WITH n1(c(nc(n1)c2ccccc2)N(C)Cc4nn3c(cnc(c3n4)C)C)C, micromolar IC50=1.47052",cif,data/target_db/cache/rcsb/PDE10A/5SHR.cif,https://files.rcsb.org/download/5SHR.cif,1,0,1,Experimental RCSB structure imported by bulk sync; resolution 1.98 A; ligand(s): JIP;MG;ZN; candidate for docking review.
PDE10A,5SHS,RCSB_PDB,experimental,X-ray,2.3,A;B;C;D,GOL;JIS;MG;ZN,Homo sapiens,"CRYSTAL STRUCTURE OF HUMAN PHOSPHODIESTERASE 10 IN COMPLEX WITH c34c(n(Cc1cccc2c1cccc2)nn3)ncnc4N5CCCCC5, micromolar IC50=0.183",cif,data/target_db/cache/rcsb/PDE10A/5SHS.cif,https://files.rcsb.org/download/5SHS.cif,1,0,1,Experimental RCSB structure imported by bulk sync; resolution 2.3 A; ligand(s): GOL;JIS;MG;ZN; candidate for docking review.
PDE10A,5SHT,RCSB_PDB,experimental,X-ray,2.27,A;B;C;D,JIV;MG;ZN,Homo sapiens,"CRYSTAL STRUCTURE OF HUMAN PHOSPHODIESTERASE 10 IN COMPLEX WITH n2c(n1nc(nc1c(c2C)Cl)CCc3nc(nn3C)N4CCCC4)C, micromolar IC50=0.00941",cif,data/target_db/cache/rcsb/PDE10A/5SHT.cif,https://files.rcsb.org/download/5SHT.cif,1,0,1,Experimental RCSB structure imported by bulk sync; resolution 2.27 A; ligand(s): JIV;MG;ZN; candidate for docking review.
PDE10A,5SHU,RCSB_PDB,experimental,X-ray,1.98,A;B;C;D,JIY;MG;ZN,Homo sapiens,"CRYSTAL STRUCTURE OF HUMAN PHOSPHODIESTERASE 10 IN COMPLEX WITH c13c(cc2c(c1)CCN2)[nH]c(n3)SCc4ncc(c(c4C)OC)C, micromolar IC50=0.2659405",cif,data/target_db/cache/rcsb/PDE10A/5SHU.cif,https://files.rcsb.org/download/5SHU.cif,1,0,1,Experimental RCSB structure imported by bulk sync; resolution 1.98 A; ligand(s): JIY;MG;ZN; candidate for docking review.
PDE10A,5SHV,RCSB_PDB,experimental,X-ray,1.95,A;B;C;D,JKX;MG;ZN,Homo sapiens,"CRYSTAL STRUCTURE OF HUMAN PHOSPHODIESTERASE 10 IN COMPLEX WITH n1c(F)cccc1N2CCC(=O)CC2, micromolar IC50=117.769376",cif,data/target_db/cache/rcsb/PDE10A/5SHV.cif,https://files.rcsb.org/download/5SHV.cif,1,0,1,Experimental RCSB structure imported by bulk sync; resolution 1.95 A; ligand(s): JKX;MG;ZN; candidate for docking review.
PDE10A,5SHW,RCSB_PDB,experimental,X-ray,2.19,A;B;C;D,JJ6;MG;ZN,Homo sapiens,"CRYSTAL STRUCTURE OF HUMAN PHOSPHODIESTERASE 10 IN COMPLEX WITH c2(cc1nc(nn1cc2)c3ccccc3)CO, micromolar IC50=1.751269",cif,data/target_db/cache/rcsb/PDE10A/5SHW.cif,https://files.rcsb.org/download/5SHW.cif,1,0,1,Experimental RCSB structure imported by bulk sync; resolution 2.19 A; ligand(s): JJ6;MG;ZN; candidate for docking review.
PDE10A,5SHX,RCSB_PDB,experimental,X-ray,2.16,A;B;C;D,JJF;MG;ZN,Homo sapiens,"CRYSTAL STRUCTURE OF HUMAN PHOSPHODIESTERASE 10 IN COMPLEX WITH c1(nc2c(nc1C)cccc2)N3CCCC3, micromolar IC50=9.069546",cif,data/target_db/cache/rcsb/PDE10A/5SHX.cif,https://files.rcsb.org/download/5SHX.cif,1,0,1,Experimental RCSB structure imported by bulk sync; resolution 2.16 A; ligand(s): JJF;MG;ZN; candidate for docking review.
PDE10A,5SHY,RCSB_PDB,experimental,X-ray,2.3,A,CL;JJR;K;MG;ZN,Homo sapiens,"CRYSTAL STRUCTURE OF HUMAN PHOSPHODIESTERASE 10 IN COMPLEX WITH n1c(scc1Nc2ncc(c3ccc(nc23)CO)c4cccnc4)C, micromolar IC50=0.297",cif,data/target_db/cache/rcsb/PDE10A/5SHY.cif,https://files.rcsb.org/download/5SHY.cif,1,0,1,Experimental RCSB structure imported by bulk sync; resolution 2.3 A; ligand(s): CL;JJR;K;MG;ZN; candidate for docking review.
PDE10A,5SHZ,RCSB_PDB,experimental,X-ray,2.55,A;B;C;D,JK6;MG;ZN,Homo sapiens,"CRYSTAL STRUCTURE OF HUMAN PHOSPHODIESTERASE 10 IN COMPLEX WITH C2(=NN(c1ccccc1)C=CC2=O)c3ccnn3c4cccc(c4)C#C, micromolar IC50=0.004957",cif,data/target_db/cache/rcsb/PDE10A/5SHZ.cif,https://files.rcsb.org/download/5SHZ.cif,1,0,1,Experimental RCSB structure imported by bulk sync; resolution 2.55 A; ligand(s): JK6;MG;ZN; candidate for docking review.
PDE10A,5SI0,RCSB_PDB,experimental,X-ray,2.27,A;B;C;D,JKD;MG;ZN,Homo sapiens,"CRYSTAL STRUCTURE OF HUMAN PHOSPHODIESTERASE 10 IN COMPLEX WITH n4c(n1c(nc(n1)CCc2nn(c(n2)N3CCCC3)C)cc4C)CCc5nn(c(n5)N6CCCC6)C, micromolar IC50=0.047938",cif,data/target_db/cache/rcsb/PDE10A/5SI0.cif,https://files.rcsb.org/download/5SI0.cif,1,0,1,Experimental RCSB structure imported by bulk sync; resolution 2.27 A; ligand(s): JKD;MG;ZN; candidate for docking review.
PDE10A,5SI1,RCSB_PDB,experimental,X-ray,1.75,A,JKO;MG;ZN,Homo sapiens,"CRYSTAL STRUCTURE OF HUMAN PHOSPHODIESTERASE 10 IN COMPLEX WITH C(=O)(N1CCOCC1)c5c(C(Nc3cc2nc(cn2cc3)c4ccccc4)=O)n(nc5)C, micromolar IC50=0.000072",cif,data/target_db/cache/rcsb/PDE10A/5SI1.cif,https://files.rcsb.org/download/5SI1.cif,1,0,1,Experimental RCSB structure imported by bulk sync; resolution 1.75 A; ligand(s): JKO;MG;ZN; candidate for docking review.
PDE10A,5SI2,RCSB_PDB,experimental,X-ray,2.4,A;B;C;D,JL6;MG;ZN,Homo sapiens,"CRYSTAL STRUCTURE OF HUMAN PHOSPHODIESTERASE 10 IN COMPLEX WITH c1(nc(ccc1Nc2cncnc2)C3CC3)C(N[C@H]4CN(CC4)c5ccccn5)=O, micromolar IC50=0.007466",cif,data/target_db/cache/rcsb/PDE10A/5SI2.cif,https://files.rcsb.org/download/5SI2.cif,1,0,1,Experimental RCSB structure imported by bulk sync; resolution 2.4 A; ligand(s): JL6;MG;ZN; candidate for docking review.
PDE10A,5SI3,RCSB_PDB,experimental,X-ray,2.4,A;B;C;D,JLI;MG;ZN,Homo sapiens,"CRYSTAL STRUCTURE OF HUMAN PHOSPHODIESTERASE 10 IN COMPLEX WITH c4(c(C(Nc2nc1nc(cn1cc2)c3ccccc3)=O)n(nc4)C)C(N5CC(C5)O)=O, micromolar IC50=0.03203425",cif,data/target_db/cache/rcsb/PDE10A/5SI3.cif,https://files.rcsb.org/download/5SI3.cif,1,0,1,Experimental RCSB structure imported by bulk sync; resolution 2.4 A; ligand(s): JLI;MG;ZN; candidate for docking review.
PDE10A,5SI4,RCSB_PDB,experimental,X-ray,2.39,A;B;C;D,JLR;MG;ZN,Homo sapiens,"CRYSTAL STRUCTURE OF HUMAN PHOSPHODIESTERASE 10 IN COMPLEX WITH C1=CN(N=C(C1=O)c2ccnn2c3c4c(ccc3)cccc4)c5cc(ccc5)OC(F)(F)F, micromolar IC50=0.002773",cif,data/target_db/cache/rcsb/PDE10A/5SI4.cif,https://files.rcsb.org/download/5SI4.cif,1,0,1,Experimental RCSB structure imported by bulk sync; resolution 2.39 A; ligand(s): JLR;MG;ZN; candidate for docking review.
PDE10A,5SI5,RCSB_PDB,experimental,X-ray,2.27,A;B;C;D,JM0;MG;ZN,Homo sapiens,"CRYSTAL STRUCTURE OF HUMAN PHOSPHODIESTERASE 10 IN COMPLEX WITH c1c(nc2c(c1)nc(N[S](C)(=O)=O)c3c(nc(n23)CCC)C)OC, micromolar IC50=0.039264",cif,data/target_db/cache/rcsb/PDE10A/5SI5.cif,https://files.rcsb.org/download/5SI5.cif,1,0,1,Experimental RCSB structure imported by bulk sync; resolution 2.27 A; ligand(s): JM0;MG;ZN; candidate for docking review.
PDE10A,5SI6,RCSB_PDB,experimental,X-ray,2.0,A;B;C;D,JME;MG;ZN,Homo sapiens,"CRYSTAL STRUCTURE OF HUMAN PHOSPHODIESTERASE 10 IN COMPLEX WITH c4(c(C(Nc2cc1nc(cn1cc2C#N)c3ccccc3)=O)n(C)nc4)C(=O)N5CCC5, micromolar IC50=0.025368",cif,data/target_db/cache/rcsb/PDE10A/5SI6.cif,https://files.rcsb.org/download/5SI6.cif,1,0,1,Experimental RCSB structure imported by bulk sync; resolution 2.0 A; ligand(s): JME;MG;ZN; candidate for docking review.
PDE10A,5SI7,RCSB_PDB,experimental,X-ray,2.1,A;B;C;D,JML;MG;ZN,Homo sapiens,"CRYSTAL STRUCTURE OF HUMAN PHOSPHODIESTERASE 10 IN COMPLEX WITH c12c3c(ccc1C(C)(C)C(NC2=O)=O)nc([nH]3)Cc4ccccc4, micromolar IC50=0.22164",cif,data/target_db/cache/rcsb/PDE10A/5SI7.cif,https://files.rcsb.org/download/5SI7.cif,1,0,1,Experimental RCSB structure imported by bulk sync; resolution 2.1 A; ligand(s): JML;MG;ZN; candidate for docking review.
PDE10A,5SI8,RCSB_PDB,experimental,X-ray,2.1,A;B;C;D,JMU;MG;ZN,Homo sapiens,"CRYSTAL STRUCTURE OF HUMAN PHOSPHODIESTERASE 10 IN COMPLEX WITH c1(cn(nc1C(=O)Nc3cc2nc(cn2cc3C#N)c4ccccc4)C)C(=O)N5CCOCC5, micromolar IC50=0.060125",cif,data/target_db/cache/rcsb/PDE10A/5SI8.cif,https://files.rcsb.org/download/5SI8.cif,1,0,1,Experimental RCSB structure imported by bulk sync; resolution 2.1 A; ligand(s): JMU;MG;ZN; candidate for docking review.
PDE10A,5SI9,RCSB_PDB,experimental,X-ray,2.01,A;B;C;D,JN6;MG;ZN,Homo sapiens,"CRYSTAL STRUCTURE OF HUMAN PHOSPHODIESTERASE 10 IN COMPLEX WITH c12nc(cn1ccc(n2)NC(c3c(cnn3C)C(NCCO)=O)=O)c4ccccc4, micromolar IC50=0.054287",cif,data/target_db/cache/rcsb/PDE10A/5SI9.cif,https://files.rcsb.org/download/5SI9.cif,1,0,1,Experimental RCSB structure imported by bulk sync; resolution 2.01 A; ligand(s): JN6;MG;ZN; candidate for docking review.
PDE10A,5SIA,RCSB_PDB,experimental,X-ray,2.27,A;B;C;D,JNL;MG;ZN,Homo sapiens,"CRYSTAL STRUCTURE OF HUMAN PHOSPHODIESTERASE 10 IN COMPLEX WITH n3c2cc(NC(Nc1cc(ccc1)OC)=O)ccc2nc(c3C)C, micromolar IC50=1.295",cif,data/target_db/cache/rcsb/PDE10A/5SIA.cif,https://files.rcsb.org/download/5SIA.cif,1,0,1,Experimental RCSB structure imported by bulk sync; resolution 2.27 A; ligand(s): JNL;MG;ZN; candidate for docking review.
PDE10A,5SIB,RCSB_PDB,experimental,X-ray,2.54,A;B;C;D,JNU;MG;ZN,Homo sapiens,"CRYSTAL STRUCTURE OF HUMAN PHOSPHODIESTERASE 10 IN COMPLEX WITH c1cc(nn2c1nc(c2C)C(F)(F)F)CCc3nc(nn3C)N4CCCC4, micromolar IC50=0.012425",cif,data/target_db/cache/rcsb/PDE10A/5SIB.cif,https://files.rcsb.org/download/5SIB.cif,1,0,1,Experimental RCSB structure imported by bulk sync; resolution 2.54 A; ligand(s): JNU;MG;ZN; candidate for docking review.
PDE10A,5SID,RCSB_PDB,experimental,X-ray,1.98,A;B;C;D,JO6;MG;ZN,Homo sapiens,"CRYSTAL STRUCTURE OF HUMAN PHOSPHODIESTERASE 10 IN COMPLEX WITH c2c(Cl)c1nc(nn1c(c2Cl)C)CCc4nc3cc(ccc3s4)Cl, micromolar IC50=0.010696",cif,data/target_db/cache/rcsb/PDE10A/5SID.cif,https://files.rcsb.org/download/5SID.cif,1,0,1,Experimental RCSB structure imported by bulk sync; resolution 1.98 A; ligand(s): JO6;MG;ZN; candidate for docking review.
PDE10A,5SIE,RCSB_PDB,experimental,X-ray,2.12,A;B;C;D,JOF;MG;ZN,Homo sapiens,"CRYSTAL STRUCTURE OF HUMAN PHOSPHODIESTERASE 10 IN COMPLEX WITH c12c(c(ccc1O)Cl)[nH]c3c2CN(C3=O)C, micromolar IC50=3.77279",cif,data/target_db/cache/rcsb/PDE10A/5SIE.cif,https://files.rcsb.org/download/5SIE.cif,1,0,1,Experimental RCSB structure imported by bulk sync; resolution 2.12 A; ligand(s): JOF;MG;ZN; candidate for docking review.
PDE10A,5SIF,RCSB_PDB,experimental,X-ray,2.2,A;B;C;D,CL;GOL;JOO;MG;PR;ZN,Homo sapiens,"CRYSTAL STRUCTURE OF HUMAN PHOSPHODIESTERASE 10 IN COMPLEX WITH C1=CN(N=C(C1=O)c2ccnn2c3cc(ccc3F)F)c4cc(ccc4)[S](=O)(=O)C, micromolar IC50=0.049318",cif,data/target_db/cache/rcsb/PDE10A/5SIF.cif,https://files.rcsb.org/download/5SIF.cif,1,0,1,Experimental RCSB structure imported by bulk sync; resolution 2.2 A; ligand(s): CL;GOL;JOO;MG;PR;ZN; candidate for docking review.
PDE10A,5SIG,RCSB_PDB,experimental,X-ray,2.03,A;B;C;D,JP0;MG;ZN,Homo sapiens,"CRYSTAL STRUCTURE OF HUMAN PHOSPHODIESTERASE 10 IN COMPLEX WITH C1(NC(=Nc2c1cccc2)CN(C(=O)Nc3ccccc3)Cc4ccc(OC)cc4)=O, micromolar IC50=0.024784",cif,data/target_db/cache/rcsb/PDE10A/5SIG.cif,https://files.rcsb.org/download/5SIG.cif,1,0,1,Experimental RCSB structure imported by bulk sync; resolution 2.03 A; ligand(s): JP0;MG;ZN; candidate for docking review.
PDE10A,5SIH,RCSB_PDB,experimental,X-ray,1.9,A;B;C;D,GOL;JPF;MG;ZN,Homo sapiens,"CRYSTAL STRUCTURE OF HUMAN PHOSPHODIESTERASE 10 IN COMPLEX WITH n2c(nc1[nH]cnc1c2Sc3cc(ccc3)C)N5CCN(c4ncccc4)CC5, micromolar IC50=0.042",cif,data/target_db/cache/rcsb/PDE10A/5SIH.cif,https://files.rcsb.org/download/5SIH.cif,1,0,1,Experimental RCSB structure imported by bulk sync; resolution 1.9 A; ligand(s): GOL;JPF;MG;ZN; candidate for docking review.
PDE10A,5SII,RCSB_PDB,experimental,X-ray,2.18,A;B;C;D,JPU;MG;ZN,Homo sapiens,"CRYSTAL STRUCTURE OF HUMAN PHOSPHODIESTERASE 10 IN COMPLEX WITH c12cc(c(cc1[C@H](C(=NN=C2c3cc(c(cc3)OC)OC)C)CC)OC)OC, micromolar IC50=1.5247104",cif,data/target_db/cache/rcsb/PDE10A/5SII.cif,https://files.rcsb.org/download/5SII.cif,1,0,1,Experimental RCSB structure imported by bulk sync; resolution 2.18 A; ligand(s): JPU;MG;ZN; candidate for docking review.
PDE10A,5SIJ,RCSB_PDB,experimental,X-ray,2.55,A;B;C;D,EIK;MG;ZN,Homo sapiens,"CRYSTAL STRUCTURE OF HUMAN PHOSPHODIESTERASE 10 IN COMPLEX WITH c1(cnc(C)c2nc(nn12)CCc3nc(cn3C)c4ccccc4)C, micromolar IC50=0.00044725",cif,data/target_db/cache/rcsb/PDE10A/5SIJ.cif,https://files.rcsb.org/download/5SIJ.cif,1,0,1,Experimental RCSB structure imported by bulk sync; resolution 2.55 A; ligand(s): EIK;MG;ZN; candidate for docking review.
PDE10A,5SIK,RCSB_PDB,experimental,X-ray,2.1,A;B;C;D,JQ3;MG;ZN,Homo sapiens,"CRYSTAL STRUCTURE OF HUMAN PHOSPHODIESTERASE 10 IN COMPLEX WITH c1(cnc(nc1)N)OCC2CCCC2, micromolar IC50=310.141421",cif,data/target_db/cache/rcsb/PDE10A/5SIK.cif,https://files.rcsb.org/download/5SIK.cif,1,0,1,Experimental RCSB structure imported by bulk sync; resolution 2.1 A; ligand(s): JQ3;MG;ZN; candidate for docking review.
PDE10A,5SIL,RCSB_PDB,experimental,X-ray,2.5,A,JQC;MG;ZN,Homo sapiens,"CRYSTAL STRUCTURE OF HUMAN PHOSPHODIESTERASE 10 IN COMPLEX WITH C(Nc2ccc1[nH]c(nc1c2)c3cc(cc(c3)C)C)(=O)c4c(cnn4C)Cl, micromolar IC50=0.245656",cif,data/target_db/cache/rcsb/PDE10A/5SIL.cif,https://files.rcsb.org/download/5SIL.cif,1,0,1,Experimental RCSB structure imported by bulk sync; resolution 2.5 A; ligand(s): JQC;MG;ZN; candidate for docking review.
PDE10A,5SIM,RCSB_PDB,experimental,X-ray,1.75,A,JQL;MG;ZN,Homo sapiens,"CRYSTAL STRUCTURE OF HUMAN PHOSPHODIESTERASE 10 IN COMPLEX WITH C(=O)(N1CCCC1C)c5c(C(Nc3cc2nc(cn2cc3)c4ccccc4)=O)n(nc5)C, micromolar IC50=0.000107",cif,data/target_db/cache/rcsb/PDE10A/5SIM.cif,https://files.rcsb.org/download/5SIM.cif,1,0,1,Experimental RCSB structure imported by bulk sync; resolution 1.75 A; ligand(s): JQL;MG;ZN; candidate for docking review.
PDE10A,5SIN,RCSB_PDB,experimental,X-ray,2.4,A;B;C;D,JQU;MG;ZN,Homo sapiens,"CRYSTAL STRUCTURE OF HUMAN PHOSPHODIESTERASE 10 IN COMPLEX WITH c14c(c(nn1c2ncccc2)C)cc(NC(=O)c3ccccc3)s4, micromolar IC50=0.104457",cif,data/target_db/cache/rcsb/PDE10A/5SIN.cif,https://files.rcsb.org/download/5SIN.cif,1,0,1,Experimental RCSB structure imported by bulk sync; resolution 2.4 A; ligand(s): JQU;MG;ZN; candidate for docking review.
PDE10A,5SIO,RCSB_PDB,experimental,X-ray,2.2,A;B;C;D,CL;JRC;MG;PR;ZN,Homo sapiens,"CRYSTAL STRUCTURE OF HUMAN PHOSPHODIESTERASE 10 IN COMPLEX WITH C(=O)(N1CCCC1C)c5c(C(Nc3cc2nc(cn2cc3)c4ccccc4)=O)n(nc5)C, micromolar IC50=0.000107",cif,data/target_db/cache/rcsb/PDE10A/5SIO.cif,https://files.rcsb.org/download/5SIO.cif,1,0,1,Experimental RCSB structure imported by bulk sync; resolution 2.2 A; ligand(s): CL;JRC;MG;PR;ZN; candidate for docking review.
PDE10A,5SIP,RCSB_PDB,experimental,X-ray,2.03,A;B;C;D,JRL;MG;ZN,Homo sapiens,"CRYSTAL STRUCTURE OF HUMAN PHOSPHODIESTERASE 10 IN COMPLEX WITH c1(c(n(nc1)C)C(=O)Nc3nc2nc(cn2cc3)c4ccccc4)C(N5CCC5)=O, micromolar IC50=0.0027158",cif,data/target_db/cache/rcsb/PDE10A/5SIP.cif,https://files.rcsb.org/download/5SIP.cif,1,0,1,Experimental RCSB structure imported by bulk sync; resolution 2.03 A; ligand(s): JRL;MG;ZN; candidate for docking review.
PDE10A,5SIQ,RCSB_PDB,experimental,X-ray,1.97,A;B;C;D,GOL;JRX;MG;ZN,Homo sapiens,"CRYSTAL STRUCTURE OF HUMAN PHOSPHODIESTERASE 10 IN COMPLEX WITH [S](N3CCN(c2nc1ccccc1nc2CC)CC3)(c4ccc(cc4)C)(=O)=O, micromolar IC50=0.226614",cif,data/target_db/cache/rcsb/PDE10A/5SIQ.cif,https://files.rcsb.org/download/5SIQ.cif,1,0,1,Experimental RCSB structure imported by bulk sync; resolution 1.97 A; ligand(s): GOL;JRX;MG;ZN; candidate for docking review.
PDE10A,5SIR,RCSB_PDB,experimental,X-ray,2.5,A;B;C;D,JSF;MG;ZN,Homo sapiens,"CRYSTAL STRUCTURE OF HUMAN PHOSPHODIESTERASE 10 IN COMPLEX WITH c1c(C)nc(c(c1)C)C(=O)Nc3nc2nc(cn2cc3)c4ccccc4, micromolar IC50=0.028279",cif,data/target_db/cache/rcsb/PDE10A/5SIR.cif,https://files.rcsb.org/download/5SIR.cif,1,0,1,Experimental RCSB structure imported by bulk sync; resolution 2.5 A; ligand(s): JSF;MG;ZN; candidate for docking review.
PDE10A,5SIS,RCSB_PDB,experimental,X-ray,1.85,A,JSM;MG;ZN,Homo sapiens,"CRYSTAL STRUCTURE OF HUMAN PHOSPHODIESTERASE 10 IN COMPLEX WITH c1(c(n(nc1)C)C(Nc3cc2nc(cn2cc3)c4ccccc4)=O)C(=O)N(C)CCNC, micromolar IC50=0.002096",cif,data/target_db/cache/rcsb/PDE10A/5SIS.cif,https://files.rcsb.org/download/5SIS.cif,1,0,1,Experimental RCSB structure imported by bulk sync; resolution 1.85 A; ligand(s): JSM;MG;ZN; candidate for docking review.
PDE10A,5SIT,RCSB_PDB,experimental,X-ray,1.99,A;B;C;D,JSY;MG;ZN,Homo sapiens,"CRYSTAL STRUCTURE OF HUMAN PHOSPHODIESTERASE 10 IN COMPLEX WITH c1(ncnc(c1)C)Nc2ccc(C)cc2, micromolar IC50=408.404817",cif,data/target_db/cache/rcsb/PDE10A/5SIT.cif,https://files.rcsb.org/download/5SIT.cif,1,0,1,Experimental RCSB structure imported by bulk sync; resolution 1.99 A; ligand(s): JSY;MG;ZN; candidate for docking review.
PDE10A,5SIU,RCSB_PDB,experimental,X-ray,2.01,A;B;C;D,JT9;MG;ZN,Homo sapiens,"CRYSTAL STRUCTURE OF HUMAN PHOSPHODIESTERASE 10 IN COMPLEX WITH c2c(Cl)c1nc(nn1c(c2Cl)C)CCC3=Nc4c(NC3=O)cccc4, micromolar IC50=0.007718",cif,data/target_db/cache/rcsb/PDE10A/5SIU.cif,https://files.rcsb.org/download/5SIU.cif,1,0,1,Experimental RCSB structure imported by bulk sync; resolution 2.01 A; ligand(s): JT9;MG;ZN; candidate for docking review.
PDE10A,5SIV,RCSB_PDB,experimental,X-ray,2.2,A;B;C;D,JTL;MG;ZN,Homo sapiens,"CRYSTAL STRUCTURE OF HUMAN PHOSPHODIESTERASE 10 IN COMPLEX WITH C(c2cc1c(nccn1)cc2)(=O)NCc3cccs3, micromolar IC50=>10",cif,data/target_db/cache/rcsb/PDE10A/5SIV.cif,https://files.rcsb.org/download/5SIV.cif,1,0,1,Experimental RCSB structure imported by bulk sync; resolution 2.2 A; ligand(s): JTL;MG;ZN; candidate for docking review.
PDE10A,5SIW,RCSB_PDB,experimental,X-ray,2.13,A;B;C;D,JTX;MG;ZN,Homo sapiens,"CRYSTAL STRUCTURE OF HUMAN PHOSPHODIESTERASE 10 IN COMPLEX WITH N2C=C(c1nc(nn1C2(C)O)CCc3nc(nn3C)N4CCCC4)C(F)(F)F, micromolar IC50=0.44215",cif,data/target_db/cache/rcsb/PDE10A/5SIW.cif,https://files.rcsb.org/download/5SIW.cif,1,0,1,Experimental RCSB structure imported by bulk sync; resolution 2.13 A; ligand(s): JTX;MG;ZN; candidate for docking review.
PDE10A,5SIX,RCSB_PDB,experimental,X-ray,2.29,A,JU6;MG;ZN,Homo sapiens,"CRYSTAL STRUCTURE OF HUMAN PHOSPHODIESTERASE 10 IN COMPLEX WITH c1(cc(nc2cc(nn12)c3c(nc4c(n3)cccc4)C)N5CC[C@H](C5)F)NC6CCOCC6, micromolar IC50=0.007291",cif,data/target_db/cache/rcsb/PDE10A/5SIX.cif,https://files.rcsb.org/download/5SIX.cif,1,0,1,Experimental RCSB structure imported by bulk sync; resolution 2.29 A; ligand(s): JU6;MG;ZN; candidate for docking review.
PDE10A,5SIY,RCSB_PDB,experimental,X-ray,2.03,A;B;C;D,JUC;MG;ZN,Homo sapiens,"CRYSTAL STRUCTURE OF HUMAN PHOSPHODIESTERASE 10 IN COMPLEX WITH c1(cc(nc2cc(nn12)c3c(nc4c(n3)cccc4)C)N5C[C@@H](CC5)F)N(C6CCOCC6)C, micromolar IC50=0.0050385",cif,data/target_db/cache/rcsb/PDE10A/5SIY.cif,https://files.rcsb.org/download/5SIY.cif,1,0,1,Experimental RCSB structure imported by bulk sync; resolution 2.03 A; ligand(s): JUC;MG;ZN; candidate for docking review.
PDE10A,5SIZ,RCSB_PDB,experimental,X-ray,2.1,A;B;C;D,JWC;MG;ZN,Homo sapiens,"CRYSTAL STRUCTURE OF HUMAN PHOSPHODIESTERASE 10 IN COMPLEX WITH c1(nc(n[nH]1)c2cccnc2)CCNC(c3c(ncc(n3)C4CC4)OC)=O, micromolar IC50=0.249764",cif,data/target_db/cache/rcsb/PDE10A/5SIZ.cif,https://files.rcsb.org/download/5SIZ.cif,1,0,1,Experimental RCSB structure imported by bulk sync; resolution 2.1 A; ligand(s): JWC;MG;ZN; candidate for docking review.
PDE10A,5SJ0,RCSB_PDB,experimental,X-ray,2.35,A;B;C;D,JX9;MG;ZN,Homo sapiens,"CRYSTAL STRUCTURE OF HUMAN PHOSPHODIESTERASE 10 IN COMPLEX WITH c12c([nH]cn1)ncnc2N(C)C3CCCCC3, micromolar IC50=3.41927",cif,data/target_db/cache/rcsb/PDE10A/5SJ0.cif,https://files.rcsb.org/download/5SJ0.cif,1,0,1,Experimental RCSB structure imported by bulk sync; resolution 2.35 A; ligand(s): JX9;MG;ZN; candidate for docking review.
PDE10A,5SJ1,RCSB_PDB,experimental,X-ray,2.16,A;B;C;D,JWJ;MG;ZN,Homo sapiens,"CRYSTAL STRUCTURE OF HUMAN PHOSPHODIESTERASE 10 IN COMPLEX WITH c12c4c(ccc1[nH]c(n2)[S@@](Cc3ncc(c(c3C)OC(C)C)C)=O)ncs4, micromolar IC50=0.333158",cif,data/target_db/cache/rcsb/PDE10A/5SJ1.cif,https://files.rcsb.org/download/5SJ1.cif,1,0,1,Experimental RCSB structure imported by bulk sync; resolution 2.16 A; ligand(s): JWJ;MG;ZN; candidate for docking review.
PDE10A,5SJ2,RCSB_PDB,experimental,X-ray,1.99,A;B;C;D,JWR;MG;ZN,Homo sapiens,"CRYSTAL STRUCTURE OF HUMAN PHOSPHODIESTERASE 10 IN COMPLEX WITH c1(c(Cl)c(ncc1)Cl)C(Nc3cc2nc(nn2cc3)c4ccccc4)=O, micromolar IC50=0.02036",cif,data/target_db/cache/rcsb/PDE10A/5SJ2.cif,https://files.rcsb.org/download/5SJ2.cif,1,0,1,Experimental RCSB structure imported by bulk sync; resolution 1.99 A; ligand(s): JWR;MG;ZN; candidate for docking review.
PDE10A,5SJ3,RCSB_PDB,experimental,X-ray,2.1,A;B;C;D,GOL;JX0;MG;ZN,Homo sapiens,"CRYSTAL STRUCTURE OF HUMAN PHOSPHODIESTERASE 10 IN COMPLEX WITH c13c(cc(s1)C(N2CCCCC2)=O)c(nn3c4ccc(Cl)cc4)C, micromolar IC50=0.143",cif,data/target_db/cache/rcsb/PDE10A/5SJ3.cif,https://files.rcsb.org/download/5SJ3.cif,1,0,1,Experimental RCSB structure imported by bulk sync; resolution 2.1 A; ligand(s): GOL;JX0;MG;ZN; candidate for docking review.
PDE10A,5SJ4,RCSB_PDB,experimental,X-ray,2.77,A;B;C;D,JXI;MG;ZN,Homo sapiens,"CRYSTAL STRUCTURE OF HUMAN PHOSPHODIESTERASE 10 IN COMPLEX WITH c1(ccccc1)c2cn(C)c(n2)CCC3=Nc4c(C(N3)=O)cnn4C, micromolar IC50=0.04979",cif,data/target_db/cache/rcsb/PDE10A/5SJ4.cif,https://files.rcsb.org/download/5SJ4.cif,1,0,1,Experimental RCSB structure imported by bulk sync; resolution 2.77 A; ligand(s): JXI;MG;ZN; candidate for docking review.
PDE10A,5SJ5,RCSB_PDB,experimental,X-ray,2.49,A;B;C;D,JXO;MG;ZN,Homo sapiens,"CRYSTAL STRUCTURE OF HUMAN PHOSPHODIESTERASE 10 IN COMPLEX WITH c12c(nc(cn1)N)ccc(c2)Cl, micromolar IC50=41.447943",cif,data/target_db/cache/rcsb/PDE10A/5SJ5.cif,https://files.rcsb.org/download/5SJ5.cif,1,0,1,Experimental RCSB structure imported by bulk sync; resolution 2.49 A; ligand(s): JXO;MG;ZN; candidate for docking review.
PDE10A,5SJ6,RCSB_PDB,experimental,X-ray,2.15,A;B;C;D,JXX;MG;ZN,Homo sapiens,"CRYSTAL STRUCTURE OF HUMAN PHOSPHODIESTERASE 10 IN COMPLEX WITH c1ccc2c(c1)nc(nc2N3CCOCC3)Cl, micromolar IC50=1.4973168",cif,data/target_db/cache/rcsb/PDE10A/5SJ6.cif,https://files.rcsb.org/download/5SJ6.cif,1,0,1,Experimental RCSB structure imported by bulk sync; resolution 2.15 A; ligand(s): JXX;MG;ZN; candidate for docking review.
PDE10A,5SJ7,RCSB_PDB,experimental,X-ray,2.14,A;B;C;D,JY3;MG;ZN,Homo sapiens,"CRYSTAL STRUCTURE OF HUMAN PHOSPHODIESTERASE 10 IN COMPLEX WITH c12c4c(ccc1[nH]c(n2)SCc3ncc(c(c3)OC(C)C)C)ncs4, micromolar IC50=0.148637",cif,data/target_db/cache/rcsb/PDE10A/5SJ7.cif,https://files.rcsb.org/download/5SJ7.cif,1,0,1,Experimental RCSB structure imported by bulk sync; resolution 2.14 A; ligand(s): JY3;MG;ZN; candidate for docking review.
PDE10A,5SJ8,RCSB_PDB,experimental,X-ray,2.49,A;B;C;D,JYA;MG;ZN,Homo sapiens,"CRYSTAL STRUCTURE OF HUMAN PHOSPHODIESTERASE 10 IN COMPLEX WITH c1c(OC)nc2c(c1)nc(c3c(nc(n23)CCC)C)C#N, micromolar IC50=0.013985",cif,data/target_db/cache/rcsb/PDE10A/5SJ8.cif,https://files.rcsb.org/download/5SJ8.cif,1,0,1,Experimental RCSB structure imported by bulk sync; resolution 2.49 A; ligand(s): JYA;MG;ZN; candidate for docking review.
PDE10A,5SJ9,RCSB_PDB,experimental,X-ray,2.39,A;B;C;D,JYL;MG;ZN,Homo sapiens,"CRYSTAL STRUCTURE OF HUMAN PHOSPHODIESTERASE 10 IN COMPLEX WITH n1(C)c(nc(c1)c2ccccc2)CCNC(c3cccn4c(nnc34)C(C)C)=O, micromolar IC50=0.024844",cif,data/target_db/cache/rcsb/PDE10A/5SJ9.cif,https://files.rcsb.org/download/5SJ9.cif,1,0,1,Experimental RCSB structure imported by bulk sync; resolution 2.39 A; ligand(s): JYL;MG;ZN; candidate for docking review.
PDE10A,5SJA,RCSB_PDB,experimental,X-ray,2.13,A;B;C;D,JYU;MG;ZN,Homo sapiens,"CRYSTAL STRUCTURE OF HUMAN PHOSPHODIESTERASE 10 IN COMPLEX WITH c13c(cc(s1)C(Nc2cc(nn2C(C)(C)C)C)=O)c(nn3c4ccccc4)COc5ncccc5, micromolar IC50=0.075134",cif,data/target_db/cache/rcsb/PDE10A/5SJA.cif,https://files.rcsb.org/download/5SJA.cif,1,0,1,Experimental RCSB structure imported by bulk sync; resolution 2.13 A; ligand(s): JYU;MG;ZN; candidate for docking review.
PDE10A,5SJB,RCSB_PDB,experimental,X-ray,2.2,A;B;C;D,K0C;MG;ZN,Homo sapiens,"CRYSTAL STRUCTURE OF HUMAN PHOSPHODIESTERASE 10 IN COMPLEX WITH c13c(ccc2c1cccn2)[nH]c(n3)SCc4ncc(c(c4C)OC)C, micromolar IC50=0.026333",cif,data/target_db/cache/rcsb/PDE10A/5SJB.cif,https://files.rcsb.org/download/5SJB.cif,1,0,1,Experimental RCSB structure imported by bulk sync; resolution 2.2 A; ligand(s): K0C;MG;ZN; candidate for docking review.
PDE10A,5SJC,RCSB_PDB,experimental,X-ray,2.08,A,K0R;MG;ZN,Homo sapiens,"CRYSTAL STRUCTURE OF HUMAN PHOSPHODIESTERASE 10 IN COMPLEX WITH c1(c(c(nn1C)C)Cl)C(Nc3nc2nc(cn2cc3)c4ccccc4)=O, micromolar IC50=0.096957",cif,data/target_db/cache/rcsb/PDE10A/5SJC.cif,https://files.rcsb.org/download/5SJC.cif,1,0,1,Experimental RCSB structure imported by bulk sync; resolution 2.08 A; ligand(s): K0R;MG;ZN; candidate for docking review.
PDE10A,5SJD,RCSB_PDB,experimental,X-ray,2.16,A;B;C;D,K18;MG;ZN,Homo sapiens,"CRYSTAL STRUCTURE OF HUMAN PHOSPHODIESTERASE 10 IN COMPLEX WITH c1(ccnn1c2ccccc2)NC(=O)NCCn3c(cc(n3)C)C, micromolar IC50=>8.112831",cif,data/target_db/cache/rcsb/PDE10A/5SJD.cif,https://files.rcsb.org/download/5SJD.cif,1,0,1,Experimental RCSB structure imported by bulk sync; resolution 2.16 A; ligand(s): K18;MG;ZN; candidate for docking review.
PDE10A,5SJE,RCSB_PDB,experimental,X-ray,2.1,A;B;C;D,CL;GOL;K1I;MG;PR;ZN,Homo sapiens,"CRYSTAL STRUCTURE OF HUMAN PHOSPHODIESTERASE 10 IN COMPLEX WITH C2(=NN(c1cccc(c1)[S](=O)(=O)C)C=CC2=O)c3ccnn3c4cccc5c4OC(O5)(F)F, micromolar IC50=0.029598",cif,data/target_db/cache/rcsb/PDE10A/5SJE.cif,https://files.rcsb.org/download/5SJE.cif,1,0,1,Experimental RCSB structure imported by bulk sync; resolution 2.1 A; ligand(s): CL;GOL;K1I;MG;PR;ZN; candidate for docking review.
PDE10A,5SJF,RCSB_PDB,experimental,X-ray,2.05,A;B;C;D,CL;GOL;K1X;MG;ZN,Homo sapiens,"CRYSTAL STRUCTURE OF HUMAN PHOSPHODIESTERASE 10 IN COMPLEX WITH C1=CN(N=C(C1=O)c2ccnn2c3c4c(ncc3)cccc4)c5cc(ccc5)OC(F)(F)F, micromolar IC50=0.002715",cif,data/target_db/cache/rcsb/PDE10A/5SJF.cif,https://files.rcsb.org/download/5SJF.cif,1,0,1,Experimental RCSB structure imported by bulk sync; resolution 2.05 A; ligand(s): CL;GOL;K1X;MG;ZN; candidate for docking review.
PDE10A,5SJG,RCSB_PDB,experimental,X-ray,1.97,A;B;C;D,K2L;MG;ZN,Homo sapiens,"CRYSTAL STRUCTURE OF HUMAN PHOSPHODIESTERASE 10 IN COMPLEX WITH C4CCN(c1cn(c(n1)CCc3nn2c(ncc(c2n3)C)C)C)C4=O, micromolar IC50=0.039238",cif,data/target_db/cache/rcsb/PDE10A/5SJG.cif,https://files.rcsb.org/download/5SJG.cif,1,0,1,Experimental RCSB structure imported by bulk sync; resolution 1.97 A; ligand(s): K2L;MG;ZN; candidate for docking review.
PDE10A,5SJH,RCSB_PDB,experimental,X-ray,2.1,A;B;C;D,MG;ZN,Homo sapiens,Crystal Structure of human phosphodiesterase 10,cif,data/target_db/cache/rcsb/PDE10A/5SJH.cif,https://files.rcsb.org/download/5SJH.cif,1,0,1,Experimental RCSB structure imported by bulk sync; resolution 2.1 A; ligand(s): MG;ZN; candidate for docking review.
PDE10A,5SJI,RCSB_PDB,experimental,X-ray,1.98,A;B;C;D,GOL;K3F;MG;ZN,Homo sapiens,"CRYSTAL STRUCTURE OF HUMAN PHOSPHODIESTERASE 10 IN COMPLEX WITH c14c(nc([nH]1)c2ccccc2)cc(NC(c3c(cnn3C)Cl)=O)cc4, micromolar IC50=0.169",cif,data/target_db/cache/rcsb/PDE10A/5SJI.cif,https://files.rcsb.org/download/5SJI.cif,1,0,1,Experimental RCSB structure imported by bulk sync; resolution 1.98 A; ligand(s): GOL;K3F;MG;ZN; candidate for docking review.
PDE10A,5SJJ,RCSB_PDB,experimental,X-ray,2.1,A;B;C;D,GOL;K3O;MG;ZN,Homo sapiens,"CRYSTAL STRUCTURE OF HUMAN PHOSPHODIESTERASE 10 IN COMPLEX WITH n2c(nc1[nH]cc(c1c2NCC)c3cccc(c3)C(F)(F)F)N, micromolar IC50=0.256",cif,data/target_db/cache/rcsb/PDE10A/5SJJ.cif,https://files.rcsb.org/download/5SJJ.cif,1,0,1,Experimental RCSB structure imported by bulk sync; resolution 2.1 A; ligand(s): GOL;K3O;MG;ZN; candidate for docking review.
PDE10A,5SJK,RCSB_PDB,experimental,X-ray,2.24,A;B;C;D,K40;MG;ZN,Homo sapiens,"CRYSTAL STRUCTURE OF HUMAN PHOSPHODIESTERASE 10 IN COMPLEX WITH c13c([nH]c2c1CCNC2=O)c(ccc3Cl)Cl, micromolar IC50=3.5596173",cif,data/target_db/cache/rcsb/PDE10A/5SJK.cif,https://files.rcsb.org/download/5SJK.cif,1,0,1,Experimental RCSB structure imported by bulk sync; resolution 2.24 A; ligand(s): K40;MG;ZN; candidate for docking review.
PDE10A,5SJL,RCSB_PDB,experimental,X-ray,2.64,A;B;C;D,K49;MG;ZN,Homo sapiens,"CRYSTAL STRUCTURE OF HUMAN PHOSPHODIESTERASE 10 IN COMPLEX WITH N(C(c1c(cncc1)NC(c2c(ccc(n2)C3CC3)Nc4cncnc4)=O)=O)CC(C)(O)C, micromolar IC50=0.002076",cif,data/target_db/cache/rcsb/PDE10A/5SJL.cif,https://files.rcsb.org/download/5SJL.cif,1,0,1,Experimental RCSB structure imported by bulk sync; resolution 2.64 A; ligand(s): K49;MG;ZN; candidate for docking review.
PDE10A,5SJM,RCSB_PDB,experimental,X-ray,2.3,A;B;C;D,K4L;MG;ZN,Homo sapiens,"CRYSTAL STRUCTURE OF HUMAN PHOSPHODIESTERASE 10 IN COMPLEX WITH N1C(C(=CC(=C1)c2ccncc2)CCc3ccccc3)=O, micromolar IC50=1.981457",cif,data/target_db/cache/rcsb/PDE10A/5SJM.cif,https://files.rcsb.org/download/5SJM.cif,1,0,1,Experimental RCSB structure imported by bulk sync; resolution 2.3 A; ligand(s): K4L;MG;ZN; candidate for docking review.
PDE10A,5SJN,RCSB_PDB,experimental,X-ray,2.05,A;B;C;D,K7O;MG;ZN,Homo sapiens,"Crystal Structure of human phosphodiesterase 10 in complex with 6,8-dichloro-2-[2-(6,7-dimethyl-1H-benzimidazol-2-yl)ethyl]-5-methyl-[1,2,4]triazolo[1,5-a]pyridine",cif,data/target_db/cache/rcsb/PDE10A/5SJN.cif,https://files.rcsb.org/download/5SJN.cif,1,0,1,Experimental RCSB structure imported by bulk sync; resolution 2.05 A; ligand(s): K7O;MG;ZN; candidate for docking review.
PDE10A,5SJO,RCSB_PDB,experimental,X-ray,2.1,A;B;C;D,CL;GOL;K79;MG;PR;ZN,Homo sapiens,"CRYSTAL STRUCTURE OF HUMAN PHOSPHODIESTERASE 10 IN COMPLEX WITH C1=CN(N=C(C1=O)c2ccnn2c3ccc(cc3F)F)c4cc(ccc4)OC(F)(F)F, micromolar IC50=0.041355",cif,data/target_db/cache/rcsb/PDE10A/5SJO.cif,https://files.rcsb.org/download/5SJO.cif,1,0,1,Experimental RCSB structure imported by bulk sync; resolution 2.1 A; ligand(s): CL;GOL;K79;MG;PR;ZN; candidate for docking review.
PDE10A,5SJP,RCSB_PDB,experimental,X-ray,2.25,A;B;C;D,K6O;MG;ZN,Homo sapiens,"CRYSTAL STRUCTURE OF HUMAN PHOSPHODIESTERASE 10 IN COMPLEX WITH N1(CCC1)C(=O)c2c(n(nc2)C)C(=O)Nc3cc(nc(c3)C)NC(NC(OCC)=O)=S, micromolar IC50=0.402697",cif,data/target_db/cache/rcsb/PDE10A/5SJP.cif,https://files.rcsb.org/download/5SJP.cif,1,0,1,Experimental RCSB structure imported by bulk sync; resolution 2.25 A; ligand(s): K6O;MG;ZN; candidate for docking review.
PDE10A,5SJQ,RCSB_PDB,experimental,X-ray,2.12,A;B;C;D,K6F;MG;ZN,Homo sapiens,"CRYSTAL STRUCTURE OF HUMAN PHOSPHODIESTERASE 10 IN COMPLEX WITH c12cc(ccc1nc(c(n2)C)C)Cl, micromolar IC50=8.35762",cif,data/target_db/cache/rcsb/PDE10A/5SJQ.cif,https://files.rcsb.org/download/5SJQ.cif,1,0,1,Experimental RCSB structure imported by bulk sync; resolution 2.12 A; ligand(s): K6F;MG;ZN; candidate for docking review.
PDE10A,5SJR,RCSB_PDB,experimental,X-ray,2.1,A;B;C;D,CL;GOL;K63;MG;ZN,Homo sapiens,"CRYSTAL STRUCTURE OF HUMAN PHOSPHODIESTERASE 10 IN COMPLEX WITH c4(c(c1ccc(cc1)c2ccccc2OCC)nc3ccc(cc3c4N[C@@H](C(O)=O)C)F)C#N, micromolar IC50=0.0015665",cif,data/target_db/cache/rcsb/PDE10A/5SJR.cif,https://files.rcsb.org/download/5SJR.cif,1,0,1,Experimental RCSB structure imported by bulk sync; resolution 2.1 A; ligand(s): CL;GOL;K63;MG;ZN; candidate for docking review.
PDE10A,5SJS,RCSB_PDB,experimental,X-ray,2.7,A;B;C;D,CL;GOL;K5R;MG;ZN,Homo sapiens,"CRYSTAL STRUCTURE OF HUMAN PHOSPHODIESTERASE 10 IN COMPLEX WITH c1(c(ccc(n1)C2CC2)Nc3cncnc3)C(Nc4c(ccnc4)C(=O)N(C)C)=O, micromolar IC50=0.087803",cif,data/target_db/cache/rcsb/PDE10A/5SJS.cif,https://files.rcsb.org/download/5SJS.cif,1,0,1,Experimental RCSB structure imported by bulk sync; resolution 2.7 A; ligand(s): CL;GOL;K5R;MG;ZN; candidate for docking review.
PDE10A,5SJT,RCSB_PDB,experimental,X-ray,2.1,A;B;C;D,CL;GOL;K5F;MG;PR;ZN,Homo sapiens,"CRYSTAL STRUCTURE OF HUMAN PHOSPHODIESTERASE 10 IN COMPLEX WITH c4(c(C(Nc2cc1nc(cn1cc2)c3ccccc3)=O)n(nc4)C)C(N(C)C)=O, micromolar IC50=0.000153",cif,data/target_db/cache/rcsb/PDE10A/5SJT.cif,https://files.rcsb.org/download/5SJT.cif,1,0,1,Experimental RCSB structure imported by bulk sync; resolution 2.1 A; ligand(s): CL;GOL;K5F;MG;PR;ZN; candidate for docking review.
PDE10A,5SJU,RCSB_PDB,experimental,X-ray,1.97,A;B;C;D,K4U;MG;ZN,Homo sapiens,"CRYSTAL STRUCTURE OF HUMAN PHOSPHODIESTERASE 10 IN COMPLEX WITH c1c(nc(s1)NC(c2c(ncc(n2)C3CC3)Nc4cncnc4)=O)CN5CCCCC5, micromolar IC50=0.03208",cif,data/target_db/cache/rcsb/PDE10A/5SJU.cif,https://files.rcsb.org/download/5SJU.cif,1,0,1,Experimental RCSB structure imported by bulk sync; resolution 1.97 A; ligand(s): K4U;MG;ZN; candidate for docking review.
PDE10A,5SJV,RCSB_PDB,experimental,X-ray,1.94,A;B;C;D,K9F;MG;ZN,Homo sapiens,"CRYSTAL STRUCTURE OF HUMAN PHOSPHODIESTERASE 10 IN COMPLEX WITH c4c(c1cn(c(n1)CCc2cccc3nccnc23)C)cccc4, micromolar IC50=0.48281",cif,data/target_db/cache/rcsb/PDE10A/5SJV.cif,https://files.rcsb.org/download/5SJV.cif,1,0,1,Experimental RCSB structure imported by bulk sync; resolution 1.94 A; ligand(s): K9F;MG;ZN; candidate for docking review.
PDE10A,5SJW,RCSB_PDB,experimental,X-ray,1.95,A;B;C;D,CL;GOL;K9O;MG;ZN,Homo sapiens,"CRYSTAL STRUCTURE OF HUMAN PHOSPHODIESTERASE 10 IN COMPLEX WITH C(Nc1ccc2c(c1)nc([nH]2)c3ccccc3)(=O)c4c(Cl)cnn4CC(C)C, micromolar IC50=0.448073",cif,data/target_db/cache/rcsb/PDE10A/5SJW.cif,https://files.rcsb.org/download/5SJW.cif,1,0,1,Experimental RCSB structure imported by bulk sync; resolution 1.95 A; ligand(s): CL;GOL;K9O;MG;ZN; candidate for docking review.
PDE10A,5SJX,RCSB_PDB,experimental,X-ray,2.06,A;B;C;D,GOL;MG;PF9;ZN,Homo sapiens,"CRYSTAL STRUCTURE OF HUMAN PHOSPHODIESTERASE 10 IN COMPLEX WITH c1(cn(C)nc1c4ccc(OCc3nc2ccccc2cc3)cc4)c5ccncc5, micromolar IC50=0.00070127",cif,data/target_db/cache/rcsb/PDE10A/5SJX.cif,https://files.rcsb.org/download/5SJX.cif,1,0,1,Experimental RCSB structure imported by bulk sync; resolution 2.06 A; ligand(s): GOL;MG;PF9;ZN; candidate for docking review.
PDE10A,5SJY,RCSB_PDB,experimental,X-ray,2.2,A;B;C;D,K9X;MG;ZN,Homo sapiens,"CRYSTAL STRUCTURE OF HUMAN PHOSPHODIESTERASE 10 IN COMPLEX WITH c1(c(Br)c(nn1C)C)C(=O)Nc3nc2nc(cn2cc3)c4ccccc4, micromolar IC50=0.026781",cif,data/target_db/cache/rcsb/PDE10A/5SJY.cif,https://files.rcsb.org/download/5SJY.cif,1,0,1,Experimental RCSB structure imported by bulk sync; resolution 2.2 A; ligand(s): K9X;MG;ZN; candidate for docking review.
PDE10A,5SJZ,RCSB_PDB,experimental,X-ray,2.19,A;B;C;D,KA6;MG;ZN,Homo sapiens,"CRYSTAL STRUCTURE OF HUMAN PHOSPHODIESTERASE 10 IN COMPLEX WITH N1(CCOCC1)C(c2c(n(nc2)C)C(Nc4cc3nc(nn3cc4)N5CCCC5)=O)=O, micromolar IC50=0.0008908",cif,data/target_db/cache/rcsb/PDE10A/5SJZ.cif,https://files.rcsb.org/download/5SJZ.cif,1,0,1,Experimental RCSB structure imported by bulk sync; resolution 2.19 A; ligand(s): KA6;MG;ZN; candidate for docking review.
PDE10A,5SK0,RCSB_PDB,experimental,X-ray,2.02,A;B;C;D,KAU;MG;ZN,Homo sapiens,"CRYSTAL STRUCTURE OF HUMAN PHOSPHODIESTERASE 10 IN COMPLEX WITH N2(c1ccc(cn1)Cl)CC[C@H](C2)NC(c3nn(cc3c4ccncc4)C)=O, micromolar IC50=0.708457",cif,data/target_db/cache/rcsb/PDE10A/5SK0.cif,https://files.rcsb.org/download/5SK0.cif,1,0,1,Experimental RCSB structure imported by bulk sync; resolution 2.02 A; ligand(s): KAU;MG;ZN; candidate for docking review.
PDE10A,5SK1,RCSB_PDB,experimental,X-ray,2.3,A;B;C;D,CL;IKE;MG;ZN,Homo sapiens,"CRYSTAL STRUCTURE OF HUMAN PHOSPHODIESTERASE 10 IN COMPLEX WITH c12nc(cn1ccc(n2)NC(c3c(C(=O)NC)cnn3C)=O)c4ccccc4, micromolar IC50=0.01331975",cif,data/target_db/cache/rcsb/PDE10A/5SK1.cif,https://files.rcsb.org/download/5SK1.cif,1,0,1,Experimental RCSB structure imported by bulk sync; resolution 2.3 A; ligand(s): CL;IKE;MG;ZN; candidate for docking review.
PDE10A,5SK2,RCSB_PDB,experimental,X-ray,2.14,A;B;C;D,KB6;MG;ZN,Homo sapiens,"CRYSTAL STRUCTURE OF HUMAN PHOSPHODIESTERASE 10 IN COMPLEX WITH c1c(ccc(c1)c2nc(c(C)o2)CCOc4ncc3ccccc3c4)F, micromolar IC50=0.224356",cif,data/target_db/cache/rcsb/PDE10A/5SK2.cif,https://files.rcsb.org/download/5SK2.cif,1,0,1,Experimental RCSB structure imported by bulk sync; resolution 2.14 A; ligand(s): KB6;MG;ZN; candidate for docking review.
PDE10A,5SK3,RCSB_PDB,experimental,X-ray,2.32,A;B;C;D,IIR;MG;ZN,Homo sapiens,"CRYSTAL STRUCTURE OF HUMAN PHOSPHODIESTERASE 10 IN COMPLEX WITH n2(cc(c1ccccc1)nc2CCc5nn3c(nc(c3CO)C4CC4)cc5)C, micromolar IC50=0.655585",cif,data/target_db/cache/rcsb/PDE10A/5SK3.cif,https://files.rcsb.org/download/5SK3.cif,1,0,1,Experimental RCSB structure imported by bulk sync; resolution 2.32 A; ligand(s): IIR;MG;ZN; candidate for docking review.
PDE10A,5SK4,RCSB_PDB,experimental,X-ray,2.0,A;B;C;D,KBL;MG;ZN,Homo sapiens,"CRYSTAL STRUCTURE OF HUMAN PHOSPHODIESTERASE 10 IN COMPLEX WITH c1ccc(cc1N4N=C(c2ccnn2c3ccccc3)C(=O)C=C4C)OC(F)(F)F, micromolar IC50=0.181240",cif,data/target_db/cache/rcsb/PDE10A/5SK4.cif,https://files.rcsb.org/download/5SK4.cif,1,0,1,Experimental RCSB structure imported by bulk sync; resolution 2.0 A; ligand(s): KBL;MG;ZN; candidate for docking review.
PDE10A,5SK5,RCSB_PDB,experimental,X-ray,1.95,A;B;C;D,GOL;JKO;MG;ZN,Homo sapiens,"CRYSTAL STRUCTURE OF HUMAN PHOSPHODIESTERASE 10 IN COMPLEX WITH C(=O)(N1CCOCC1)c5c(C(Nc3cc2nc(cn2cc3)c4ccccc4)=O)n(nc5)C, micromolar IC50=0.000072",cif,data/target_db/cache/rcsb/PDE10A/5SK5.cif,https://files.rcsb.org/download/5SK5.cif,1,0,1,Experimental RCSB structure imported by bulk sync; resolution 1.95 A; ligand(s): GOL;JKO;MG;ZN; candidate for docking review.
PDE10A,5SK6,RCSB_PDB,experimental,X-ray,2.2,A;B;C;D,GOL;KC9;MG;ZN,Homo sapiens,"Crystal Structure of human phosphodiesterase 10 in complex with 4-(azetidine-1-carbonyl)-N-[3-(1,3-benzoxazol-2-yl)phenyl]-2-methylpyrazole-3-carboxamide",cif,data/target_db/cache/rcsb/PDE10A/5SK6.cif,https://files.rcsb.org/download/5SK6.cif,1,0,1,Experimental RCSB structure imported by bulk sync; resolution 2.2 A; ligand(s): GOL;KC9;MG;ZN; candidate for docking review.
PDE10A,5SK7,RCSB_PDB,experimental,X-ray,2.29,A;B;C;D,BR;KCF;MG;ZN,Homo sapiens,"CRYSTAL STRUCTURE OF HUMAN PHOSPHODIESTERASE 10 IN COMPLEX WITH c2(cc1nc(nn1cc2)N(C)C)Br, micromolar IC50=4.393076",cif,data/target_db/cache/rcsb/PDE10A/5SK7.cif,https://files.rcsb.org/download/5SK7.cif,1,0,1,Experimental RCSB structure imported by bulk sync; resolution 2.29 A; ligand(s): BR;KCF;MG;ZN; candidate for docking review.
PDE10A,5SK8,RCSB_PDB,experimental,X-ray,2.3,A,KCU;MG;ZN,Homo sapiens,"CRYSTAL STRUCTURE OF HUMAN PHOSPHODIESTERASE 10 IN COMPLEX WITH C(Nc1ccc2c(c1)nc([nH]2)c3ccccc3)(=O)c4c(cnn4CCC)Cl, micromolar IC50=0.388979",cif,data/target_db/cache/rcsb/PDE10A/5SK8.cif,https://files.rcsb.org/download/5SK8.cif,1,0,1,Experimental RCSB structure imported by bulk sync; resolution 2.3 A; ligand(s): KCU;MG;ZN; candidate for docking review.
PDE10A,5SK9,RCSB_PDB,experimental,X-ray,2.82,A;B;C;D,KD4;MG;ZN,Homo sapiens,"CRYSTAL STRUCTURE OF HUMAN PHOSPHODIESTERASE 10 IN COMPLEX WITH COc1cccc2nc(Cl)c(C)nc12, micromolar IC50=7.99191",cif,data/target_db/cache/rcsb/PDE10A/5SK9.cif,https://files.rcsb.org/download/5SK9.cif,1,0,1,Experimental RCSB structure imported by bulk sync; resolution 2.82 A; ligand(s): KD4;MG;ZN; candidate for docking review.
PDE10A,5SKA,RCSB_PDB,experimental,X-ray,2.21,A;B;C;D,KDC;MG;ZN,Homo sapiens,"CRYSTAL STRUCTURE OF HUMAN PHOSPHODIESTERASE 10 IN COMPLEX WITH c12c4c(ccc1[nH]c(n2)SCc3ncc(c(c3)OCC)C)ncs4, micromolar IC50=0.151839",cif,data/target_db/cache/rcsb/PDE10A/5SKA.cif,https://files.rcsb.org/download/5SKA.cif,1,0,1,Experimental RCSB structure imported by bulk sync; resolution 2.21 A; ligand(s): KDC;MG;ZN; candidate for docking review.
PDE10A,5SKB,RCSB_PDB,experimental,X-ray,2.35,A;B;C;D,KDX;MG;ZN,Homo sapiens,"CRYSTAL STRUCTURE OF HUMAN PHOSPHODIESTERASE 10 IN COMPLEX WITH c23c(c1c(cccc1[nH]2)OC)N=CNC3=O, micromolar IC50=>10",cif,data/target_db/cache/rcsb/PDE10A/5SKB.cif,https://files.rcsb.org/download/5SKB.cif,1,0,1,Experimental RCSB structure imported by bulk sync; resolution 2.35 A; ligand(s): KDX;MG;ZN; candidate for docking review.
PDE10A,5SKC,RCSB_PDB,experimental,X-ray,2.6,A;B;C;D,KE6;MG;ZN,Homo sapiens,"CRYSTAL STRUCTURE OF HUMAN PHOSPHODIESTERASE 10 IN COMPLEX WITH c1(c(ccc(n1)C)Nc2cncnc2)C(Nc3nn(cc3)C(C)C)=O, micromolar IC50=0.204685",cif,data/target_db/cache/rcsb/PDE10A/5SKC.cif,https://files.rcsb.org/download/5SKC.cif,1,0,1,Experimental RCSB structure imported by bulk sync; resolution 2.6 A; ligand(s): KE6;MG;ZN; candidate for docking review.
PDE10A,5SKD,RCSB_PDB,experimental,X-ray,2.3,A;B;C;D,GOL;KER;MG;PR;ZN,Homo sapiens,"CRYSTAL STRUCTURE OF HUMAN PHOSPHODIESTERASE 10 IN COMPLEX WITH C1=CN(N=C(C1=O)c2ccnn2c3cc(ccc3F)F)c4cc(ccc4)OC(F)(F)F, micromolar IC50=0.047063",cif,data/target_db/cache/rcsb/PDE10A/5SKD.cif,https://files.rcsb.org/download/5SKD.cif,1,0,1,Experimental RCSB structure imported by bulk sync; resolution 2.3 A; ligand(s): GOL;KER;MG;PR;ZN; candidate for docking review.
PDE10A,5SKE,RCSB_PDB,experimental,X-ray,2.2,A;B;C;D,KF3;MG;ZN,Homo sapiens,"CRYSTAL STRUCTURE OF HUMAN PHOSPHODIESTERASE 10 IN COMPLEX WITH c1nc(nc(c1Nc2cncnc2)C(Nc3cc(ccc3)OC(F)(F)F)=O)C(C)(C)C, micromolar IC50=0.037955",cif,data/target_db/cache/rcsb/PDE10A/5SKE.cif,https://files.rcsb.org/download/5SKE.cif,1,0,1,Experimental RCSB structure imported by bulk sync; resolution 2.2 A; ligand(s): KF3;MG;ZN; candidate for docking review.
PDE10A,5SKF,RCSB_PDB,experimental,X-ray,2.1,A;B;C;D,CL;GOL;KF9;MG;PR;ZN,Homo sapiens,"CRYSTAL STRUCTURE OF HUMAN PHOSPHODIESTERASE 10 IN COMPLEX WITH C1(=NN(C=CC1=O)c2cccc3c2OC(O3)(F)F)c4ccnn4c5cccc(c5)C#N, micromolar IC50=0.080428",cif,data/target_db/cache/rcsb/PDE10A/5SKF.cif,https://files.rcsb.org/download/5SKF.cif,1,0,1,Experimental RCSB structure imported by bulk sync; resolution 2.1 A; ligand(s): CL;GOL;KF9;MG;PR;ZN; candidate for docking review.
PDE10A,5SKG,RCSB_PDB,experimental,X-ray,2.03,A;B;C;D,KFI;MG;ZN,Homo sapiens,"CRYSTAL STRUCTURE OF HUMAN PHOSPHODIESTERASE 10 IN COMPLEX WITH c2(cc1nc(nn1cc2)c3ccccc3)NC(=O)c4cc(nc(c4)NC5CC5)Cl, micromolar IC50=0.0061215",cif,data/target_db/cache/rcsb/PDE10A/5SKG.cif,https://files.rcsb.org/download/5SKG.cif,1,0,1,Experimental RCSB structure imported by bulk sync; resolution 2.03 A; ligand(s): KFI;MG;ZN; candidate for docking review.
PDE10A,5SKH,RCSB_PDB,experimental,X-ray,2.1,A;B;C;D,CL;GOL;KFO;MG;PR;ZN,Homo sapiens,"CRYSTAL STRUCTURE OF HUMAN PHOSPHODIESTERASE 10 IN COMPLEX WITH C1=CN(N=C(C1=O)c2ccnn2c3cc(ccc3)F)c4cc(ccc4)OC(F)(F)F, micromolar IC50=0.043256",cif,data/target_db/cache/rcsb/PDE10A/5SKH.cif,https://files.rcsb.org/download/5SKH.cif,1,0,1,Experimental RCSB structure imported by bulk sync; resolution 2.1 A; ligand(s): CL;GOL;KFO;MG;PR;ZN; candidate for docking review.
PDE10A,5SKI,RCSB_PDB,experimental,X-ray,2.16,A;B;C;D,KFX;MG;ZN,Homo sapiens,"CRYSTAL STRUCTURE OF HUMAN PHOSPHODIESTERASE 10 IN COMPLEX WITH n2(nc(c1ccccc1)nc2NCc4nn3c(cnc(c3n4)C)C)C, micromolar IC50=0.178156",cif,data/target_db/cache/rcsb/PDE10A/5SKI.cif,https://files.rcsb.org/download/5SKI.cif,1,0,1,Experimental RCSB structure imported by bulk sync; resolution 2.16 A; ligand(s): KFX;MG;ZN; candidate for docking review.
PDE10A,5SKJ,RCSB_PDB,experimental,X-ray,2.74,A;B;C;D,KG3;MG;ZN,Homo sapiens,"CRYSTAL STRUCTURE OF HUMAN PHOSPHODIESTERASE 10 IN COMPLEX WITH c1(nc(ccc1Nc2cncnc2)C3CC3)C(=O)Nc4ccccc4CC(=O)NC, micromolar IC50=0.053384",cif,data/target_db/cache/rcsb/PDE10A/5SKJ.cif,https://files.rcsb.org/download/5SKJ.cif,1,0,1,Experimental RCSB structure imported by bulk sync; resolution 2.74 A; ligand(s): KG3;MG;ZN; candidate for docking review.
PDE10A,5SKK,RCSB_PDB,experimental,X-ray,2.15,A;B;C;D,KGO;MG;ZN,Homo sapiens,"CRYSTAL STRUCTURE OF HUMAN PHOSPHODIESTERASE 10 IN COMPLEX WITH c1(c(cnn1C)NC(c2c(ncc(n2)[C@@H]3COCC3)Nc4cncnc4)=O)C(=O)NC, micromolar IC50=0.011972",cif,data/target_db/cache/rcsb/PDE10A/5SKK.cif,https://files.rcsb.org/download/5SKK.cif,1,0,1,Experimental RCSB structure imported by bulk sync; resolution 2.15 A; ligand(s): KGO;MG;ZN; candidate for docking review.
PDE10A,5SKL,RCSB_PDB,experimental,X-ray,2.2,A;B;C;D,KH6;MG;ZN,Homo sapiens,"CRYSTAL STRUCTURE OF HUMAN PHOSPHODIESTERASE 10 IN COMPLEX WITH c4(c(C(=O)Nc2cc1nc(cn1cc2C#N)c3ccccc3)n(C)nc4)C(=O)N5CCOCC5, micromolar IC50=0.000990",cif,data/target_db/cache/rcsb/PDE10A/5SKL.cif,https://files.rcsb.org/download/5SKL.cif,1,0,1,Experimental RCSB structure imported by bulk sync; resolution 2.2 A; ligand(s): KH6;MG;ZN; candidate for docking review.
PDE10A,5SKM,RCSB_PDB,experimental,X-ray,1.91,A;B;C;D,KHI;MG;ZN,Homo sapiens,"CRYSTAL STRUCTURE OF HUMAN PHOSPHODIESTERASE 10 IN COMPLEX WITH [C@H]3(CCc2nc1ccc(Cl)cc1c(n2)N(C)C)CCN(C3)c4ccccn4, micromolar IC50=0.014172",cif,data/target_db/cache/rcsb/PDE10A/5SKM.cif,https://files.rcsb.org/download/5SKM.cif,1,0,1,Experimental RCSB structure imported by bulk sync; resolution 1.91 A; ligand(s): KHI;MG;ZN; candidate for docking review.
PDE10A,5SKN,RCSB_PDB,experimental,X-ray,1.9,A;B;C;D,CL;KHU;MG;ZN,Homo sapiens,"CRYSTAL STRUCTURE OF HUMAN PHOSPHODIESTERASE 10 IN COMPLEX WITH n1(nccc1C3=NN(c2cccc(c2)NC(=O)C)C=CC3=O)c4ccccc4F, micromolar IC50=0.021094",cif,data/target_db/cache/rcsb/PDE10A/5SKN.cif,https://files.rcsb.org/download/5SKN.cif,1,0,1,Experimental RCSB structure imported by bulk sync; resolution 1.9 A; ligand(s): CL;KHU;MG;ZN; candidate for docking review.
PDE10A,5SKO,RCSB_PDB,experimental,X-ray,2.1,A,CL;KI4;MG;ZN,Homo sapiens,"CRYSTAL STRUCTURE OF HUMAN PHOSPHODIESTERASE 10 IN COMPLEX WITH c1(cn(nc1Nc2cncnc2)C)C(Nc3cccc(c3)c4cn5c(n4)cccc5)=O, micromolar IC50=0.051579",cif,data/target_db/cache/rcsb/PDE10A/5SKO.cif,https://files.rcsb.org/download/5SKO.cif,1,0,1,Experimental RCSB structure imported by bulk sync; resolution 2.1 A; ligand(s): CL;KI4;MG;ZN; candidate for docking review.
PDE10A,5SKP,RCSB_PDB,experimental,X-ray,2.0,A;B;C;D,GOL;KI8;MG;ZN,Homo sapiens,"CRYSTAL STRUCTURE OF HUMAN PHOSPHODIESTERASE 10 IN COMPLEX WITH c14c(cc(s1)C(N2CCN(CC2)c3c(OC)cccc3)=O)c(nn4c5ccccc5)C, micromolar IC50=0.229",cif,data/target_db/cache/rcsb/PDE10A/5SKP.cif,https://files.rcsb.org/download/5SKP.cif,1,0,1,Experimental RCSB structure imported by bulk sync; resolution 2.0 A; ligand(s): GOL;KI8;MG;ZN; candidate for docking review.
PDE10A,5SKQ,RCSB_PDB,experimental,X-ray,2.0,A;B;C;D,GOL;KIE;MG;ZN,Homo sapiens,"CRYSTAL STRUCTURE OF HUMAN PHOSPHODIESTERASE 10 IN COMPLEX WITH n1c(nc3c(c1Sc2ccc(F)cc2)nc[nH]3)N(CC)C, micromolar IC50=0.341",cif,data/target_db/cache/rcsb/PDE10A/5SKQ.cif,https://files.rcsb.org/download/5SKQ.cif,1,0,1,Experimental RCSB structure imported by bulk sync; resolution 2.0 A; ligand(s): GOL;KIE;MG;ZN; candidate for docking review.
PDE10A,5SKR,RCSB_PDB,experimental,X-ray,1.99,A;B;C;D,KII;MG;ZN,Homo sapiens,"CRYSTAL STRUCTURE OF HUMAN PHOSPHODIESTERASE 10 IN COMPLEX WITH n1c(cc(n1C)NC(c2nn(cc2c3ccncc3)C)=O)c4ncccc4, micromolar IC50=0.124219",cif,data/target_db/cache/rcsb/PDE10A/5SKR.cif,https://files.rcsb.org/download/5SKR.cif,1,0,1,Experimental RCSB structure imported by bulk sync; resolution 1.99 A; ligand(s): KII;MG;ZN; candidate for docking review.
PDE10A,5SKS,RCSB_PDB,experimental,X-ray,2.31,A;B;C;D,GOL;KIS;MG;ZN,Homo sapiens,Crystal Structure of human phosphodiesterase 10 in complex with ethyl 1-[3-[3-(4-ethoxycarbonyl-5-methyl-imidazol-1-yl)phenoxy]phenyl]-5-methyl-imidazole-4-carboxylate,cif,data/target_db/cache/rcsb/PDE10A/5SKS.cif,https://files.rcsb.org/download/5SKS.cif,1,0,1,Experimental RCSB structure imported by bulk sync; resolution 2.31 A; ligand(s): GOL;KIS;MG;ZN; candidate for docking review.
PDE10A,5SKT,RCSB_PDB,experimental,X-ray,2.02,A;B;C;D,KIY;MG;ZN,Homo sapiens,"CRYSTAL STRUCTURE OF HUMAN PHOSPHODIESTERASE 10 IN COMPLEX WITH C4(COc2cc1nc(nc(c1cc2)N3CCCC3)C)CC4, micromolar IC50=3.1792013",cif,data/target_db/cache/rcsb/PDE10A/5SKT.cif,https://files.rcsb.org/download/5SKT.cif,1,0,1,Experimental RCSB structure imported by bulk sync; resolution 2.02 A; ligand(s): KIY;MG;ZN; candidate for docking review.
PDE10A,5SKU,RCSB_PDB,experimental,X-ray,2.2,A;B;C;D,KJ3;MG;ZN,Homo sapiens,"CRYSTAL STRUCTURE OF HUMAN PHOSPHODIESTERASE 10 IN COMPLEX WITH c4(cc(c(c1nc(c(C)o1)CCOc2ccc(c3ccccc23)C[C@@H](C(O)=O)OC)cc4)OCC)F, micromolar IC50=0.095357",cif,data/target_db/cache/rcsb/PDE10A/5SKU.cif,https://files.rcsb.org/download/5SKU.cif,1,0,1,Experimental RCSB structure imported by bulk sync; resolution 2.2 A; ligand(s): KJ3;MG;ZN; candidate for docking review.
PDE10A,5SKV,RCSB_PDB,experimental,X-ray,2.6,A;B;C;D,KJC;MG;ZN,Homo sapiens,"CRYSTAL STRUCTURE OF HUMAN PHOSPHODIESTERASE 10 IN COMPLEX WITH c1(cn(nc1C(=O)NCC(C)(O)C)C)NC(c2c(ccc(n2)C3CC3)Nc4cncnc4)=O, micromolar IC50=0.00362043",cif,data/target_db/cache/rcsb/PDE10A/5SKV.cif,https://files.rcsb.org/download/5SKV.cif,1,0,1,Experimental RCSB structure imported by bulk sync; resolution 2.6 A; ligand(s): KJC;MG;ZN; candidate for docking review.
PDE10A,5UWF,RCSB_PDB,experimental,X-ray,1.87,C;D,8Q7;MG;ZN,Homo sapiens,Crystal structure of human PDE10A in complex with inhibitor 16d,cif,data/target_db/cache/rcsb/PDE10A/5UWF.cif,https://files.rcsb.org/download/5UWF.cif,1,0,1,Experimental RCSB structure imported by bulk sync; resolution 1.87 A; ligand(s): 8Q7;MG;ZN; candidate for docking review.
PDE10A,5XUI,RCSB_PDB,experimental,X-ray,2.77,A;B,8G3;MG;ZN,Homo sapiens,"Crystal structure of PDE10A in complex with 2-methyl-5-[2-([1,2,4]triazolo[1,5-a]pyrimidin-2-yl)et hyl]pyrazolo[1,5-a]pyrimidin-7-ol",cif,data/target_db/cache/rcsb/PDE10A/5XUI.cif,https://files.rcsb.org/download/5XUI.cif,1,0,1,Experimental RCSB structure imported by bulk sync; resolution 2.77 A; ligand(s): 8G3;MG;ZN; candidate for docking review.
PDE10A,5XUJ,RCSB_PDB,experimental,X-ray,2.44,A;B,8G6;MG;ZN,Homo sapiens,"Crystal structure of PDE10A in complex with 7-(4-chlorophenyl)-2-methylpyrazolo[1,5-a]pyrimidine",cif,data/target_db/cache/rcsb/PDE10A/5XUJ.cif,https://files.rcsb.org/download/5XUJ.cif,1,0,1,Experimental RCSB structure imported by bulk sync; resolution 2.44 A; ligand(s): 8G6;MG;ZN; candidate for docking review.
PDE10A,5ZNL,RCSB_PDB,experimental,X-ray,2.8,A;B,9G6;MG;ZN,Homo sapiens,Crystal structure of PDE10A catalytic domain complexed with LHB-6,cif,data/target_db/cache/rcsb/PDE10A/5ZNL.cif,https://files.rcsb.org/download/5ZNL.cif,1,0,1,Experimental RCSB structure imported by bulk sync; resolution 2.8 A; ligand(s): 9G6;MG;ZN; candidate for docking review.
PDE10A,6IJH,RCSB_PDB,experimental,X-ray,2.6,A;B,AEO;MG;ZN,Homo sapiens,Crystal structure of PDE10 in complex with inhibitor AF-399/14387019,cif,data/target_db/cache/rcsb/PDE10A/6IJH.cif,https://files.rcsb.org/download/6IJH.cif,1,0,1,Experimental RCSB structure imported by bulk sync; resolution 2.6 A; ligand(s): AEO;MG;ZN; candidate for docking review.
PDE10A,6IJI,RCSB_PDB,experimental,X-ray,2.7,A;B,AEL;MG;ZN,Homo sapiens,Crystal structure of PDE10 in complex with inhibitor 2b,cif,data/target_db/cache/rcsb/PDE10A/6IJI.cif,https://files.rcsb.org/download/6IJI.cif,1,0,1,Experimental RCSB structure imported by bulk sync; resolution 2.7 A; ligand(s): AEL;MG;ZN; candidate for docking review.
PDE10A,6KDX,RCSB_PDB,experimental,X-ray,2.44,A;B,D6X;MG;ZN,Homo sapiens,Crystal structure of PDE10A in complex with a triazolopyrimidine inhibitor,cif,data/target_db/cache/rcsb/PDE10A/6KDX.cif,https://files.rcsb.org/download/6KDX.cif,1,0,1,Experimental RCSB structure imported by bulk sync; resolution 2.44 A; ligand(s): D6X;MG;ZN; candidate for docking review.
PDE10A,6KDZ,RCSB_PDB,experimental,X-ray,3.1,A;B,D79;MG;ZN,Homo sapiens,Crystal structure of PDE10A in complex with a triazolopyrimidine inhibitor,cif,data/target_db/cache/rcsb/PDE10A/6KDZ.cif,https://files.rcsb.org/download/6KDZ.cif,1,0,1,Experimental RCSB structure imported by bulk sync; resolution 3.1 A; ligand(s): D79;MG;ZN; candidate for docking review.
PDE10A,6KE0,RCSB_PDB,experimental,X-ray,2.95,A;B,D7C;MG;ZN,Homo sapiens,Crystal structure of PDE10A in complex with a triazolopyrimidine inhibitor,cif,data/target_db/cache/rcsb/PDE10A/6KE0.cif,https://files.rcsb.org/download/6KE0.cif,1,0,1,Experimental RCSB structure imported by bulk sync; resolution 2.95 A; ligand(s): D7C;MG;ZN; candidate for docking review.
PDE10A,6KO0,RCSB_PDB,experimental,X-ray,2.60002905998,A;B,DKU;MG;ZN,Homo sapiens,The crystal structue of PDE10A complexed with 1i,cif,data/target_db/cache/rcsb/PDE10A/6KO0.cif,https://files.rcsb.org/download/6KO0.cif,1,0,1,Experimental RCSB structure imported by bulk sync; resolution 2.60002905998 A; ligand(s): DKU;MG;ZN; candidate for docking review.
PDE10A,6KO1,RCSB_PDB,experimental,X-ray,2.7,A;B,DL0;MG;ZN,Homo sapiens,The crystal structue of PDE10A complexed with 2d,cif,data/target_db/cache/rcsb/PDE10A/6KO1.cif,https://files.rcsb.org/download/6KO1.cif,1,0,1,Experimental RCSB structure imported by bulk sync; resolution 2.7 A; ligand(s): DL0;MG;ZN; candidate for docking review.
PDE10A,6KZE,RCSB_PDB,experimental,X-ray,2.50003487525,A;B,DZU;MG;ZN,Homo sapiens,The crystal structue of PDE10A complexed with 4d,cif,data/target_db/cache/rcsb/PDE10A/6KZE.cif,https://files.rcsb.org/download/6KZE.cif,1,0,1,Experimental RCSB structure imported by bulk sync; resolution 2.50003487525 A; ligand(s): DZU;MG;ZN; candidate for docking review.
PDE10A,6MSA,RCSB_PDB,experimental,X-ray,2.06,A;B,JY4;MG;ZN,Homo sapiens,"Novel, potent, selective and brain penetrant phosphodiesterase 10A inhibitors",cif,data/target_db/cache/rcsb/PDE10A/6MSA.cif,https://files.rcsb.org/download/6MSA.cif,1,0,1,Experimental RCSB structure imported by bulk sync; resolution 2.06 A; ligand(s): JY4;MG;ZN; candidate for docking review.
PDE10A,6MSC,RCSB_PDB,experimental,X-ray,2.36,A;B,JY7;MG;ZN,Homo sapiens,"Novel, potent, selective and brain penetrant phosphodiesterase 10A inhibitors",cif,data/target_db/cache/rcsb/PDE10A/6MSC.cif,https://files.rcsb.org/download/6MSC.cif,1,0,1,Experimental RCSB structure imported by bulk sync; resolution 2.36 A; ligand(s): JY7;MG;ZN; candidate for docking review.
PDE10A,7BPI,RCSB_PDB,experimental,X-ray,2.40008632403,A;B,DZU;MG;ZN,Homo sapiens,The crystal structue of PDE10A complexed with 14,cif,data/target_db/cache/rcsb/PDE10A/7BPI.cif,https://files.rcsb.org/download/7BPI.cif,1,0,1,Experimental RCSB structure imported by bulk sync; resolution 2.40008632403 A; ligand(s): DZU;MG;ZN; candidate for docking review.
PDE10A,7QPF,RCSB_PDB,experimental,X-ray,1.7,A;B,EFJ;MG;ZN,Homo sapiens,"Discovery of Lu AF11167, a Phosphodiesterase 10A inhibitor clinical candidate",cif,data/target_db/cache/rcsb/PDE10A/7QPF.cif,https://files.rcsb.org/download/7QPF.cif,1,0,1,Experimental RCSB structure imported by bulk sync; resolution 1.7 A; ligand(s): EFJ;MG;ZN; candidate for docking review.
PDE10A,7QPM,RCSB_PDB,experimental,X-ray,2.4,A;B,EEI;MG;ZN,Homo sapiens,"Discovery of Lu AF11167, a Phosphodiesterase 10A inhibitor clinical candidate",cif,data/target_db/cache/rcsb/PDE10A/7QPM.cif,https://files.rcsb.org/download/7QPM.cif,1,0,1,Experimental RCSB structure imported by bulk sync; resolution 2.4 A; ligand(s): EEI;MG;ZN; candidate for docking review.
PDE10A,7QPQ,RCSB_PDB,experimental,X-ray,2.2,A;B,EIH;MG;ZN,Homo sapiens,"Discovery of Lu AF11167, a Phosphodiesterase 10A inhibitor clinical candidate",cif,data/target_db/cache/rcsb/PDE10A/7QPQ.cif,https://files.rcsb.org/download/7QPQ.cif,1,0,1,Experimental RCSB structure imported by bulk sync; resolution 2.2 A; ligand(s): EIH;MG;ZN; candidate for docking review.
PDE10A,7QPV,RCSB_PDB,experimental,X-ray,2.3,A;B,EHI;MG;ZN,Homo sapiens,"Discovery of Lu AF11167, a Phosphodiesterase 10A inhibitor clinical candidate",cif,data/target_db/cache/rcsb/PDE10A/7QPV.cif,https://files.rcsb.org/download/7QPV.cif,1,0,1,Experimental RCSB structure imported by bulk sync; resolution 2.3 A; ligand(s): EHI;MG;ZN; candidate for docking review.
PDE10A,7QQ4,RCSB_PDB,experimental,X-ray,2.45,A;B,EIK;MG;ZN,Homo sapiens,"Discovery of Lu AF11167, a Phosphodiesterase 10A inhibitor clinical candidate",cif,data/target_db/cache/rcsb/PDE10A/7QQ4.cif,https://files.rcsb.org/download/7QQ4.cif,1,0,1,Experimental RCSB structure imported by bulk sync; resolution 2.45 A; ligand(s): EIK;MG;ZN; candidate for docking review.
PDE10A,8DI4,RCSB_PDB,experimental,X-ray,2.016,A;B,MG;S9I;ZN,Homo sapiens,"Discovery of MK-8189, a highly potent and selective PDE10A inhibitor for the treatment of schizophrenia",cif,data/target_db/cache/rcsb/PDE10A/8DI4.cif,https://files.rcsb.org/download/8DI4.cif,1,0,1,Experimental RCSB structure imported by bulk sync; resolution 2.016 A; ligand(s): MG;S9I;ZN; candidate for docking review.
PDE10A,8XV3,RCSB_PDB,experimental,X-ray,2.3,A;B,A1LWO;MG;ZN,Homo sapiens,"Crystal structure of the catalytic domain of human PDE10A complexed with (2-((4-(5-(2-methylpyridin-4-yl)-3-(trifluoromethyl)-1H-pyrazol-1-yl)phenoxy)methyl)quinolin-4-yl)(2,6-diazaspiro[3.3]heptan-2-yl)methanone",cif,data/target_db/cache/rcsb/PDE10A/8XV3.cif,https://files.rcsb.org/download/8XV3.cif,1,0,1,Experimental RCSB structure imported by bulk sync; resolution 2.3 A; ligand(s): A1LWO;MG;ZN; candidate for docking review.
PDE10A,9JA8,RCSB_PDB,experimental,X-ray,2.4,A;B,A1L31;MG;ZN,Homo sapiens,"Crystal structure of human phosphodiesterase 10A in complex with N-(2-amino-2-thioxoethyl)-2-(3-(3-(dimethylcarbamoyl)-6-fluoroimidazo[1,2-a]pyridin-2-yl)azetidin-1-yl)quinoline-4-carboxamide",cif,data/target_db/cache/rcsb/PDE10A/9JA8.cif,https://files.rcsb.org/download/9JA8.cif,1,0,1,Experimental RCSB structure imported by bulk sync; resolution 2.4 A; ligand(s): A1L31;MG;ZN; candidate for docking review.
PDE10A,9JDU,RCSB_PDB,experimental,X-ray,2.3000175118,A;B,A1EBE;MG;ZN,Homo sapiens,The crystal structure of PDE10A complexed with inhibitor 2061,cif,data/target_db/cache/rcsb/PDE10A/9JDU.cif,https://files.rcsb.org/download/9JDU.cif,1,0,1,Experimental RCSB structure imported by bulk sync; resolution 2.3000175118 A; ligand(s): A1EBE;MG;ZN; candidate for docking review.
PDE10A,9VQ3,RCSB_PDB,experimental,X-ray,2.4,A;B,A1ETB;MG;ZN,Homo sapiens,"Crystal structure of human phosphodiesterase 10A in complex with (6-fluoro-2-(1-(4-methylquinazolin-2-yl)azetidin-3-yl)imidazo[1,2-a]pyridin-3-yl)(4,7-diazaspiro[2.5]octan-7-yl)methanone",cif,data/target_db/cache/rcsb/PDE10A/9VQ3.cif,https://files.rcsb.org/download/9VQ3.cif,1,0,1,Experimental RCSB structure imported by bulk sync; resolution 2.4 A; ligand(s): A1ETB;MG;ZN; candidate for docking review.
PDE11A,AF-Q9HCR9-F1,AlphaFold,predicted,Predicted,,A,,Homo sapiens,AlphaFold predicted model for PDE11A,cif,data/target_db/cache/alphafold/Q9HCR9/AF-Q9HCR9-F1-model_v6.cif,https://alphafold.ebi.ac.uk/files/AF-Q9HCR9-F1-model_v6.cif,0,0,1,AlphaFold predicted model; useful as structural reference when experimental structures are unavailable.
PDE1A,AF-P54750-F1,AlphaFold,predicted,Predicted,,A,,Homo sapiens,AlphaFold predicted model for PDE1A,cif,data/target_db/cache/alphafold/P54750/AF-P54750-F1-model_v4.cif,https://alphafold.ebi.ac.uk/files/AF-P54750-F1-model_v6.cif,0,0,1,AlphaFold predicted model; useful as structural reference when experimental structures are unavailable.
PDE1B,AF-Q01064-F1,AlphaFold,predicted,Predicted,,A,,Homo sapiens,AlphaFold predicted model for PDE1B,cif,data/target_db/cache/alphafold/Q01064/AF-Q01064-F1-model_v4.cif,https://alphafold.ebi.ac.uk/files/AF-Q01064-F1-model_v6.cif,0,0,1,AlphaFold predicted model; useful as structural reference when experimental structures are unavailable.
PDE1B,1TAZ,RCSB_PDB,experimental,X-ray,1.77,A,MG;ZN,Homo sapiens,Catalytic Domain Of Human Phosphodiesterase 1B,cif,data/target_db/cache/rcsb/PDE1B/1TAZ.cif,https://files.rcsb.org/download/1TAZ.cif,1,0,1,Experimental RCSB structure imported by bulk sync; resolution 1.77 A; ligand(s): MG;ZN; candidate for docking review.
PDE1B,4NPV,RCSB_PDB,experimental,X-ray,2.4,A,0NK;MG;ZN,Homo sapiens,"Crystal structure of human PDE1B bound to inhibitor 7A (6,7,8-trimethoxy-N-(pentan-3-yl)quinazolin-4-amine)",cif,data/target_db/cache/rcsb/PDE1B/4NPV.cif,https://files.rcsb.org/download/4NPV.cif,1,0,1,Experimental RCSB structure imported by bulk sync; resolution 2.4 A; ligand(s): 0NK;MG;ZN; candidate for docking review.
PDE1B,4NPW,RCSB_PDB,experimental,X-ray,1.9,A,0NY;MG;ZN,Homo sapiens,"Crystal structure of human PDE1B bound to inhibitor 19A (7,8-dimethoxy-N-[(2S)-1-(3-methyl-1H-pyrazol-5-yl)propan-2-yl]quinazolin-4-amine)",cif,data/target_db/cache/rcsb/PDE1B/4NPW.cif,https://files.rcsb.org/download/4NPW.cif,1,1,1,Experimental RCSB structure imported by bulk sync; resolution 1.9 A; ligand(s): 0NY;MG;ZN; candidate for docking review.
PDE1B,5B25,RCSB_PDB,experimental,X-ray,1.9,A;B;C;D,4QJ;GOL;MG;SO4;ZN,Homo sapiens,Crystal structure of human PDE1B with inhibitor 3,cif,data/target_db/cache/rcsb/PDE1B/5B25.cif,https://files.rcsb.org/download/5B25.cif,1,0,1,Experimental RCSB structure imported by bulk sync; resolution 1.9 A; ligand(s): 4QJ;GOL;MG;SO4;ZN; candidate for docking review.
PDE1B,5UOY,RCSB_PDB,experimental,X-ray,1.82,A,8HM;MG;ZN,Homo sapiens,"Crystal structure of human PDE1B catalytic domain in complex with inhibitor 16j (6-(4-Methoxybenzyl)-9-((tetrahydro-2H-pyran-4-yl)methyl)-8,9,10,11-tetrahydropyrido[4',3':4,5]thieno[3,2-e][1,2,4]triazolo[1,5-c]pyrimidin-5(6H)-one)",cif,data/target_db/cache/rcsb/PDE1B/5UOY.cif,https://files.rcsb.org/download/5UOY.cif,1,0,1,Experimental RCSB structure imported by bulk sync; resolution 1.82 A; ligand(s): 8HM;MG;ZN; candidate for docking review.
PDE1B,5UP0,RCSB_PDB,experimental,X-ray,2.04,A,8HP;MG;ZN,Homo sapiens,"Crystal structure of human PDE1B catalytic domain in complex with inhibitor 3 (6-(4-chlorobenzyl)-8,9,10,11-tetrahydrobenzo[4,5]thieno[3,2-e][1,2,4]triazolo[1,5-c]pyrimidin-5(6H)-one)",cif,data/target_db/cache/rcsb/PDE1B/5UP0.cif,https://files.rcsb.org/download/5UP0.cif,1,0,1,Experimental RCSB structure imported by bulk sync; resolution 2.04 A; ligand(s): 8HP;MG;ZN; candidate for docking review.
PDE1B,5W6E,RCSB_PDB,experimental,X-ray,1.9,A,0NY;MG;ZN,Homo sapiens,PDE1b complexed with compound 3S,cif,data/target_db/cache/rcsb/PDE1B/5W6E.cif,https://files.rcsb.org/download/5W6E.cif,1,0,1,Experimental RCSB structure imported by bulk sync; resolution 1.9 A; ligand(s): 0NY;MG;ZN; candidate for docking review.
PDE1C,AF-Q14123-F1,AlphaFold,predicted,Predicted,,A,,Homo sapiens,AlphaFold predicted model for PDE1C,cif,data/target_db/cache/alphafold/Q14123/AF-Q14123-F1-model_v4.cif,https://alphafold.ebi.ac.uk/files/AF-Q14123-F1-model_v6.cif,0,0,1,AlphaFold predicted model; useful as structural reference when experimental structures are unavailable.
PDE2A,AF-O00408-F1,AlphaFold,predicted,Predicted,,A,,Homo sapiens,AlphaFold predicted model for PDE2A,cif,data/target_db/cache/alphafold/O00408/AF-O00408-F1-model_v4.cif,https://alphafold.ebi.ac.uk/files/AF-O00408-F1-model_v6.cif,0,0,1,AlphaFold predicted model; useful as structural reference when experimental structures are unavailable.
PDE2A,1Z1L,RCSB_PDB,experimental,X-ray,1.7,A,MG;PO4;ZN,Homo sapiens,The Crystal Structure of the Phosphodiesterase 2A Catalytic Domain,cif,data/target_db/cache/rcsb/PDE2A/1Z1L.cif,https://files.rcsb.org/download/1Z1L.cif,1,0,1,Experimental RCSB structure imported by bulk sync; resolution 1.7 A; ligand(s): MG;PO4;ZN; candidate for docking review.
PDE2A,3IBJ,RCSB_PDB,experimental,X-ray,3.02,A;B,MG;ZN,Homo sapiens,X-ray structure of PDE2A,cif,data/target_db/cache/rcsb/PDE2A/3IBJ.cif,https://files.rcsb.org/download/3IBJ.cif,1,0,1,Experimental RCSB structure imported by bulk sync; resolution 3.02 A; ligand(s): MG;ZN; candidate for docking review.
PDE2A,3ITM,RCSB_PDB,experimental,X-ray,2.49,A;B;C;D,ZN,Homo sapiens,Catalytic domain of hPDE2A,cif,data/target_db/cache/rcsb/PDE2A/3ITM.cif,https://files.rcsb.org/download/3ITM.cif,1,0,1,Experimental RCSB structure imported by bulk sync; resolution 2.49 A; ligand(s): ZN; candidate for docking review.
PDE2A,3ITU,RCSB_PDB,experimental,X-ray,1.58,A;B;C;D,IBM;MG;ZN,Homo sapiens,hPDE2A catalytic domain complexed with IBMX,cif,data/target_db/cache/rcsb/PDE2A/3ITU.cif,https://files.rcsb.org/download/3ITU.cif,1,1,1,Experimental RCSB structure imported by bulk sync; resolution 1.58 A; ligand(s): IBM;MG;ZN; candidate for docking review.
PDE2A,4C1I,RCSB_PDB,experimental,X-ray,2.4,A;B;C;D,EH9;MG;ZN,Homo sapiens,"Selective Inhibitors of PDE2, PDE9, and PDE10: Modulators of Activity of the Central Nervous System",cif,data/target_db/cache/rcsb/PDE2A/4C1I.cif,https://files.rcsb.org/download/4C1I.cif,1,0,1,Experimental RCSB structure imported by bulk sync; resolution 2.4 A; ligand(s): EH9;MG;ZN; candidate for docking review.
PDE2A,4D08,RCSB_PDB,experimental,X-ray,1.9,A;B;C;D,MG;Q2T;ZN,Homo sapiens,PDE2a catalytic domain in complex with a brain penetrant inhibitor,cif,data/target_db/cache/rcsb/PDE2A/4D08.cif,https://files.rcsb.org/download/4D08.cif,1,0,1,Experimental RCSB structure imported by bulk sync; resolution 1.9 A; ligand(s): MG;Q2T;ZN; candidate for docking review.
PDE2A,4D09,RCSB_PDB,experimental,X-ray,2.5,A;B;C;D,788;MG;ZN,Homo sapiens,PDE2a catalytic domain in complex with a brain penetrant inhibitor,cif,data/target_db/cache/rcsb/PDE2A/4D09.cif,https://files.rcsb.org/download/4D09.cif,1,0,1,Experimental RCSB structure imported by bulk sync; resolution 2.5 A; ligand(s): 788;MG;ZN; candidate for docking review.
PDE2A,4HTX,RCSB_PDB,experimental,X-ray,1.9,A;B;C;D,19F;MG;ZN,Homo sapiens,Crystal structure of PDE2 catalytic domain in complex with BAY60-7550,cif,data/target_db/cache/rcsb/PDE2A/4HTX.cif,https://files.rcsb.org/download/4HTX.cif,1,0,1,Experimental RCSB structure imported by bulk sync; resolution 1.9 A; ligand(s): 19F;MG;ZN; candidate for docking review.
PDE2A,4HTZ,RCSB_PDB,experimental,X-ray,2.0,A;B;C;D,MG;ZN,Homo sapiens,Crystal structure of PDE2 catalytic domain in space group P1,cif,data/target_db/cache/rcsb/PDE2A/4HTZ.cif,https://files.rcsb.org/download/4HTZ.cif,1,0,1,Experimental RCSB structure imported by bulk sync; resolution 2.0 A; ligand(s): MG;ZN; candidate for docking review.
PDE2A,4JIB,RCSB_PDB,experimental,X-ray,1.72,A;B;C;D,1L6;MG;ZN,Homo sapiens,Crystal structure of of PDE2-inhibitor complex,cif,data/target_db/cache/rcsb/PDE2A/4JIB.cif,https://files.rcsb.org/download/4JIB.cif,1,0,1,Experimental RCSB structure imported by bulk sync; resolution 1.72 A; ligand(s): 1L6;MG;ZN; candidate for docking review.
PDE2A,5TZ3,RCSB_PDB,experimental,X-ray,1.72,A;B;C;D,7OM;MG;ZN,Homo sapiens,"CRYSTAL STRUCTURE OF HUMAN PHOSPHODIESTERASE 2A IN COMPLEX with [1,2,4]triazolo[1,5-a]pyrimidin-7-yl}-N-(naphthalene-2-yl)piperidine-3-carboxamide",cif,data/target_db/cache/rcsb/PDE2A/5TZ3.cif,https://files.rcsb.org/download/5TZ3.cif,1,0,1,Experimental RCSB structure imported by bulk sync; resolution 1.72 A; ligand(s): 7OM;MG;ZN; candidate for docking review.
PDE2A,5TZA,RCSB_PDB,experimental,X-ray,1.7,A;B;C;D,7OG;MG;ZN,Homo sapiens,"CRYSTAL STRUCTURE OF HUMAN PHOSPHODIESTERASE 2A WITH 3-{5-methyl-[1,2,4]triazolo[1,5-a]pyrimidin-7-yl-1-[(naphthalene-2-yl)carbonyl]piperidine",cif,data/target_db/cache/rcsb/PDE2A/5TZA.cif,https://files.rcsb.org/download/5TZA.cif,1,0,1,Experimental RCSB structure imported by bulk sync; resolution 1.7 A; ligand(s): 7OG;MG;ZN; candidate for docking review.
PDE2A,5TZC,RCSB_PDB,experimental,X-ray,2.36,A;B;C;D,7OJ;MG;ZN,Homo sapiens,"Crystal Structure of human PDE2a in complex with (5S)-1-[(3-bromo-4-fluorophenyl)carbonyl]-3,3-difluoro-5-{5-methyl-[1,2,4]triazolo[1,5-a]pyrimidin-7-yl}piperidine",cif,data/target_db/cache/rcsb/PDE2A/5TZC.cif,https://files.rcsb.org/download/5TZC.cif,1,0,1,Experimental RCSB structure imported by bulk sync; resolution 2.36 A; ligand(s): 7OJ;MG;ZN; candidate for docking review.
PDE2A,5TZH,RCSB_PDB,experimental,X-ray,1.6,A;B;C;D,7OP;MG;ZN,Homo sapiens,"CRYSTAL STRUCTURE OF HUMAN PHOSPHODIESTERASE 2A IN COMPLEX WITH 3,3-difluoro-1-[(4-fluorophenyl)carbonyl]-5-{5-methyl-[1,2,4]triazolo[1,5-a]pyrimidin-7-yl}piperidine",cif,data/target_db/cache/rcsb/PDE2A/5TZH.cif,https://files.rcsb.org/download/5TZH.cif,1,0,1,Experimental RCSB structure imported by bulk sync; resolution 1.6 A; ligand(s): 7OP;MG;ZN; candidate for docking review.
PDE2A,5TZW,RCSB_PDB,experimental,X-ray,1.59,A;B;C;D,7P4;MG;ZN,Homo sapiens,"CRYSTAL STRUCTURE OF HUMAN PHOSPHODIESTERASE 2A IN COMPLEX WITH 1-[(3,4-difluorophenyl)carbonyl]-3,3-difluoro-5-{5-methyl-[1,2,4]triazolo[1,5-a]pyrimidin-7-yl}piperidine",cif,data/target_db/cache/rcsb/PDE2A/5TZW.cif,https://files.rcsb.org/download/5TZW.cif,1,0,1,Experimental RCSB structure imported by bulk sync; resolution 1.59 A; ligand(s): 7P4;MG;ZN; candidate for docking review.
PDE2A,5TZX,RCSB_PDB,experimental,X-ray,1.9,A;B;C;D,7OY;MG;ZN,Homo sapiens,"CRYSTAL STRUCTURE OF HUMAN PHOSPHODIESTERASE 2A IN COMPLEX WITH 1-[(3-chloro-4-fluorophenyl)carbonyl]-3,3-difluoro-5-{5-methyl-[1,2,4]triazolo[1,5-a]pyrimidin-7-yl}piperidine",cif,data/target_db/cache/rcsb/PDE2A/5TZX.cif,https://files.rcsb.org/download/5TZX.cif,1,0,1,Experimental RCSB structure imported by bulk sync; resolution 1.9 A; ligand(s): 7OY;MG;ZN; candidate for docking review.
PDE2A,5TZZ,RCSB_PDB,experimental,X-ray,1.6,A;B;C;D,7OJ;MG;ZN,Homo sapiens,"CRYSTAL STRUCTURE OF HUMAN PHOSPHODIESTERASE 2A IN COMPLEX WITH 1-[(3-bromo-4-fluorophenyl)carbonyl]-3,3-difluoro-5-{5-methyl-[1,2,4]triazolo[1,5-a]pyrimidin-7-yl}piperidine",cif,data/target_db/cache/rcsb/PDE2A/5TZZ.cif,https://files.rcsb.org/download/5TZZ.cif,1,0,1,Experimental RCSB structure imported by bulk sync; resolution 1.6 A; ligand(s): 7OJ;MG;ZN; candidate for docking review.
PDE2A,5U00,RCSB_PDB,experimental,X-ray,1.41,A;B;C;D,7OV;MG;ZN,Homo sapiens,"CRYSTAL STRUCTURE OF HUMAN PHOSPHODIESTERASE 2A IN COMPLEX WITH 3,3-difluoro-1-[(4-fluoro-3-iodophenyl)carbonyl]-5-{5-methyl-[1,2,4]triazolo[1,5-a]pyrimidin-7-yl}piperidine",cif,data/target_db/cache/rcsb/PDE2A/5U00.cif,https://files.rcsb.org/download/5U00.cif,1,0,1,Experimental RCSB structure imported by bulk sync; resolution 1.41 A; ligand(s): 7OV;MG;ZN; candidate for docking review.
PDE2A,5U7D,RCSB_PDB,experimental,X-ray,1.75,A;B;C,19F;MG;ZN,Homo sapiens,PDE2 catalytic domain complexed with inhibitors,cif,data/target_db/cache/rcsb/PDE2A/5U7D.cif,https://files.rcsb.org/download/5U7D.cif,1,0,1,Experimental RCSB structure imported by bulk sync; resolution 1.75 A; ligand(s): 19F;MG;ZN; candidate for docking review.
PDE2A,5U7I,RCSB_PDB,experimental,X-ray,2.0,A;B;C;D,7XS;MG;ZN,Homo sapiens,PDE2 catalytic domain complexed with inhibitors,cif,data/target_db/cache/rcsb/PDE2A/5U7I.cif,https://files.rcsb.org/download/5U7I.cif,1,0,1,Experimental RCSB structure imported by bulk sync; resolution 2.0 A; ligand(s): 7XS;MG;ZN; candidate for docking review.
PDE2A,5U7J,RCSB_PDB,experimental,X-ray,1.9,A;B;C;D,7XV;MG;ZN,Homo sapiens,PDE2 catalytic domain complexed with inhibitors,cif,data/target_db/cache/rcsb/PDE2A/5U7J.cif,https://files.rcsb.org/download/5U7J.cif,1,0,1,Experimental RCSB structure imported by bulk sync; resolution 1.9 A; ligand(s): 7XV;MG;ZN; candidate for docking review.
PDE2A,5U7K,RCSB_PDB,experimental,X-ray,2.06,A;B;C;D,7Y1;CL;MG;ZN,Homo sapiens,PDE2 catalytic domain complexed with inhibitors,cif,data/target_db/cache/rcsb/PDE2A/5U7K.cif,https://files.rcsb.org/download/5U7K.cif,1,0,1,Experimental RCSB structure imported by bulk sync; resolution 2.06 A; ligand(s): 7Y1;CL;MG;ZN; candidate for docking review.
PDE2A,5U7L,RCSB_PDB,experimental,X-ray,2.38,A;B;C,7Y4;MG;ZN,Homo sapiens,PDE2 catalytic domain complexed with inhibitors,cif,data/target_db/cache/rcsb/PDE2A/5U7L.cif,https://files.rcsb.org/download/5U7L.cif,1,0,1,Experimental RCSB structure imported by bulk sync; resolution 2.38 A; ligand(s): 7Y4;MG;ZN; candidate for docking review.
PDE2A,5VP0,RCSB_PDB,experimental,X-ray,2.2,A;B;C,9GJ;MG;ZN,Homo sapiens,"Discovery of Clinical Candidate N-{(1S)-1-[3-Fluoro-4-(trifluoromethoxy)phenyl]-2-methoxyethyl}-7-methoxy-2-oxo-2,3-dihydropyrido[2,3-b]pyrazine-4(1H)-carboxamide (TAK-915), A Highly Potent, Selective, and Brain-Penetrating Phosphodiesterase 2A Inhibitor for the Treatment of Cognitive Disorders",cif,data/target_db/cache/rcsb/PDE2A/5VP0.cif,https://files.rcsb.org/download/5VP0.cif,1,0,1,Experimental RCSB structure imported by bulk sync; resolution 2.2 A; ligand(s): 9GJ;MG;ZN; candidate for docking review.
PDE2A,5VP1,RCSB_PDB,experimental,X-ray,1.86,A;B;C,9GA;MG;ZN,Homo sapiens,"Discovery of Clinical Candidate N-{(1S)-1-[3-Fluoro-4-(trifluoromethoxy)phenyl]-2-methoxyethyl}-7-methoxy-2-oxo-2,3-dihydropyrido[2,3-b]pyrazine-4(1H)-carboxamide (TAK-915), A Highly Potent, Selective, and Brain-Penetrating Phosphodiesterase 2A Inhibitor for the Treatment of Cognitive Disorders",cif,data/target_db/cache/rcsb/PDE2A/5VP1.cif,https://files.rcsb.org/download/5VP1.cif,1,0,1,Experimental RCSB structure imported by bulk sync; resolution 1.86 A; ligand(s): 9GA;MG;ZN; candidate for docking review.
PDE2A,5XKM,RCSB_PDB,experimental,X-ray,2.16,A;B;C;D;E;F,87R;MG;ZN,Homo sapiens,"Crystal structure of human phosphodiesterase 2A in complex with 6-methyl-N-(1-(4-(trifluoromethoxy)phenyl)propyl)pyrazolo[1,5-a]pyrimidine-3-carboxamide",cif,data/target_db/cache/rcsb/PDE2A/5XKM.cif,https://files.rcsb.org/download/5XKM.cif,1,0,1,Experimental RCSB structure imported by bulk sync; resolution 2.16 A; ligand(s): 87R;MG;ZN; candidate for docking review.
PDE2A,6B96,RCSB_PDB,experimental,X-ray,1.88,A;B,CZV;EDO;MG;ZN,Homo sapiens,Crystal Structure of PDE2 in complex with compound 16,cif,data/target_db/cache/rcsb/PDE2A/6B96.cif,https://files.rcsb.org/download/6B96.cif,1,0,1,Experimental RCSB structure imported by bulk sync; resolution 1.88 A; ligand(s): CZV;EDO;MG;ZN; candidate for docking review.
PDE2A,6B97,RCSB_PDB,experimental,X-ray,1.76,A;B,CZY;EDO;MG;ZN,Homo sapiens,Crystal structure of PDE2 in complex with complex 9,cif,data/target_db/cache/rcsb/PDE2A/6B97.cif,https://files.rcsb.org/download/6B97.cif,1,0,1,Experimental RCSB structure imported by bulk sync; resolution 1.76 A; ligand(s): CZY;EDO;MG;ZN; candidate for docking review.
PDE2A,6B98,RCSB_PDB,experimental,X-ray,1.97,A;B,D07;MG;ZN,Homo sapiens,PDE2 in complex with compound 1,cif,data/target_db/cache/rcsb/PDE2A/6B98.cif,https://files.rcsb.org/download/6B98.cif,1,0,1,Experimental RCSB structure imported by bulk sync; resolution 1.97 A; ligand(s): D07;MG;ZN; candidate for docking review.
PDE2A,6BLF,RCSB_PDB,experimental,X-ray,2.11,A;B,DY1;MG;ZN,Homo sapiens,"PDE2 complexed with 2-[6-fluoro-8-methylsulfonyl-9-[(1R)-1-[4-(trifluoromethyl)phenyl]ethyl]-1,2,3,4-tetrahydrocarbazol-1-yl]acetic acid",cif,data/target_db/cache/rcsb/PDE2A/6BLF.cif,https://files.rcsb.org/download/6BLF.cif,1,0,1,Experimental RCSB structure imported by bulk sync; resolution 2.11 A; ligand(s): DY1;MG;ZN; candidate for docking review.
PDE2A,6C7D,RCSB_PDB,experimental,X-ray,1.79,A;B;C;D,EOJ;MG;ZN,Homo sapiens,"Crystal structure of human phosphodiesterase 2A with N-(1-adamantyl)-1-(2-chlorophenyl)-4-methyl-[1,2,4]triazolo[4,3-a]quinoxaline-8-carboxamide",cif,data/target_db/cache/rcsb/PDE2A/6C7D.cif,https://files.rcsb.org/download/6C7D.cif,1,0,1,Experimental RCSB structure imported by bulk sync; resolution 1.79 A; ligand(s): EOJ;MG;ZN; candidate for docking review.
PDE2A,6C7E,RCSB_PDB,experimental,X-ray,1.43,A;B;C;D,EOG;MG;ZN,Homo sapiens,"Crystal structure of human phosphodiesterase 2A with 1-(2-chlorophenyl)-N,4-dimethyl-[1,2,4]triazolo[4,3-a]quinoxaline-8-carboxamide",cif,data/target_db/cache/rcsb/PDE2A/6C7E.cif,https://files.rcsb.org/download/6C7E.cif,1,0,1,Experimental RCSB structure imported by bulk sync; resolution 1.43 A; ligand(s): EOG;MG;ZN; candidate for docking review.
PDE2A,6C7F,RCSB_PDB,experimental,X-ray,1.82,A;B;C,EOS;MG;ZN,Homo sapiens,"Crystal structure of human phosphodiesterase 2A with 1-(2-chloro-5-isobutoxy-phenyl)-N,4-dimethyl-[1,2,4]triazolo[4,3-a]quinoxaline-8-carboxamide",cif,data/target_db/cache/rcsb/PDE2A/6C7F.cif,https://files.rcsb.org/download/6C7F.cif,1,0,1,Experimental RCSB structure imported by bulk sync; resolution 1.82 A; ligand(s): EOS;MG;ZN; candidate for docking review.
PDE2A,6C7G,RCSB_PDB,experimental,X-ray,1.68,A;B;C;D,EOY;MG;ZN,Homo sapiens,"Crystal structure of human phosphodiesterase 2A with N-(1-adamantyl)-1-(2-chloro-5-isobutoxy-phenyl)-4-methyl-[1,2,4]triazolo[4,3-a]quinoxaline-8-carboxamide",cif,data/target_db/cache/rcsb/PDE2A/6C7G.cif,https://files.rcsb.org/download/6C7G.cif,1,0,1,Experimental RCSB structure imported by bulk sync; resolution 1.68 A; ligand(s): EOY;MG;ZN; candidate for docking review.
PDE2A,6C7I,RCSB_PDB,experimental,X-ray,1.713,A;B;C;D,EP7;MG;ZN,Homo sapiens,"Crystal structure of human phosphodiesterase 2A with 1-(2-chloro-5-methoxy-phenyl)-N-isobutyl-4-methyl-[1,2,4]triazolo[4,3-a]quinoxaline-8-carboxamide",cif,data/target_db/cache/rcsb/PDE2A/6C7I.cif,https://files.rcsb.org/download/6C7I.cif,1,0,1,Experimental RCSB structure imported by bulk sync; resolution 1.713 A; ligand(s): EP7;MG;ZN; candidate for docking review.
PDE2A,6C7J,RCSB_PDB,experimental,X-ray,1.85,A;B;C;D,EPV;MG;ZN,Homo sapiens,"Crystal structure of human phosphodiesterase 2A with 1-(5-tert-butoxy-2-chloro-phenyl)-N-isobutyl-4-methyl-[1,2,4]triazolo[4,3-a]quinoxaline-8-carboxamide",cif,data/target_db/cache/rcsb/PDE2A/6C7J.cif,https://files.rcsb.org/download/6C7J.cif,1,0,1,Experimental RCSB structure imported by bulk sync; resolution 1.85 A; ligand(s): EPV;MG;ZN; candidate for docking review.
PDE2A,6CYB,RCSB_PDB,experimental,X-ray,1.62,A;B,EDO;FKV;MG;ZN,Homo sapiens,PDE2 in complex with compound 7,cif,data/target_db/cache/rcsb/PDE2A/6CYB.cif,https://files.rcsb.org/download/6CYB.cif,1,0,1,Experimental RCSB structure imported by bulk sync; resolution 1.62 A; ligand(s): EDO;FKV;MG;ZN; candidate for docking review.
PDE2A,6CYC,RCSB_PDB,experimental,X-ray,1.54,A;B,EDO;FKJ;MG;ZN,Homo sapiens,PDE2 in complex with compound 5,cif,data/target_db/cache/rcsb/PDE2A/6CYC.cif,https://files.rcsb.org/download/6CYC.cif,1,0,1,Experimental RCSB structure imported by bulk sync; resolution 1.54 A; ligand(s): EDO;FKJ;MG;ZN; candidate for docking review.
PDE2A,6CYD,RCSB_PDB,experimental,X-ray,1.69,A;B,EDO;FKG;MG;ZN,Homo sapiens,PDE2 in complex with compound 7,cif,data/target_db/cache/rcsb/PDE2A/6CYD.cif,https://files.rcsb.org/download/6CYD.cif,1,0,1,Experimental RCSB structure imported by bulk sync; resolution 1.69 A; ligand(s): EDO;FKG;MG;ZN; candidate for docking review.
PDE2A,6EZF,RCSB_PDB,experimental,X-ray,1.5,A,C6Z;GOL;MG;NA;SO4;ZN,Homo sapiens,PDE2 in complex with molecule 5,cif,data/target_db/cache/rcsb/PDE2A/6EZF.cif,https://files.rcsb.org/download/6EZF.cif,1,0,1,Experimental RCSB structure imported by bulk sync; resolution 1.5 A; ligand(s): C6Z;GOL;MG;NA;SO4;ZN; candidate for docking review.
PDE2A,6ZND,RCSB_PDB,experimental,X-ray,2.35,A;B,MG;QMZ;ZN,Homo sapiens,"[1,2,4]Triazolo[1,5-a]pyrimidine Phosphodiesterase 2 Inhibitors",cif,data/target_db/cache/rcsb/PDE2A/6ZND.cif,https://files.rcsb.org/download/6ZND.cif,1,0,1,Experimental RCSB structure imported by bulk sync; resolution 2.35 A; ligand(s): MG;QMZ;ZN; candidate for docking review.
PDE2A,6ZQZ,RCSB_PDB,experimental,X-ray,1.88,A;B;C;D,MG;QOQ;ZN,Homo sapiens,"[1,2,4]Triazolo[1,5-a]pyrimidine Phosphodiesterase 2 Inhibitors",cif,data/target_db/cache/rcsb/PDE2A/6ZQZ.cif,https://files.rcsb.org/download/6ZQZ.cif,1,0,1,Experimental RCSB structure imported by bulk sync; resolution 1.88 A; ligand(s): MG;QOQ;ZN; candidate for docking review.
PDE2A,9WP3,RCSB_PDB,experimental,X-ray,2.50183917707,A;B;C;D,A1E46;MG;ZN,Homo sapiens,The crystal structure of PDE2A complexed with inhibitor 13j,cif,data/target_db/cache/rcsb/PDE2A/9WP3.cif,https://files.rcsb.org/download/9WP3.cif,1,0,1,Experimental RCSB structure imported by bulk sync; resolution 2.50183917707 A; ligand(s): A1E46;MG;ZN; candidate for docking review.
PDE3A,AF-Q14432-F1,AlphaFold,predicted,Predicted,,A,,Homo sapiens,AlphaFold predicted model for PDE3A,cif,data/target_db/cache/alphafold/Q14432/AF-Q14432-F1-model_v4.cif,https://alphafold.ebi.ac.uk/files/AF-Q14432-F1-model_v6.cif,0,0,1,AlphaFold predicted model; useful as structural reference when experimental structures are unavailable.
PDE3A,7EG0,RCSB_PDB,experimental,Cryo-EM,3.4,A;C,J33;MG;ZN,Homo sapiens,Cryo-EM structure of anagrelide-induced PDE3A-SLFN12 complex,cif,data/target_db/cache/rcsb/PDE3A/7EG0.cif,https://files.rcsb.org/download/7EG0.cif,1,0,1,Experimental RCSB structure imported by bulk sync; resolution 3.4 A; ligand(s): J33;MG;ZN; candidate for docking review.
PDE3A,7EG1,RCSB_PDB,experimental,Cryo-EM,3.2,A;C,MG;X5M;ZN,Homo sapiens,Cryo-EM structure of DNMDP-induced PDE3A-SLFN12 complex,cif,data/target_db/cache/rcsb/PDE3A/7EG1.cif,https://files.rcsb.org/download/7EG1.cif,1,0,1,Experimental RCSB structure imported by bulk sync; resolution 3.2 A; ligand(s): MG;X5M;ZN; candidate for docking review.
PDE3A,7EG4,RCSB_PDB,experimental,Cryo-EM,3.2,A;C,J36;MG;ZN,Homo sapiens,Cryo-EM structure of nauclefine-induced PDE3A-SLFN12 complex,cif,data/target_db/cache/rcsb/PDE3A/7EG4.cif,https://files.rcsb.org/download/7EG4.cif,1,0,1,Experimental RCSB structure imported by bulk sync; resolution 3.2 A; ligand(s): J36;MG;ZN; candidate for docking review.
PDE3A,7KWE,RCSB_PDB,experimental,X-ray,2.0,A;B;C;D,ACT;MG;MN;X5M,Homo sapiens,Crystal structure of the catalytic domain of human PDE3A bound to DNMDP,cif,data/target_db/cache/rcsb/PDE3A/7KWE.cif,https://files.rcsb.org/download/7KWE.cif,1,1,1,Experimental RCSB structure imported by bulk sync; resolution 2.0 A; ligand(s): ACT;MG;MN;X5M; candidate for docking review.
PDE3A,7L27,RCSB_PDB,experimental,X-ray,1.7,A;B;C;D,ACT;CA;MG;MN,Homo sapiens,Crystal structure of the catalytic domain of human PDE3A,cif,data/target_db/cache/rcsb/PDE3A/7L27.cif,https://files.rcsb.org/download/7L27.cif,1,0,1,Experimental RCSB structure imported by bulk sync; resolution 1.7 A; ligand(s): ACT;CA;MG;MN; candidate for docking review.
PDE3A,7L28,RCSB_PDB,experimental,X-ray,2.2,A;B;C;D,ACT;MG;MN;XKG,Homo sapiens,Crystal structure of the catalytic domain of human PDE3A bound to Trequinsin,cif,data/target_db/cache/rcsb/PDE3A/7L28.cif,https://files.rcsb.org/download/7L28.cif,1,0,1,Experimental RCSB structure imported by bulk sync; resolution 2.2 A; ligand(s): ACT;MG;MN;XKG; candidate for docking review.
PDE3A,7L29,RCSB_PDB,experimental,X-ray,2.08,A;B;C;D,ACT;AMP;CA;MG;MN,Homo sapiens,Crystal structure of the catalytic domain of human PDE3A bound to AMP,cif,data/target_db/cache/rcsb/PDE3A/7L29.cif,https://files.rcsb.org/download/7L29.cif,1,0,1,Experimental RCSB structure imported by bulk sync; resolution 2.08 A; ligand(s): ACT;AMP;CA;MG;MN; candidate for docking review.
PDE3A,7LRC,RCSB_PDB,experimental,Cryo-EM,2.97,B;C,MG;MN;X5M,Homo sapiens,Cryo-EM of the SLFN12-PDE3A complex: PDE3A body refinement,cif,data/target_db/cache/rcsb/PDE3A/7LRC.cif,https://files.rcsb.org/download/7LRC.cif,1,0,1,Experimental RCSB structure imported by bulk sync; resolution 2.97 A; ligand(s): MG;MN;X5M; candidate for docking review.
PDE3A,7LRD,RCSB_PDB,experimental,Cryo-EM,3.22,B;D,MG;MN;X5M;ZN,Homo sapiens,Cryo-EM of the SLFN12-PDE3A complex: Consensus subset model,cif,data/target_db/cache/rcsb/PDE3A/7LRD.cif,https://files.rcsb.org/download/7LRD.cif,1,0,1,Experimental RCSB structure imported by bulk sync; resolution 3.22 A; ligand(s): MG;MN;X5M;ZN; candidate for docking review.
PDE3B,AF-Q13370-F1,AlphaFold,predicted,Predicted,,A,,Homo sapiens,AlphaFold predicted model for PDE3B,cif,data/target_db/cache/alphafold/Q13370/AF-Q13370-F1-model_v4.cif,https://alphafold.ebi.ac.uk/files/AF-Q13370-F1-model_v6.cif,0,0,1,AlphaFold predicted model; useful as structural reference when experimental structures are unavailable.
PDE3B,1SO2,RCSB_PDB,experimental,X-ray,2.4,A;B;C;D,666;HG9;MG,Homo sapiens,CATALYTIC DOMAIN OF HUMAN PHOSPHODIESTERASE 3B In COMPLEX WITH A DIHYDROPYRIDAZINE INHIBITOR,cif,data/target_db/cache/rcsb/PDE3B/1SO2.cif,https://files.rcsb.org/download/1SO2.cif,1,0,1,Experimental RCSB structure imported by bulk sync; resolution 2.4 A; ligand(s): 666;HG9;MG; candidate for docking review.
PDE3B,1SOJ,RCSB_PDB,experimental,X-ray,2.9,A;B;C;D;E;F;G;H;I;J;K;L,IBM;MG,Homo sapiens,CATALYTIC DOMAIN OF HUMAN PHOSPHODIESTERASE 3B IN COMPLEX WITH IBMX,cif,data/target_db/cache/rcsb/PDE3B/1SOJ.cif,https://files.rcsb.org/download/1SOJ.cif,1,1,1,Experimental RCSB structure imported by bulk sync; resolution 2.9 A; ligand(s): IBM;MG; candidate for docking review.
PDE3B,8SYC,RCSB_PDB,experimental,X-ray,2.7,A;D,MG;X5W,Homo sapiens,Crystal structure of PDE3B in complex with GSK4394835A,cif,data/target_db/cache/rcsb/PDE3B/8SYC.cif,https://files.rcsb.org/download/8SYC.cif,1,0,1,Experimental RCSB structure imported by bulk sync; resolution 2.7 A; ligand(s): MG;X5W; candidate for docking review.
PDE3B,9YUD,RCSB_PDB,experimental,X-ray,2.7,A;B,MG;X5W,Homo sapiens,Re-Refined Human Phosphodiesterase 3B complexed with GSK4394835A,cif,data/target_db/cache/rcsb/PDE3B/9YUD.cif,https://files.rcsb.org/download/9YUD.cif,1,0,1,Experimental RCSB structure imported by bulk sync; resolution 2.7 A; ligand(s): MG;X5W; candidate for docking review.
PDE4A,AF-P27815-F1,AlphaFold,predicted,Predicted,,A,,Homo sapiens,AlphaFold predicted model for PDE4A,cif,data/target_db/cache/alphafold/P27815/AF-P27815-F1-model_v4.cif,https://alphafold.ebi.ac.uk/files/AF-P27815-F1-model_v6.cif,0,0,1,AlphaFold predicted model; useful as structural reference when experimental structures are unavailable.
PDE4A,2QYK,RCSB_PDB,experimental,X-ray,2.1,A;B,MG;NPV;ZN,Homo sapiens,Crystal structure of PDE4A10 in complex with inhibitor NPV,cif,data/target_db/cache/rcsb/PDE4A/2QYK.cif,https://files.rcsb.org/download/2QYK.cif,1,1,1,Experimental RCSB structure imported by bulk sync; resolution 2.1 A; ligand(s): MG;NPV;ZN; candidate for docking review.
PDE4A,3HC8,RCSB_PDB,experimental,X-ray,1.79,A,MG;PD4;ZN,Homo sapiens,Investigation of Aminopyridiopyrazinones as PDE5 Inhibitors: Evaluation of Modifications to the Central Ring System.,cif,data/target_db/cache/rcsb/PDE4A/3HC8.cif,https://files.rcsb.org/download/3HC8.cif,1,0,1,Experimental RCSB structure imported by bulk sync; resolution 1.79 A; ligand(s): MG;PD4;ZN; candidate for docking review.
PDE4A,3HDZ,RCSB_PDB,experimental,X-ray,1.8,A,MG;PD6;ZN,Homo sapiens,"Identification, Synthesis, and SAR of Amino Substituted Pyrido[3,2b]pryaziones as Potent and Selective PDE5 Inhibitors",cif,data/target_db/cache/rcsb/PDE4A/3HDZ.cif,https://files.rcsb.org/download/3HDZ.cif,1,0,1,Experimental RCSB structure imported by bulk sync; resolution 1.8 A; ligand(s): MG;PD6;ZN; candidate for docking review.
PDE4A,3I8V,RCSB_PDB,experimental,X-ray,2.25,A;B,0MO;CO;GOL;MG;ZN,Homo sapiens,Crystal structure of human PDE4a with 4-(3-butoxy-4-methoxyphenyl)methyl-2-imidazolidone,cif,data/target_db/cache/rcsb/PDE4A/3I8V.cif,https://files.rcsb.org/download/3I8V.cif,1,0,1,Experimental RCSB structure imported by bulk sync; resolution 2.25 A; ligand(s): 0MO;CO;GOL;MG;ZN; candidate for docking review.
PDE4A,3TVX,RCSB_PDB,experimental,X-ray,2.84,A;B,MG;PNX;SO4;ZN,Homo sapiens,The structure of PDE4A with pentoxifylline at 2.84A resolution,cif,data/target_db/cache/rcsb/PDE4A/3TVX.cif,https://files.rcsb.org/download/3TVX.cif,1,0,1,Experimental RCSB structure imported by bulk sync; resolution 2.84 A; ligand(s): MG;PNX;SO4;ZN; candidate for docking review.
PDE4B,AF-Q07343-F1,AlphaFold,predicted,Predicted,,A,,Homo sapiens,AlphaFold predicted model for PDE4B,cif,data/target_db/cache/alphafold/Q07343/AF-Q07343-F1-model_v4.cif,https://alphafold.ebi.ac.uk/files/AF-Q07343-F1-model_v6.cif,0,0,1,AlphaFold predicted model; useful as structural reference when experimental structures are unavailable.
PDE4B,1F0J,RCSB_PDB,experimental,X-ray,1.77,A;B,ARS;MG;ZN,Homo sapiens,CATALYTIC DOMAIN OF HUMAN PHOSPHODIESTERASE 4B2B,cif,data/target_db/cache/rcsb/PDE4B/1F0J.cif,https://files.rcsb.org/download/1F0J.cif,1,0,1,Experimental RCSB structure imported by bulk sync; resolution 1.77 A; ligand(s): ARS;MG;ZN; candidate for docking review.
PDE4B,1RO6,RCSB_PDB,experimental,X-ray,2.0,A;B,ARS;MN;ROL;ZN,Homo sapiens,Crystal structure of PDE4B2B complexed with Rolipram (R & S),cif,data/target_db/cache/rcsb/PDE4B/1RO6.cif,https://files.rcsb.org/download/1RO6.cif,1,0,1,Experimental RCSB structure imported by bulk sync; resolution 2.0 A; ligand(s): ARS;MN;ROL;ZN; candidate for docking review.
PDE4B,1RO9,RCSB_PDB,experimental,X-ray,2.13,A;B,8BR;ZN,Homo sapiens,CRYSTAL STRUCTURES OF THE CATALYTIC DOMAIN OF PHOSPHODIESTERASE 4B2B COMPLEXED WITH 8-Br-AMP,cif,data/target_db/cache/rcsb/PDE4B/1RO9.cif,https://files.rcsb.org/download/1RO9.cif,1,0,1,Experimental RCSB structure imported by bulk sync; resolution 2.13 A; ligand(s): 8BR;ZN; candidate for docking review.
PDE4B,1ROR,RCSB_PDB,experimental,X-ray,2.0,A;B,AMP;ZN,Homo sapiens,CRYSTAL STRUCTURES OF THE CATALYTIC DOMAIN OF PHOSPHODIESTERASE 4B2B COMPLEXED WITH AMP,cif,data/target_db/cache/rcsb/PDE4B/1ROR.cif,https://files.rcsb.org/download/1ROR.cif,1,0,1,Experimental RCSB structure imported by bulk sync; resolution 2.0 A; ligand(s): AMP;ZN; candidate for docking review.
PDE4B,1TB5,RCSB_PDB,experimental,X-ray,2.15,A;B,AMP;MG;ZN,Homo sapiens,Catalytic Domain Of Human Phosphodiesterase 4B In Complex With AMP,cif,data/target_db/cache/rcsb/PDE4B/1TB5.cif,https://files.rcsb.org/download/1TB5.cif,1,0,1,Experimental RCSB structure imported by bulk sync; resolution 2.15 A; ligand(s): AMP;MG;ZN; candidate for docking review.
PDE4B,1XLX,RCSB_PDB,experimental,X-ray,2.19,A;B,CIO;MG;ZN,Homo sapiens,Catalytic Domain Of Human Phosphodiesterase 4B In Complex With Cilomilast,cif,data/target_db/cache/rcsb/PDE4B/1XLX.cif,https://files.rcsb.org/download/1XLX.cif,1,1,1,Experimental RCSB structure imported by bulk sync; resolution 2.19 A; ligand(s): CIO;MG;ZN; candidate for docking review.
PDE4B,1XLZ,RCSB_PDB,experimental,X-ray,2.06,A;B,FIL;MG;ZN,Homo sapiens,Catalytic Domain Of Human Phosphodiesterase 4B In Complex With Filaminast,cif,data/target_db/cache/rcsb/PDE4B/1XLZ.cif,https://files.rcsb.org/download/1XLZ.cif,1,0,1,Experimental RCSB structure imported by bulk sync; resolution 2.06 A; ligand(s): FIL;MG;ZN; candidate for docking review.
PDE4B,1XM4,RCSB_PDB,experimental,X-ray,2.31,A;B,MG;PIL;ZN,Homo sapiens,Catalytic Domain Of Human Phosphodiesterase 4B In Complex With Piclamilast,cif,data/target_db/cache/rcsb/PDE4B/1XM4.cif,https://files.rcsb.org/download/1XM4.cif,1,0,1,Experimental RCSB structure imported by bulk sync; resolution 2.31 A; ligand(s): MG;PIL;ZN; candidate for docking review.
PDE4B,1XM6,RCSB_PDB,experimental,X-ray,1.92,A;B,5RM;MG;ZN,Homo sapiens,Catalytic Domain Of Human Phosphodiesterase 4B In Complex With (R)-Mesopram,cif,data/target_db/cache/rcsb/PDE4B/1XM6.cif,https://files.rcsb.org/download/1XM6.cif,1,0,1,Experimental RCSB structure imported by bulk sync; resolution 1.92 A; ligand(s): 5RM;MG;ZN; candidate for docking review.
PDE4B,1XMU,RCSB_PDB,experimental,X-ray,2.3,A;B,MG;ROF;ZN,Homo sapiens,Catalytic Domain Of Human Phosphodiesterase 4B In Complex With Roflumilast,cif,data/target_db/cache/rcsb/PDE4B/1XMU.cif,https://files.rcsb.org/download/1XMU.cif,1,0,1,Experimental RCSB structure imported by bulk sync; resolution 2.3 A; ligand(s): MG;ROF;ZN; candidate for docking review.
PDE4B,1XMY,RCSB_PDB,experimental,X-ray,2.4,A;B,MG;ROL;ZN,Homo sapiens,Catalytic Domain Of Human Phosphodiesterase 4B In Complex With (R)-Rolipram,cif,data/target_db/cache/rcsb/PDE4B/1XMY.cif,https://files.rcsb.org/download/1XMY.cif,1,0,1,Experimental RCSB structure imported by bulk sync; resolution 2.4 A; ligand(s): MG;ROL;ZN; candidate for docking review.
PDE4B,1XN0,RCSB_PDB,experimental,X-ray,2.31,A;B,MG;ROL;ZN,Homo sapiens,"Catalytic Domain Of Human Phosphodiesterase 4B In Complex With (R,S)-Rolipram",cif,data/target_db/cache/rcsb/PDE4B/1XN0.cif,https://files.rcsb.org/download/1XN0.cif,1,0,1,Experimental RCSB structure imported by bulk sync; resolution 2.31 A; ligand(s): MG;ROL;ZN; candidate for docking review.
PDE4B,1XOS,RCSB_PDB,experimental,X-ray,2.28,A,MG;SO4;VIA;ZN,Homo sapiens,Catalytic Domain Of Human Phosphodiesterase 4B In Complex With Sildenafil,cif,data/target_db/cache/rcsb/PDE4B/1XOS.cif,https://files.rcsb.org/download/1XOS.cif,1,0,1,Experimental RCSB structure imported by bulk sync; resolution 2.28 A; ligand(s): MG;SO4;VIA;ZN; candidate for docking review.
PDE4B,1XOT,RCSB_PDB,experimental,X-ray,2.34,A;B,MG;VDN;ZN,Homo sapiens,Catalytic Domain Of Human Phosphodiesterase 4B In Complex With Vardenafil,cif,data/target_db/cache/rcsb/PDE4B/1XOT.cif,https://files.rcsb.org/download/1XOT.cif,1,0,1,Experimental RCSB structure imported by bulk sync; resolution 2.34 A; ligand(s): MG;VDN;ZN; candidate for docking review.
PDE4B,1Y2H,RCSB_PDB,experimental,X-ray,2.4,A;B,6DE;MG;ZN,Homo sapiens,"Catalytic Domain Of Human Phosphodiesterase 4B In Complex With 1-(2-chloro-phenyl)-3,5-dimethyl-1H-pyrazole-4-carboxylic acid ethyl ester",cif,data/target_db/cache/rcsb/PDE4B/1Y2H.cif,https://files.rcsb.org/download/1Y2H.cif,1,0,1,Experimental RCSB structure imported by bulk sync; resolution 2.4 A; ligand(s): 6DE;MG;ZN; candidate for docking review.
PDE4B,1Y2J,RCSB_PDB,experimental,X-ray,2.55,A;B,7DE;MG;ZN,Homo sapiens,"Catalytic Domain Of Human Phosphodiesterase 4B In Complex With 3,5-dimethyl-1-(3-nitro-phenyl)-1H-pyrazole-4-carboxylic acid ethyl ester",cif,data/target_db/cache/rcsb/PDE4B/1Y2J.cif,https://files.rcsb.org/download/1Y2J.cif,1,0,1,Experimental RCSB structure imported by bulk sync; resolution 2.55 A; ligand(s): 7DE;MG;ZN; candidate for docking review.
PDE4B,2CHM,RCSB_PDB,experimental,X-ray,1.6,A,3P4;MES;MG;ZN,Homo sapiens,Crystal structure of N2 substituted pyrazolo pyrimidinones - a flipped binding mode in PDE5,cif,data/target_db/cache/rcsb/PDE4B/2CHM.cif,https://files.rcsb.org/download/2CHM.cif,1,0,1,Experimental RCSB structure imported by bulk sync; resolution 1.6 A; ligand(s): 3P4;MES;MG;ZN; candidate for docking review.
PDE4B,2QYL,RCSB_PDB,experimental,X-ray,1.95,A,MG;NPV;ZN,Homo sapiens,Crystal structure of PDE4B2B in complex with inhibitor NPV,cif,data/target_db/cache/rcsb/PDE4B/2QYL.cif,https://files.rcsb.org/download/2QYL.cif,1,0,1,Experimental RCSB structure imported by bulk sync; resolution 1.95 A; ligand(s): MG;NPV;ZN; candidate for docking review.
PDE4B,3D3P,RCSB_PDB,experimental,X-ray,1.75,A,20A;ARS;MG;ZN,Homo sapiens,Crystal structure of PDE4B catalytic domain in complex with a pyrazolopyridine inhibitor,cif,data/target_db/cache/rcsb/PDE4B/3D3P.cif,https://files.rcsb.org/download/3D3P.cif,1,0,1,Experimental RCSB structure imported by bulk sync; resolution 1.75 A; ligand(s): 20A;ARS;MG;ZN; candidate for docking review.
PDE4B,3FRG,RCSB_PDB,experimental,X-ray,1.7,A,ARS;GOL;MG;SK4;ZN,Homo sapiens,Catalytic Domain of Human Phosphodiesterase 4B2B in Complex with a Quinoline Inhibitor,cif,data/target_db/cache/rcsb/PDE4B/3FRG.cif,https://files.rcsb.org/download/3FRG.cif,1,0,1,Experimental RCSB structure imported by bulk sync; resolution 1.7 A; ligand(s): ARS;GOL;MG;SK4;ZN; candidate for docking review.
PDE4B,3G45,RCSB_PDB,experimental,X-ray,2.63,A;B,988;MG;ZN,Homo sapiens,Crystal structure of human phosphodiesterase 4b with regulatory domain and d155988,cif,data/target_db/cache/rcsb/PDE4B/3G45.cif,https://files.rcsb.org/download/3G45.cif,1,0,1,Experimental RCSB structure imported by bulk sync; resolution 2.63 A; ligand(s): 988;MG;ZN; candidate for docking review.
PDE4B,3GWT,RCSB_PDB,experimental,X-ray,1.75,A,066;ARS;GOL;MG;ZN,Homo sapiens,Catalytic domain of human phosphodiesterase 4B2B in complex with a quinoline inhibitor,cif,data/target_db/cache/rcsb/PDE4B/3GWT.cif,https://files.rcsb.org/download/3GWT.cif,1,0,1,Experimental RCSB structure imported by bulk sync; resolution 1.75 A; ligand(s): 066;ARS;GOL;MG;ZN; candidate for docking review.
PDE4B,3HMV,RCSB_PDB,experimental,X-ray,2.23,A;B,GOL;HBT;MG;ZN,Homo sapiens,Catalytic domain of human phosphodiesterase 4B2B in complex with a tetrahydrobenzothiophene inhibitor,cif,data/target_db/cache/rcsb/PDE4B/3HMV.cif,https://files.rcsb.org/download/3HMV.cif,1,0,1,Experimental RCSB structure imported by bulk sync; resolution 2.23 A; ligand(s): GOL;HBT;MG;ZN; candidate for docking review.
PDE4B,3KKT,RCSB_PDB,experimental,X-ray,2.48,A;B,0CP;B3P;MG;ZN,Homo sapiens,"Crystal structure of human PDE4b with 5-[3-[(1S,2S,4R)-Bicyclo[2.2.1]hept-2-yloxy]-4-methoxyp henyl]tetrahydro-2(1H)-pyrimidinone reveals ordering of the C-terminal helix residues 502-509.",cif,data/target_db/cache/rcsb/PDE4B/3KKT.cif,https://files.rcsb.org/download/3KKT.cif,1,0,1,Experimental RCSB structure imported by bulk sync; resolution 2.48 A; ligand(s): 0CP;B3P;MG;ZN; candidate for docking review.
PDE4B,3LY2,RCSB_PDB,experimental,X-ray,2.6,A;B;C;D;E;F;G;H,MG;SO4;Z72;ZN,Homo sapiens,Catalytic Domain of Human Phosphodiesterase 4B in Complex with A Coumarin-Based Inhibitor,cif,data/target_db/cache/rcsb/PDE4B/3LY2.cif,https://files.rcsb.org/download/3LY2.cif,1,0,1,Experimental RCSB structure imported by bulk sync; resolution 2.6 A; ligand(s): MG;SO4;Z72;ZN; candidate for docking review.
PDE4B,3O0J,RCSB_PDB,experimental,X-ray,1.95,A,3OJ;EDO;MG;ZN,Homo sapiens,PDE4B In complex with ligand an2898,cif,data/target_db/cache/rcsb/PDE4B/3O0J.cif,https://files.rcsb.org/download/3O0J.cif,1,0,1,Experimental RCSB structure imported by bulk sync; resolution 1.95 A; ligand(s): 3OJ;EDO;MG;ZN; candidate for docking review.
PDE4B,3O56,RCSB_PDB,experimental,X-ray,2.42,A,ARS;GOL;MG;ZG1;ZN,Homo sapiens,Catalytic domain of human phosphodiesterase 4b2b in complex with a 5-heterocycle pyrazolopyridine inhibitor,cif,data/target_db/cache/rcsb/PDE4B/3O56.cif,https://files.rcsb.org/download/3O56.cif,1,0,1,Experimental RCSB structure imported by bulk sync; resolution 2.42 A; ligand(s): ARS;GOL;MG;ZG1;ZN; candidate for docking review.
PDE4B,3O57,RCSB_PDB,experimental,X-ray,2.0,A,ARS;GOL;MG;ZG2;ZN,Homo sapiens,Catalytic domain of human phosphodiesterase 4b2b in complex with a 5-heterocycle pyrazolopyridine inhibitor,cif,data/target_db/cache/rcsb/PDE4B/3O57.cif,https://files.rcsb.org/download/3O57.cif,1,0,1,Experimental RCSB structure imported by bulk sync; resolution 2.0 A; ligand(s): ARS;GOL;MG;ZG2;ZN; candidate for docking review.
PDE4B,3W5E,RCSB_PDB,experimental,X-ray,2.3,A;B,CA;NVW;ZN,Homo sapiens,Crystal structure of phosphodiesterase 4B in complex with compound 31e,cif,data/target_db/cache/rcsb/PDE4B/3W5E.cif,https://files.rcsb.org/download/3W5E.cif,1,0,1,Experimental RCSB structure imported by bulk sync; resolution 2.3 A; ligand(s): CA;NVW;ZN; candidate for docking review.
PDE4B,3WD9,RCSB_PDB,experimental,X-ray,2.5,A;B,CA;QPC;ZN,Homo sapiens,Crystal structure of phosphodiesterase 4B in complex with compound 10f,cif,data/target_db/cache/rcsb/PDE4B/3WD9.cif,https://files.rcsb.org/download/3WD9.cif,1,0,1,Experimental RCSB structure imported by bulk sync; resolution 2.5 A; ligand(s): CA;QPC;ZN; candidate for docking review.
PDE4B,4KP6,RCSB_PDB,experimental,X-ray,1.5,A,1S1;EDO;MG;ZN,Homo sapiens,"Crystal structure of human phosphodiesterase 4B (PDE4B) in complex with a [1,3,5]triazine derivative",cif,data/target_db/cache/rcsb/PDE4B/4KP6.cif,https://files.rcsb.org/download/4KP6.cif,1,0,1,Experimental RCSB structure imported by bulk sync; resolution 1.5 A; ligand(s): 1S1;EDO;MG;ZN; candidate for docking review.
PDE4B,4MYQ,RCSB_PDB,experimental,X-ray,1.9,A,19T;EDO;MG;NA;ZN,Homo sapiens,Selective Inhibition of the Catalytic Domain Of Human Phosphodiesterase 4B With A-33,cif,data/target_db/cache/rcsb/PDE4B/4MYQ.cif,https://files.rcsb.org/download/4MYQ.cif,1,0,1,Experimental RCSB structure imported by bulk sync; resolution 1.9 A; ligand(s): 19T;EDO;MG;NA;ZN; candidate for docking review.
PDE4B,4NW7,RCSB_PDB,experimental,X-ray,2.15,A,2O5;EDO;MG;NA;ZN,Homo sapiens,PDE4 catalytic domain,cif,data/target_db/cache/rcsb/PDE4B/4NW7.cif,https://files.rcsb.org/download/4NW7.cif,1,0,1,Experimental RCSB structure imported by bulk sync; resolution 2.15 A; ligand(s): 2O5;EDO;MG;NA;ZN; candidate for docking review.
PDE4B,4WZI,RCSB_PDB,experimental,X-ray,2.58,A;B,IOD;MG;NA;ZN,Homo sapiens,Crystal structure of crosslink stabilized long-form PDE4B,cif,data/target_db/cache/rcsb/PDE4B/4WZI.cif,https://files.rcsb.org/download/4WZI.cif,1,0,1,Experimental RCSB structure imported by bulk sync; resolution 2.58 A; ligand(s): IOD;MG;NA;ZN; candidate for docking review.
PDE4B,4X0F,RCSB_PDB,experimental,X-ray,3.22,A;B,IOD;MG;ROL;ZN,Homo sapiens,Crystal structure of crosslink stabilized long-form PDE4B in complex with (R)-(-)-rolipram,cif,data/target_db/cache/rcsb/PDE4B/4X0F.cif,https://files.rcsb.org/download/4X0F.cif,1,0,1,Experimental RCSB structure imported by bulk sync; resolution 3.22 A; ligand(s): IOD;MG;ROL;ZN; candidate for docking review.
PDE4B,5K6J,RCSB_PDB,experimental,X-ray,1.86,A,6QQ;EDO;MG;ZN,Homo sapiens,Human Phospodiesterase 4B in complex with pyridyloxy-benzoxaborole based inhibitor,cif,data/target_db/cache/rcsb/PDE4B/5K6J.cif,https://files.rcsb.org/download/5K6J.cif,1,0,1,Experimental RCSB structure imported by bulk sync; resolution 1.86 A; ligand(s): 6QQ;EDO;MG;ZN; candidate for docking review.
PDE4B,5LAQ,RCSB_PDB,experimental,X-ray,2.4,A,6M5;ACT;MG;ZN,Homo sapiens,Crystal structure of human phosphodiesterase 4B catalytic domain with inhibitor NPD-001,cif,data/target_db/cache/rcsb/PDE4B/5LAQ.cif,https://files.rcsb.org/download/5LAQ.cif,1,0,1,Experimental RCSB structure imported by bulk sync; resolution 2.4 A; ligand(s): 6M5;ACT;MG;ZN; candidate for docking review.
PDE4B,5OHJ,RCSB_PDB,experimental,X-ray,1.6,A;B,9VE;MG;ZN,Homo sapiens,Human phosphodiesterase 4B catalytic domain in complex with a pyrrolidinyl inhibitor.,cif,data/target_db/cache/rcsb/PDE4B/5OHJ.cif,https://files.rcsb.org/download/5OHJ.cif,1,0,1,Experimental RCSB structure imported by bulk sync; resolution 1.6 A; ligand(s): 9VE;MG;ZN; candidate for docking review.
PDE4B,6BOJ,RCSB_PDB,experimental,X-ray,1.7,A;B;C;D,CL;E31;MG;MPD;ZN,Homo sapiens,Crystal Structure of the PDE4D Catalytic Domain and UCR2 Regulatory Helix with BPN5004,cif,data/target_db/cache/rcsb/PDE4B/6BOJ.cif,https://files.rcsb.org/download/6BOJ.cif,1,0,1,Experimental RCSB structure imported by bulk sync; resolution 1.7 A; ligand(s): CL;E31;MG;MPD;ZN; candidate for docking review.
PDE4B,8OEG,RCSB_PDB,experimental,X-ray,1.89,A,MG;VL9;ZN,Homo sapiens,PDE4B bound to MAPI compound 92a,cif,data/target_db/cache/rcsb/PDE4B/8OEG.cif,https://files.rcsb.org/download/8OEG.cif,1,0,1,Experimental RCSB structure imported by bulk sync; resolution 1.89 A; ligand(s): MG;VL9;ZN; candidate for docking review.
PDE4C,AF-Q08493-F1,AlphaFold,predicted,Predicted,,A,,Homo sapiens,AlphaFold predicted model for PDE4C,cif,data/target_db/cache/alphafold/Q08493/AF-Q08493-F1-model_v4.cif,https://alphafold.ebi.ac.uk/files/AF-Q08493-F1-model_v6.cif,0,0,1,AlphaFold predicted model; useful as structural reference when experimental structures are unavailable.
PDE4C,2QYM,RCSB_PDB,experimental,X-ray,1.9,A,MG;ZN,Homo sapiens,crystal structure of unliganded PDE4C2,cif,data/target_db/cache/rcsb/PDE4C/2QYM.cif,https://files.rcsb.org/download/2QYM.cif,1,1,1,Experimental RCSB structure imported by bulk sync; resolution 1.9 A; ligand(s): MG;ZN; candidate for docking review.
PDE4D,AF-Q08499-F1,AlphaFold,predicted,Predicted,,A,,Homo sapiens,AlphaFold predicted model for PDE4D,cif,data/target_db/cache/alphafold/Q08499/AF-Q08499-F1-model_v4.cif,https://alphafold.ebi.ac.uk/files/AF-Q08499-F1-model_v6.cif,0,0,1,AlphaFold predicted model; useful as structural reference when experimental structures are unavailable.
PDE4D,1E9K,RCSB_PDB,experimental,NMR,,A,,Homo sapiens,"The structure of the RACK1 interaction sites located within the unique N-terminal region of the cAMP-specific phosphodiesterase, PDE4D5.",cif,data/target_db/cache/rcsb/PDE4D/1E9K.cif,https://files.rcsb.org/download/1E9K.cif,0,0,1,Experimental RCSB structure imported by bulk sync.
PDE4D,1MKD,RCSB_PDB,experimental,X-ray,2.9,A;B;C;D;E;F;G;H;I;J;K;L,MG;ZAR;ZN,Homo sapiens,crystal structure of PDE4D catalytic domain and zardaverine complex,cif,data/target_db/cache/rcsb/PDE4D/1MKD.cif,https://files.rcsb.org/download/1MKD.cif,1,1,1,Experimental RCSB structure imported by bulk sync; resolution 2.9 A; ligand(s): MG;ZAR;ZN; candidate for docking review.
PDE4D,1OYN,RCSB_PDB,experimental,X-ray,2.0,A;B;C;D,ROL;ZN,Homo sapiens,"Crystal structure of PDE4D2 in complex with (R,S)-rolipram",cif,data/target_db/cache/rcsb/PDE4D/1OYN.cif,https://files.rcsb.org/download/1OYN.cif,1,0,1,Experimental RCSB structure imported by bulk sync; resolution 2.0 A; ligand(s): ROL;ZN; candidate for docking review.
PDE4D,1PTW,RCSB_PDB,experimental,X-ray,2.3,A;B;C;D,AMP;ZN,Homo sapiens,The Crystal Structure of AMP-Bound PDE4 Suggests a Mechanism for Phosphodiesterase Catalysis,cif,data/target_db/cache/rcsb/PDE4D/1PTW.cif,https://files.rcsb.org/download/1PTW.cif,1,0,1,Experimental RCSB structure imported by bulk sync; resolution 2.3 A; ligand(s): AMP;ZN; candidate for docking review.
PDE4D,1Q9M,RCSB_PDB,experimental,X-ray,2.3,A;B;C;D,ROL;ZN,Homo sapiens,Three dimensional structures of PDE4D in complex with roliprams and implication on inhibitor selectivity,cif,data/target_db/cache/rcsb/PDE4D/1Q9M.cif,https://files.rcsb.org/download/1Q9M.cif,1,0,1,Experimental RCSB structure imported by bulk sync; resolution 2.3 A; ligand(s): ROL;ZN; candidate for docking review.
PDE4D,1TB7,RCSB_PDB,experimental,X-ray,1.63,A;B,AMP;B3P;EDO;MG;ZN,Homo sapiens,Catalytic Domain Of Human Phosphodiesterase 4D In Complex With AMP,cif,data/target_db/cache/rcsb/PDE4D/1TB7.cif,https://files.rcsb.org/download/1TB7.cif,1,0,1,Experimental RCSB structure imported by bulk sync; resolution 1.63 A; ligand(s): AMP;B3P;EDO;MG;ZN; candidate for docking review.
PDE4D,1TBB,RCSB_PDB,experimental,X-ray,1.6,A;B,EDO;MG;ROL;ZN,Homo sapiens,Catalytic Domain Of Human Phosphodiesterase 4D In Complex With Rolipram,cif,data/target_db/cache/rcsb/PDE4D/1TBB.cif,https://files.rcsb.org/download/1TBB.cif,1,0,1,Experimental RCSB structure imported by bulk sync; resolution 1.6 A; ligand(s): EDO;MG;ROL;ZN; candidate for docking review.
PDE4D,1XOM,RCSB_PDB,experimental,X-ray,1.55,A;B,CIO;EDO;MG;ZN,Homo sapiens,Catalytic Domain Of Human Phosphodiesterase 4D In Complex With Cilomilast,cif,data/target_db/cache/rcsb/PDE4D/1XOM.cif,https://files.rcsb.org/download/1XOM.cif,1,0,1,Experimental RCSB structure imported by bulk sync; resolution 1.55 A; ligand(s): CIO;EDO;MG;ZN; candidate for docking review.
PDE4D,1XON,RCSB_PDB,experimental,X-ray,1.72,A;B,B3P;EDO;MG;PIL;ZN,Homo sapiens,Catalytic Domain Of Human Phosphodiesterase 4D In Complex With Piclamilast,cif,data/target_db/cache/rcsb/PDE4D/1XON.cif,https://files.rcsb.org/download/1XON.cif,1,0,1,Experimental RCSB structure imported by bulk sync; resolution 1.72 A; ligand(s): B3P;EDO;MG;PIL;ZN; candidate for docking review.
PDE4D,1XOQ,RCSB_PDB,experimental,X-ray,1.83,A;B,EDO;MG;ROF;ZN,Homo sapiens,Catalytic Domain Of Human Phosphodiesterase 4D In Complex With Roflumilast,cif,data/target_db/cache/rcsb/PDE4D/1XOQ.cif,https://files.rcsb.org/download/1XOQ.cif,1,0,1,Experimental RCSB structure imported by bulk sync; resolution 1.83 A; ligand(s): EDO;MG;ROF;ZN; candidate for docking review.
PDE4D,1XOR,RCSB_PDB,experimental,X-ray,1.54,A;B,MG;ZAR;ZN,Homo sapiens,Catalytic Domain Of Human Phosphodiesterase 4D In Complex With Zardaverine,cif,data/target_db/cache/rcsb/PDE4D/1XOR.cif,https://files.rcsb.org/download/1XOR.cif,1,0,1,Experimental RCSB structure imported by bulk sync; resolution 1.54 A; ligand(s): MG;ZAR;ZN; candidate for docking review.
PDE4D,1Y2B,RCSB_PDB,experimental,X-ray,1.4,A;B,DEE;EDO;MG;ZN,Homo sapiens,"Catalytic Domain Of Human Phosphodiesterase 4D In Complex With 3,5-dimethyl-1H-pyrazole-4-carboxylic acid ethyl ester",cif,data/target_db/cache/rcsb/PDE4D/1Y2B.cif,https://files.rcsb.org/download/1Y2B.cif,1,0,1,Experimental RCSB structure imported by bulk sync; resolution 1.4 A; ligand(s): DEE;EDO;MG;ZN; candidate for docking review.
PDE4D,1Y2C,RCSB_PDB,experimental,X-ray,1.67,A;B,3DE;EDO;MG;ZN,Homo sapiens,"Catalytic Domain Of Human Phosphodiesterase 4D In Complex With 3,5-dimethyl-1-phenyl-1H-pyrazole-4-carboxylic acid ethyl ester",cif,data/target_db/cache/rcsb/PDE4D/1Y2C.cif,https://files.rcsb.org/download/1Y2C.cif,1,0,1,Experimental RCSB structure imported by bulk sync; resolution 1.67 A; ligand(s): 3DE;EDO;MG;ZN; candidate for docking review.
PDE4D,1Y2D,RCSB_PDB,experimental,X-ray,1.7,A;B,4DE;B3P;EDO;MG;ZN,Homo sapiens,"Catalytic Domain Of Human Phosphodiesterase 4D In Complex With 1-(4-methoxy-phenyl)-3,5-dimethyl-1H-pyrazole-4-carboxylic acid ethyl ester",cif,data/target_db/cache/rcsb/PDE4D/1Y2D.cif,https://files.rcsb.org/download/1Y2D.cif,1,0,1,Experimental RCSB structure imported by bulk sync; resolution 1.7 A; ligand(s): 4DE;B3P;EDO;MG;ZN; candidate for docking review.
PDE4D,1Y2E,RCSB_PDB,experimental,X-ray,2.1,A;B,5DE;EDO;MG;ZN,Homo sapiens,"Catalytic Domain Of Human Phosphodiesterase 4D In Complex With 1-(4-amino-phenyl)-3,5-dimethyl-1H-pyrazole-4-carboxylic acid ethyl ester",cif,data/target_db/cache/rcsb/PDE4D/1Y2E.cif,https://files.rcsb.org/download/1Y2E.cif,1,0,1,Experimental RCSB structure imported by bulk sync; resolution 2.1 A; ligand(s): 5DE;EDO;MG;ZN; candidate for docking review.
PDE4D,1Y2K,RCSB_PDB,experimental,X-ray,1.36,A;B,7DE;EDO;MG;ZN,Homo sapiens,"Catalytic Domain Of Human Phosphodiesterase 4D In Complex With 3,5-dimethyl-1-(3-nitro-phenyl)-1H-pyrazole-4-carboxylic acid ethyl ester",cif,data/target_db/cache/rcsb/PDE4D/1Y2K.cif,https://files.rcsb.org/download/1Y2K.cif,1,0,1,Experimental RCSB structure imported by bulk sync; resolution 1.36 A; ligand(s): 7DE;EDO;MG;ZN; candidate for docking review.
PDE4D,1ZKN,RCSB_PDB,experimental,X-ray,2.1,A;B;C;D,IBM;MG;ZN,Homo sapiens,Structure of PDE4D2-IBMX,cif,data/target_db/cache/rcsb/PDE4D/1ZKN.cif,https://files.rcsb.org/download/1ZKN.cif,1,0,1,Experimental RCSB structure imported by bulk sync; resolution 2.1 A; ligand(s): IBM;MG;ZN; candidate for docking review.
PDE4D,2FM0,RCSB_PDB,experimental,X-ray,2.0,A;B;C;D,M98;MG;ZN,Homo sapiens,Crystal structure of PDE4D in complex with L-869298,cif,data/target_db/cache/rcsb/PDE4D/2FM0.cif,https://files.rcsb.org/download/2FM0.cif,1,0,1,Experimental RCSB structure imported by bulk sync; resolution 2.0 A; ligand(s): M98;MG;ZN; candidate for docking review.
PDE4D,2FM5,RCSB_PDB,experimental,X-ray,2.03,A;B;C;D,M99;MG;ZN,Homo sapiens,Crystal structure of PDE4D2 in complex with inhibitor L-869299,cif,data/target_db/cache/rcsb/PDE4D/2FM5.cif,https://files.rcsb.org/download/2FM5.cif,1,0,1,Experimental RCSB structure imported by bulk sync; resolution 2.03 A; ligand(s): M99;MG;ZN; candidate for docking review.
PDE4D,2PW3,RCSB_PDB,experimental,X-ray,1.56,A;B,CMP;ZN,Homo sapiens,Structure of the PDE4D-cAMP complex,cif,data/target_db/cache/rcsb/PDE4D/2PW3.cif,https://files.rcsb.org/download/2PW3.cif,1,0,1,Experimental RCSB structure imported by bulk sync; resolution 1.56 A; ligand(s): CMP;ZN; candidate for docking review.
PDE4D,2QYN,RCSB_PDB,experimental,X-ray,1.57,A;B,MG;NPV;ZN,Homo sapiens,Crystal structure of PDE4D2 in complex with inhibitor NPV,cif,data/target_db/cache/rcsb/PDE4D/2QYN.cif,https://files.rcsb.org/download/2QYN.cif,1,0,1,Experimental RCSB structure imported by bulk sync; resolution 1.57 A; ligand(s): MG;NPV;ZN; candidate for docking review.
PDE4D,3G4G,RCSB_PDB,experimental,X-ray,2.3,A;B;C;D,CA;D71;MG;ZN,Homo sapiens,Crystal structure of human phosphodiesterase 4d with regulatory domain and d155871,cif,data/target_db/cache/rcsb/PDE4D/3G4G.cif,https://files.rcsb.org/download/3G4G.cif,1,0,1,Experimental RCSB structure imported by bulk sync; resolution 2.3 A; ligand(s): CA;D71;MG;ZN; candidate for docking review.
PDE4D,3G4I,RCSB_PDB,experimental,X-ray,1.9,A;B;C;D,D71;EOH;MG;SO4;ZN,Homo sapiens,Crystal structure of human phosphodiesterase 4d with d155871,cif,data/target_db/cache/rcsb/PDE4D/3G4I.cif,https://files.rcsb.org/download/3G4I.cif,1,0,1,Experimental RCSB structure imported by bulk sync; resolution 1.9 A; ligand(s): D71;EOH;MG;SO4;ZN; candidate for docking review.
PDE4D,3G4K,RCSB_PDB,experimental,X-ray,1.95,A;B;C;D,EDO;MG;ROL;SO4;ZN,Homo sapiens,Crystal structure of human phosphodiesterase 4d with rolipram,cif,data/target_db/cache/rcsb/PDE4D/3G4K.cif,https://files.rcsb.org/download/3G4K.cif,1,0,1,Experimental RCSB structure imported by bulk sync; resolution 1.95 A; ligand(s): EDO;MG;ROL;SO4;ZN; candidate for docking review.
PDE4D,3G4L,RCSB_PDB,experimental,X-ray,2.5,A;B;C;D,EDO;MG;ROF;SO4;ZN,Homo sapiens,Crystal structure of human phosphodiesterase 4d with roflumilast,cif,data/target_db/cache/rcsb/PDE4D/3G4L.cif,https://files.rcsb.org/download/3G4L.cif,1,0,1,Experimental RCSB structure imported by bulk sync; resolution 2.5 A; ligand(s): EDO;MG;ROF;SO4;ZN; candidate for docking review.
PDE4D,3G58,RCSB_PDB,experimental,X-ray,2.05,A;B;C;D,988;EDO;MG;SO4;ZN,Homo sapiens,Crystal structure of human phosphodiesterase 4d with d155988/pmnpq,cif,data/target_db/cache/rcsb/PDE4D/3G58.cif,https://files.rcsb.org/download/3G58.cif,1,0,1,Experimental RCSB structure imported by bulk sync; resolution 2.05 A; ligand(s): 988;EDO;MG;SO4;ZN; candidate for docking review.
PDE4D,3IAD,RCSB_PDB,experimental,X-ray,2.65,A;B;C;D,15X;EPE;MG;ZN,Homo sapiens,Crystal structure of human phosphodiesterase 4D with bound allosteric modulator,cif,data/target_db/cache/rcsb/PDE4D/3IAD.cif,https://files.rcsb.org/download/3IAD.cif,1,0,1,Experimental RCSB structure imported by bulk sync; resolution 2.65 A; ligand(s): 15X;EPE;MG;ZN; candidate for docking review.
PDE4D,3IAK,RCSB_PDB,experimental,X-ray,2.8,A,EV1;MG;ZN,Homo sapiens,Crystal structure of human phosphodiesterase 4d (PDE4d) with papaverine.,cif,data/target_db/cache/rcsb/PDE4D/3IAK.cif,https://files.rcsb.org/download/3IAK.cif,1,0,1,Experimental RCSB structure imported by bulk sync; resolution 2.8 A; ligand(s): EV1;MG;ZN; candidate for docking review.
PDE4D,3K4S,RCSB_PDB,experimental,X-ray,2.05,A,0MO;MG;ZN,Homo sapiens,The structure of the catalytic domain of human PDE4d with 4-(3-Butoxy-4-methoxyphenyl)methyl-2-imidazolidone,cif,data/target_db/cache/rcsb/PDE4D/3K4S.cif,https://files.rcsb.org/download/3K4S.cif,1,0,1,Experimental RCSB structure imported by bulk sync; resolution 2.05 A; ligand(s): 0MO;MG;ZN; candidate for docking review.
PDE4D,3SL3,RCSB_PDB,experimental,X-ray,2.1,A;B;C;D,DMS;EDO;EPE;PEG;PO4;ZN,Homo sapiens,Crystal structure of the apo form of the catalytic domain of PDE4D2,cif,data/target_db/cache/rcsb/PDE4D/3SL3.cif,https://files.rcsb.org/download/3SL3.cif,1,0,1,Experimental RCSB structure imported by bulk sync; resolution 2.1 A; ligand(s): DMS;EDO;EPE;PEG;PO4;ZN; candidate for docking review.
PDE4D,3SL4,RCSB_PDB,experimental,X-ray,1.9,A;B;C;D,DMS;EDO;EPE;JN4;PEG;PO4;ZN,Homo sapiens,Crystal structure of the catalytic domain of PDE4D2 with compound 10D,cif,data/target_db/cache/rcsb/PDE4D/3SL4.cif,https://files.rcsb.org/download/3SL4.cif,1,0,1,Experimental RCSB structure imported by bulk sync; resolution 1.9 A; ligand(s): DMS;EDO;EPE;JN4;PEG;PO4;ZN; candidate for docking review.
PDE4D,3SL5,RCSB_PDB,experimental,X-ray,2.65,A;B;C;D,DMS;EDO;EPE;J25;ZN,Homo sapiens,Crystal structure of the catalytic domain of PDE4D2 complexed with compound 10d,cif,data/target_db/cache/rcsb/PDE4D/3SL5.cif,https://files.rcsb.org/download/3SL5.cif,1,0,1,Experimental RCSB structure imported by bulk sync; resolution 2.65 A; ligand(s): DMS;EDO;EPE;J25;ZN; candidate for docking review.
PDE4D,3SL6,RCSB_PDB,experimental,X-ray,2.44,A;B;C;D,DMS;EDO;EPE;JN8;ZN,Homo sapiens,Crystal structure of the catalytic domain of PDE4D2 with compound 12c,cif,data/target_db/cache/rcsb/PDE4D/3SL6.cif,https://files.rcsb.org/download/3SL6.cif,1,0,1,Experimental RCSB structure imported by bulk sync; resolution 2.44 A; ligand(s): DMS;EDO;EPE;JN8;ZN; candidate for docking review.
PDE4D,3SL8,RCSB_PDB,experimental,X-ray,2.6,A;B;C;D,DMS;EDO;JN7;PEG;PO4;ZN,Homo sapiens,Crystal structure of the catalytic domain of PDE4D2 with compound 10o,cif,data/target_db/cache/rcsb/PDE4D/3SL8.cif,https://files.rcsb.org/download/3SL8.cif,1,0,1,Experimental RCSB structure imported by bulk sync; resolution 2.6 A; ligand(s): DMS;EDO;JN7;PEG;PO4;ZN; candidate for docking review.
PDE4D,3V9B,RCSB_PDB,experimental,X-ray,2.1,A;B;C;D,IHM;ZN,Homo sapiens,Crystal structure of the catalytic domain of PDE4D2 with (S)-N-(3-{1-[1-(3-Cyclopropylmethoxy-4-difluoromethoxyphenyl)-2-(1-oxypyridin-4-yl)-ethyl]-1H-pyrazl-3-yl}phenyl)acetamide,cif,data/target_db/cache/rcsb/PDE4D/3V9B.cif,https://files.rcsb.org/download/3V9B.cif,1,0,1,Experimental RCSB structure imported by bulk sync; resolution 2.1 A; ligand(s): IHM;ZN; candidate for docking review.
PDE4D,4OGB,RCSB_PDB,experimental,X-ray,2.032,A;B;C;D,2SR;DMS;EDO;EPE;PEG;ZN,Homo sapiens,Crystal structure of the catalytic domain of PDE4D2 with compound 2,cif,data/target_db/cache/rcsb/PDE4D/4OGB.cif,https://files.rcsb.org/download/4OGB.cif,1,0,1,Experimental RCSB structure imported by bulk sync; resolution 2.032 A; ligand(s): 2SR;DMS;EDO;EPE;PEG;ZN; candidate for docking review.
PDE4D,4W1O,RCSB_PDB,experimental,X-ray,2.2,A;B;C;D,3GJ;ZN,Homo sapiens,PDE4D complexed with inhibitor,cif,data/target_db/cache/rcsb/PDE4D/4W1O.cif,https://files.rcsb.org/download/4W1O.cif,1,0,1,Experimental RCSB structure imported by bulk sync; resolution 2.2 A; ligand(s): 3GJ;ZN; candidate for docking review.
PDE4D,4WCU,RCSB_PDB,experimental,X-ray,2.35,A;B;C;D,3KQ;MG;ZN,Homo sapiens,PDE4 complexed with inhibitor,cif,data/target_db/cache/rcsb/PDE4D/4WCU.cif,https://files.rcsb.org/download/4WCU.cif,1,0,1,Experimental RCSB structure imported by bulk sync; resolution 2.35 A; ligand(s): 3KQ;MG;ZN; candidate for docking review.
PDE4D,5K1I,RCSB_PDB,experimental,X-ray,2.61,A;B;C;D;E;F;G;H,6PT;MG;ZN,Homo sapiens,PDE4 crystal structure in complex with small molecule inhibitor,cif,data/target_db/cache/rcsb/PDE4D/5K1I.cif,https://files.rcsb.org/download/5K1I.cif,1,0,1,Experimental RCSB structure imported by bulk sync; resolution 2.61 A; ligand(s): 6PT;MG;ZN; candidate for docking review.
PDE4D,5K32,RCSB_PDB,experimental,X-ray,1.99,A;B,6Q2;EDO;MG;ZN,Homo sapiens,PDE4D crystal structure in complex with small molecule inhibitor,cif,data/target_db/cache/rcsb/PDE4D/5K32.cif,https://files.rcsb.org/download/5K32.cif,1,0,1,Experimental RCSB structure imported by bulk sync; resolution 1.99 A; ligand(s): 6Q2;EDO;MG;ZN; candidate for docking review.
PDE4D,5LBO,RCSB_PDB,experimental,X-ray,2.25,A;B;C;D,6M5;DTT;EDO;EPE;MG;PEG;ZN,Homo sapiens,Crystal structure of human phosphodiesterase 4D2 catalytic domain with inhibitor NPD-001,cif,data/target_db/cache/rcsb/PDE4D/5LBO.cif,https://files.rcsb.org/download/5LBO.cif,1,0,1,Experimental RCSB structure imported by bulk sync; resolution 2.25 A; ligand(s): 6M5;DTT;EDO;EPE;MG;PEG;ZN; candidate for docking review.
PDE4D,5TKB,RCSB_PDB,experimental,X-ray,2.16,A;B;C;D,7DJ;EOH;MG;SO4;ZN,Homo sapiens,CRYSTAL STRUCTURE OF HUMAN PHOSPHODIESTERASE 4D IN COMPLEX WITH A TETRAFLUORANLINE COMPOUND,cif,data/target_db/cache/rcsb/PDE4D/5TKB.cif,https://files.rcsb.org/download/5TKB.cif,1,0,1,Experimental RCSB structure imported by bulk sync; resolution 2.16 A; ligand(s): 7DJ;EOH;MG;SO4;ZN; candidate for docking review.
PDE4D,5WH5,RCSB_PDB,experimental,X-ray,1.8,A;B,MG;R91;ZN,Homo sapiens,Crystal structure of the PDE4D2 catalytic domain in complex with inhibitor (R)-Zl-n-91,cif,data/target_db/cache/rcsb/PDE4D/5WH5.cif,https://files.rcsb.org/download/5WH5.cif,1,0,1,Experimental RCSB structure imported by bulk sync; resolution 1.8 A; ligand(s): MG;R91;ZN; candidate for docking review.
PDE4D,5WH6,RCSB_PDB,experimental,X-ray,1.6,A;B,AKJ;MG;ZN,Homo sapiens,Crystal structure of PDE4D2 in complex with inhibitor (S_Zl-n-91),cif,data/target_db/cache/rcsb/PDE4D/5WH6.cif,https://files.rcsb.org/download/5WH6.cif,1,0,1,Experimental RCSB structure imported by bulk sync; resolution 1.6 A; ligand(s): AKJ;MG;ZN; candidate for docking review.
PDE4D,5WQA,RCSB_PDB,experimental,X-ray,2.3,A;B,J20;MG;ZN,Homo sapiens,Crystal structure of PDE4D catalytic domain complexed with Selaginpulvilins K,cif,data/target_db/cache/rcsb/PDE4D/5WQA.cif,https://files.rcsb.org/download/5WQA.cif,1,0,1,Experimental RCSB structure imported by bulk sync; resolution 2.3 A; ligand(s): J20;MG;ZN; candidate for docking review.
PDE4D,6AKR,RCSB_PDB,experimental,X-ray,2.326,A;B;C;D,A0O;ZN,Homo sapiens,Crystal structure of the PDE4D catalytic domain in complex with osthole,cif,data/target_db/cache/rcsb/PDE4D/6AKR.cif,https://files.rcsb.org/download/6AKR.cif,1,0,1,Experimental RCSB structure imported by bulk sync; resolution 2.326 A; ligand(s): A0O;ZN; candidate for docking review.
PDE4D,6BOJ,RCSB_PDB,experimental,X-ray,1.7,A;B;C;D,CL;E31;MG;MPD;ZN,Homo sapiens,Crystal Structure of the PDE4D Catalytic Domain and UCR2 Regulatory Helix with BPN5004,cif,data/target_db/cache/rcsb/PDE4D/6BOJ.cif,https://files.rcsb.org/download/6BOJ.cif,1,0,1,Experimental RCSB structure imported by bulk sync; resolution 1.7 A; ligand(s): CL;E31;MG;MPD;ZN; candidate for docking review.
PDE4D,6F6U,RCSB_PDB,experimental,X-ray,1.828,A;B,CV8;GOL;MG;ZN,Homo sapiens,Crystal structure of the PDE4D catalytic domain in complex with GEBR-7b,cif,data/target_db/cache/rcsb/PDE4D/6F6U.cif,https://files.rcsb.org/download/6F6U.cif,1,0,1,Experimental RCSB structure imported by bulk sync; resolution 1.828 A; ligand(s): CV8;GOL;MG;ZN; candidate for docking review.
PDE4D,6F8R,RCSB_PDB,experimental,X-ray,1.826,A;B,CZK;EDO;MG;ZN,Homo sapiens,Crystal structure of the PDE4D catalytic domain in complex with GEBR-54,cif,data/target_db/cache/rcsb/PDE4D/6F8R.cif,https://files.rcsb.org/download/6F8R.cif,1,0,1,Experimental RCSB structure imported by bulk sync; resolution 1.826 A; ligand(s): CZK;EDO;MG;ZN; candidate for docking review.
PDE4D,6F8T,RCSB_PDB,experimental,X-ray,1.8,A;B,CZT;MG;ZN,Homo sapiens,Crystal structure of the PDE4D catalytic domain in complex with GEBR-4a,cif,data/target_db/cache/rcsb/PDE4D/6F8T.cif,https://files.rcsb.org/download/6F8T.cif,1,0,1,Experimental RCSB structure imported by bulk sync; resolution 1.8 A; ligand(s): CZT;MG;ZN; candidate for docking review.
PDE4D,6F8U,RCSB_PDB,experimental,X-ray,2.1,A;B,CZQ;MG;ZN,Homo sapiens,Crystal structure of the PDE4D catalytic domain in complex with GEBR-20b,cif,data/target_db/cache/rcsb/PDE4D/6F8U.cif,https://files.rcsb.org/download/6F8U.cif,1,0,1,Experimental RCSB structure imported by bulk sync; resolution 2.1 A; ligand(s): CZQ;MG;ZN; candidate for docking review.
PDE4D,6F8V,RCSB_PDB,experimental,X-ray,1.85,A;B,D0B;MG;ZN,Homo sapiens,Crystal structure of the PDE4D catalytic domain in complex with GEBR-18b,cif,data/target_db/cache/rcsb/PDE4D/6F8V.cif,https://files.rcsb.org/download/6F8V.cif,1,0,1,Experimental RCSB structure imported by bulk sync; resolution 1.85 A; ligand(s): D0B;MG;ZN; candidate for docking review.
PDE4D,6F8W,RCSB_PDB,experimental,X-ray,1.601,A;B,D0E;MG;ZN,Homo sapiens,Crystal structure of the PDE4D catalytic domain in complex with GEBR-18a,cif,data/target_db/cache/rcsb/PDE4D/6F8W.cif,https://files.rcsb.org/download/6F8W.cif,1,0,1,Experimental RCSB structure imported by bulk sync; resolution 1.601 A; ligand(s): D0E;MG;ZN; candidate for docking review.
PDE4D,6F8X,RCSB_PDB,experimental,X-ray,1.95,A;B,D08;DMS;EDO;MG;ZN,Homo sapiens,Crystal structure of the PDE4D catalytic domain in complex with GEBR-26g,cif,data/target_db/cache/rcsb/PDE4D/6F8X.cif,https://files.rcsb.org/download/6F8X.cif,1,0,1,Experimental RCSB structure imported by bulk sync; resolution 1.95 A; ligand(s): D08;DMS;EDO;MG;ZN; candidate for docking review.
PDE4D,6FDC,RCSB_PDB,experimental,X-ray,1.45,A;B,D5N;DD5;EDO;MG;ZN,Homo sapiens,Crystal structure of the PDE4D catalytic domain in complex with GEBR-32a,cif,data/target_db/cache/rcsb/PDE4D/6FDC.cif,https://files.rcsb.org/download/6FDC.cif,1,0,1,Experimental RCSB structure imported by bulk sync; resolution 1.45 A; ligand(s): D5N;DD5;EDO;MG;ZN; candidate for docking review.
PDE4D,6FDI,RCSB_PDB,experimental,X-ray,1.9,A;B;C;D,D5T;EDO;EPE;MG;PEG;PG4;ZN,Homo sapiens,Crystal structure of human phosphodiesterase 4D2 catalytic domain with inhibitor NPD-226,cif,data/target_db/cache/rcsb/PDE4D/6FDI.cif,https://files.rcsb.org/download/6FDI.cif,1,0,1,Experimental RCSB structure imported by bulk sync; resolution 1.9 A; ligand(s): D5T;EDO;EPE;MG;PEG;PG4;ZN; candidate for docking review.
PDE4D,6FE7,RCSB_PDB,experimental,X-ray,2.0,A;B;C;D,D62;EDO;EPE;MG;PEG;PG4;ZN,Homo sapiens,Crystal structure of human phosphodiesterase 4D2 catalytic domain with inhibitor NPD-356,cif,data/target_db/cache/rcsb/PDE4D/6FE7.cif,https://files.rcsb.org/download/6FE7.cif,1,0,1,Experimental RCSB structure imported by bulk sync; resolution 2.0 A; ligand(s): D62;EDO;EPE;MG;PEG;PG4;ZN; candidate for docking review.
PDE4D,6FEB,RCSB_PDB,experimental,X-ray,1.93,A;B,D5Z;EDO;EPE;MG;ZN,Homo sapiens,Crystal structure of human phosphodiesterase 4D2 catalytic domain with inhibitor NPD-1086,cif,data/target_db/cache/rcsb/PDE4D/6FEB.cif,https://files.rcsb.org/download/6FEB.cif,1,0,1,Experimental RCSB structure imported by bulk sync; resolution 1.93 A; ligand(s): D5Z;EDO;EPE;MG;ZN; candidate for docking review.
PDE4D,6FET,RCSB_PDB,experimental,X-ray,1.88,A;B;C;D,D68;EDO;EPE;MG;NI;PEG;PG4;ZN,Homo sapiens,Crystal structure of human phosphodiesterase 4D2 catalytic domain with inhibitor NPD-1439,cif,data/target_db/cache/rcsb/PDE4D/6FET.cif,https://files.rcsb.org/download/6FET.cif,1,0,1,Experimental RCSB structure imported by bulk sync; resolution 1.88 A; ligand(s): D68;EDO;EPE;MG;NI;PEG;PG4;ZN; candidate for docking review.
PDE4D,6FT0,RCSB_PDB,experimental,X-ray,2.1,A;B;C;D,E6E;EDO;EPE;MG;PEG;ZN,Homo sapiens,Crystal structure of human phosphodiesterase 4D2 catalytic domain with inhibitor NPD-425,cif,data/target_db/cache/rcsb/PDE4D/6FT0.cif,https://files.rcsb.org/download/6FT0.cif,1,0,1,Experimental RCSB structure imported by bulk sync; resolution 2.1 A; ligand(s): E6E;EDO;EPE;MG;PEG;ZN; candidate for docking review.
PDE4D,6FTA,RCSB_PDB,experimental,X-ray,2.34,A;B;C;D,E6N;EDO;EPE;MG;PEG;ZN,Homo sapiens,Crystal structure of human phosphodiesterase 4D2 catalytic domain with inhibitor NPD-3098,cif,data/target_db/cache/rcsb/PDE4D/6FTA.cif,https://files.rcsb.org/download/6FTA.cif,1,0,1,Experimental RCSB structure imported by bulk sync; resolution 2.34 A; ligand(s): E6N;EDO;EPE;MG;PEG;ZN; candidate for docking review.
PDE4D,6FTW,RCSB_PDB,experimental,X-ray,2.16,A;B;C;D,E6Z;EDO;EPE;MG;ZN,Homo sapiens,Crystal structure of human phosphodiesterase 4D2 catalytic domain with inhibitor NPD-048,cif,data/target_db/cache/rcsb/PDE4D/6FTW.cif,https://files.rcsb.org/download/6FTW.cif,1,0,1,Experimental RCSB structure imported by bulk sync; resolution 2.16 A; ligand(s): E6Z;EDO;EPE;MG;ZN; candidate for docking review.
PDE4D,6FW3,RCSB_PDB,experimental,X-ray,1.78,A;B;C;D,E8H;EDO;EPE;MG;PEG;PG4;ZN,Homo sapiens,Crystal structure of human phosphodiesterase 4D2 catalytic domain with inhibitor NPD-007,cif,data/target_db/cache/rcsb/PDE4D/6FW3.cif,https://files.rcsb.org/download/6FW3.cif,1,0,1,Experimental RCSB structure imported by bulk sync; resolution 1.78 A; ligand(s): E8H;EDO;EPE;MG;PEG;PG4;ZN; candidate for docking review.
PDE4D,6HWO,RCSB_PDB,experimental,X-ray,1.99,A;B;C;D,DMS;EDO;EPE;FFZ;MG;PEG;ZN,Homo sapiens,Crystal structure of human phosphodiesterase 4D2 catalytic domain with inhibitor NPD-1335,cif,data/target_db/cache/rcsb/PDE4D/6HWO.cif,https://files.rcsb.org/download/6HWO.cif,1,0,1,Experimental RCSB structure imported by bulk sync; resolution 1.99 A; ligand(s): DMS;EDO;EPE;FFZ;MG;PEG;ZN; candidate for docking review.
PDE4D,6IAG,RCSB_PDB,experimental,X-ray,2.0,A;B;C;D,E3Q;EDO;EPE;MG;PEG;ZN,Homo sapiens,Crystal structure of human phosphodiesterase 4D2 catalytic domain with inhibitor NPD-637,cif,data/target_db/cache/rcsb/PDE4D/6IAG.cif,https://files.rcsb.org/download/6IAG.cif,1,0,1,Experimental RCSB structure imported by bulk sync; resolution 2.0 A; ligand(s): E3Q;EDO;EPE;MG;PEG;ZN; candidate for docking review.
PDE4D,6IBF,RCSB_PDB,experimental,X-ray,2.31,A;B;C;D,4I7;EDO;EPE;MG;PEG;ZN,Homo sapiens,Crystal structure of human phosphodiesterase 4D2 catalytic domain with inhibitor NPD-417,cif,data/target_db/cache/rcsb/PDE4D/6IBF.cif,https://files.rcsb.org/download/6IBF.cif,1,0,1,Experimental RCSB structure imported by bulk sync; resolution 2.31 A; ligand(s): 4I7;EDO;EPE;MG;PEG;ZN; candidate for docking review.
PDE4D,6IM6,RCSB_PDB,experimental,X-ray,1.702,A;B,AH3;EDO;MG;ZN,Homo sapiens,Crystal structure of PDE4D complexed with a novel inhibitor,cif,data/target_db/cache/rcsb/PDE4D/6IM6.cif,https://files.rcsb.org/download/6IM6.cif,1,0,1,Experimental RCSB structure imported by bulk sync; resolution 1.702 A; ligand(s): AH3;EDO;MG;ZN; candidate for docking review.
PDE4D,6IMB,RCSB_PDB,experimental,X-ray,1.549,A;B,AH9;EDO;MG;ZN,Homo sapiens,Crystal structure of PDE4D complexed with a novel inhibitor,cif,data/target_db/cache/rcsb/PDE4D/6IMB.cif,https://files.rcsb.org/download/6IMB.cif,1,0,1,Experimental RCSB structure imported by bulk sync; resolution 1.549 A; ligand(s): AH9;EDO;MG;ZN; candidate for docking review.
PDE4D,6IMD,RCSB_PDB,experimental,X-ray,1.499,A;B,AH9;EDO;MG;ZN,Homo sapiens,Crystal structure of PDE4D complexed with a novel inhibitor,cif,data/target_db/cache/rcsb/PDE4D/6IMD.cif,https://files.rcsb.org/download/6IMD.cif,1,0,1,Experimental RCSB structure imported by bulk sync; resolution 1.499 A; ligand(s): AH9;EDO;MG;ZN; candidate for docking review.
PDE4D,6IMI,RCSB_PDB,experimental,X-ray,1.46,A;B,AH6;EDO;MG;ZN,Homo sapiens,Crystal structure of PDE4D complexed with a novel inhibitor,cif,data/target_db/cache/rcsb/PDE4D/6IMI.cif,https://files.rcsb.org/download/6IMI.cif,1,0,1,Experimental RCSB structure imported by bulk sync; resolution 1.46 A; ligand(s): AH6;EDO;MG;ZN; candidate for docking review.
PDE4D,6IMO,RCSB_PDB,experimental,X-ray,1.55,A;B,AJL;EDO;MG;ZN,Homo sapiens,Crystal structure of PDE4D complexed with a novel inhibitor,cif,data/target_db/cache/rcsb/PDE4D/6IMO.cif,https://files.rcsb.org/download/6IMO.cif,1,0,1,Experimental RCSB structure imported by bulk sync; resolution 1.55 A; ligand(s): AJL;EDO;MG;ZN; candidate for docking review.
PDE4D,6IMR,RCSB_PDB,experimental,X-ray,1.503,A;B,AJX;EDO;MG;ZN,Homo sapiens,Crystal structure of PDE4D complexed with a novel inhibitor,cif,data/target_db/cache/rcsb/PDE4D/6IMR.cif,https://files.rcsb.org/download/6IMR.cif,1,0,1,Experimental RCSB structure imported by bulk sync; resolution 1.503 A; ligand(s): AJX;EDO;MG;ZN; candidate for docking review.
PDE4D,6IMT,RCSB_PDB,experimental,X-ray,1.483,A;B,AK0;EDO;MG;ZN,Homo sapiens,Crystal structure of PDE4D complexed with a novel inhibitor,cif,data/target_db/cache/rcsb/PDE4D/6IMT.cif,https://files.rcsb.org/download/6IMT.cif,1,0,1,Experimental RCSB structure imported by bulk sync; resolution 1.483 A; ligand(s): AK0;EDO;MG;ZN; candidate for docking review.
PDE4D,6IND,RCSB_PDB,experimental,X-ray,1.872,A;B,AKO;EDO;MG;ZN,Homo sapiens,Crystal structure of PDE4D complexed with a novel inhibitor,cif,data/target_db/cache/rcsb/PDE4D/6IND.cif,https://files.rcsb.org/download/6IND.cif,1,0,1,Experimental RCSB structure imported by bulk sync; resolution 1.872 A; ligand(s): AKO;EDO;MG;ZN; candidate for docking review.
PDE4D,6INK,RCSB_PDB,experimental,X-ray,1.7,A;B,AKU;EDO;MG;ZN,Homo sapiens,Crystal structure of PDE4D complexed with a novel inhibitor,cif,data/target_db/cache/rcsb/PDE4D/6INK.cif,https://files.rcsb.org/download/6INK.cif,1,0,1,Experimental RCSB structure imported by bulk sync; resolution 1.7 A; ligand(s): AKU;EDO;MG;ZN; candidate for docking review.
PDE4D,6INM,RCSB_PDB,experimental,X-ray,1.999,A;B,AKU;EDO;MG;ZN,Homo sapiens,Crystal structure of PDE4D complexed with a novel inhibitor,cif,data/target_db/cache/rcsb/PDE4D/6INM.cif,https://files.rcsb.org/download/6INM.cif,1,0,1,Experimental RCSB structure imported by bulk sync; resolution 1.999 A; ligand(s): AKU;EDO;MG;ZN; candidate for docking review.
PDE4D,6KJZ,RCSB_PDB,experimental,X-ray,2.20000094865,A;B,A1L61;MG;ZN,Homo sapiens,Crystal structure of PDE4D catalytic domain complexed with compound 1,cif,data/target_db/cache/rcsb/PDE4D/6KJZ.cif,https://files.rcsb.org/download/6KJZ.cif,1,0,1,Experimental RCSB structure imported by bulk sync; resolution 2.20000094865 A; ligand(s): A1L61;MG;ZN; candidate for docking review.
PDE4D,6KK0,RCSB_PDB,experimental,X-ray,2.20008760676,A;B,M36;MG;ZN,Homo sapiens,Crystal structure of PDE4D catalytic domain complexed with compound 4e,cif,data/target_db/cache/rcsb/PDE4D/6KK0.cif,https://files.rcsb.org/download/6KK0.cif,1,0,1,Experimental RCSB structure imported by bulk sync; resolution 2.20008760676 A; ligand(s): M36;MG;ZN; candidate for docking review.
PDE4D,6LRM,RCSB_PDB,experimental,X-ray,1.45,A;B,EDO;EQC;MG;ZN,Homo sapiens,Crystal structure of PDE4D catalytic domain in complex with arctigenin,cif,data/target_db/cache/rcsb/PDE4D/6LRM.cif,https://files.rcsb.org/download/6LRM.cif,1,0,1,Experimental RCSB structure imported by bulk sync; resolution 1.45 A; ligand(s): EDO;EQC;MG;ZN; candidate for docking review.
PDE4D,6NJH,RCSB_PDB,experimental,X-ray,2.15,A;B;C;D,KRD;MG;ZN,Homo sapiens,Crystal Structure of the PDE4D Catalytic Domain and UCR2 Regulatory Helix with T-48,cif,data/target_db/cache/rcsb/PDE4D/6NJH.cif,https://files.rcsb.org/download/6NJH.cif,1,0,1,Experimental RCSB structure imported by bulk sync; resolution 2.15 A; ligand(s): KRD;MG;ZN; candidate for docking review.
PDE4D,6NJI,RCSB_PDB,experimental,X-ray,2.45,A;B,KR4;MG;ZN,Homo sapiens,Crystal Structure of the PDE4D Catalytic Domain and UCR2 Regulatory Helix with T-49,cif,data/target_db/cache/rcsb/PDE4D/6NJI.cif,https://files.rcsb.org/download/6NJI.cif,1,0,1,Experimental RCSB structure imported by bulk sync; resolution 2.45 A; ligand(s): KR4;MG;ZN; candidate for docking review.
PDE4D,6NJJ,RCSB_PDB,experimental,X-ray,2.3,A;B;C;D,BTB;EDO;KR7;MG;SO4;ZN,Homo sapiens,Crystal Structure of the PDE4D Catalytic Domain and UCR2 Regulatory Helix with BPN14770,cif,data/target_db/cache/rcsb/PDE4D/6NJJ.cif,https://files.rcsb.org/download/6NJJ.cif,1,0,1,Experimental RCSB structure imported by bulk sync; resolution 2.3 A; ligand(s): BTB;EDO;KR7;MG;SO4;ZN; candidate for docking review.
PDE4D,6RCW,RCSB_PDB,experimental,X-ray,2.08,A;B;C;D,DTT;EDO;EPE;JX2;MG;PEG;ZN,Homo sapiens,Crystal structure of human phosphodiesterase 4D2 catalytic domain with inhibitor NPD-053,cif,data/target_db/cache/rcsb/PDE4D/6RCW.cif,https://files.rcsb.org/download/6RCW.cif,1,0,1,Experimental RCSB structure imported by bulk sync; resolution 2.08 A; ligand(s): DTT;EDO;EPE;JX2;MG;PEG;ZN; candidate for docking review.
PDE4D,6ZBA,RCSB_PDB,experimental,X-ray,1.6,AAA;BBB;CCC;DDD,DMS;EDO;MG;QDT;ZN,Homo sapiens,Crystal structure of PDE4D2 in complex with inhibitor LEO39652,cif,data/target_db/cache/rcsb/PDE4D/6ZBA.cif,https://files.rcsb.org/download/6ZBA.cif,1,0,1,Experimental RCSB structure imported by bulk sync; resolution 1.6 A; ligand(s): DMS;EDO;MG;QDT;ZN; candidate for docking review.
PDE4D,7A8Q,RCSB_PDB,experimental,X-ray,2.24,A;B;C;D,EDO;EPE;MG;PEG;R4H;ZN,Homo sapiens,Crystal structure of human phosphodiesterase 4D2 catalytic domain with inhibitor NPD-654,cif,data/target_db/cache/rcsb/PDE4D/7A8Q.cif,https://files.rcsb.org/download/7A8Q.cif,1,0,1,Experimental RCSB structure imported by bulk sync; resolution 2.24 A; ligand(s): EDO;EPE;MG;PEG;R4H;ZN; candidate for docking review.
PDE4D,7A9V,RCSB_PDB,experimental,X-ray,2.17,A;B;C;D,EDO;EPE;MG;PEG;R5Z;ZN,Homo sapiens,Crystal structure of human phosphodiesterase 4D2 catalytic domain with inhibitor NPD-635,cif,data/target_db/cache/rcsb/PDE4D/7A9V.cif,https://files.rcsb.org/download/7A9V.cif,1,0,1,Experimental RCSB structure imported by bulk sync; resolution 2.17 A; ligand(s): EDO;EPE;MG;PEG;R5Z;ZN; candidate for docking review.
PDE4D,7AAG,RCSB_PDB,experimental,X-ray,1.79,A;B;C;D,DMS;EDO;EPE;ILE;MG;PEG;PRO;QWT;ZN,Homo sapiens,Crystal structure of human phosphodiesterase 4D2 catalytic domain with inhibitor NPD-617,cif,data/target_db/cache/rcsb/PDE4D/7AAG.cif,https://files.rcsb.org/download/7AAG.cif,1,0,1,Experimental RCSB structure imported by bulk sync; resolution 1.79 A; ligand(s): DMS;EDO;EPE;ILE;MG;PEG;PRO;QWT; candidate for docking review.
PDE4D,7AB9,RCSB_PDB,experimental,X-ray,2.19,A;B;C;D,EDO;EPE;MG;QWZ;ZN,Homo sapiens,Crystal structure of human phosphodiesterase 4D2 catalytic domain with inhibitor NPD-656,cif,data/target_db/cache/rcsb/PDE4D/7AB9.cif,https://files.rcsb.org/download/7AB9.cif,1,0,1,Experimental RCSB structure imported by bulk sync; resolution 2.19 A; ligand(s): EDO;EPE;MG;QWZ;ZN; candidate for docking review.
PDE4D,7ABD,RCSB_PDB,experimental,X-ray,2.41,A;B;C;D,EDO;EPE;MG;PEG;RLW;ZN,Homo sapiens,Crystal structure of human phosphodiesterase 4D2 catalytic domain with inhibitor NPD-768,cif,data/target_db/cache/rcsb/PDE4D/7ABD.cif,https://files.rcsb.org/download/7ABD.cif,1,0,1,Experimental RCSB structure imported by bulk sync; resolution 2.41 A; ligand(s): EDO;EPE;MG;PEG;RLW;ZN; candidate for docking review.
PDE4D,7ABE,RCSB_PDB,experimental,X-ray,1.83,A;B;C;D,DMS;EDO;EPE;J2E;MG;PEG;ZN,Homo sapiens,Crystal structure of human phosphodiesterase 4D2 catalytic domain with inhibitor NPD-769,cif,data/target_db/cache/rcsb/PDE4D/7ABE.cif,https://files.rcsb.org/download/7ABE.cif,1,0,1,Experimental RCSB structure imported by bulk sync; resolution 1.83 A; ligand(s): DMS;EDO;EPE;J2E;MG;PEG;ZN; candidate for docking review.
PDE4D,7ABJ,RCSB_PDB,experimental,X-ray,2.11,A;B;C;D,863;DMS;EDO;EPE;MG;PEG;ZN,Homo sapiens,Crystal structure of human phosphodiesterase 4D2 catalytic domain with inhibitor NPD-1361,cif,data/target_db/cache/rcsb/PDE4D/7ABJ.cif,https://files.rcsb.org/download/7ABJ.cif,1,0,1,Experimental RCSB structure imported by bulk sync; resolution 2.11 A; ligand(s): 863;DMS;EDO;EPE;MG;PEG;ZN; candidate for docking review.
PDE4D,7AY6,RCSB_PDB,experimental,X-ray,1.66,A;B,EDO;MG;S8Q;ZN,Homo sapiens,Crystal structure of the PDE4D catalytic domain in complex with GEBR-41b,cif,data/target_db/cache/rcsb/PDE4D/7AY6.cif,https://files.rcsb.org/download/7AY6.cif,1,0,1,Experimental RCSB structure imported by bulk sync; resolution 1.66 A; ligand(s): EDO;MG;S8Q;ZN; candidate for docking review.
PDE4D,7B9H,RCSB_PDB,experimental,X-ray,1.5,A;B,EDO;MG;T3K;ZN,Homo sapiens,Crystal structure of the PDE4D catalytic domain in complex with GEBR-42a,cif,data/target_db/cache/rcsb/PDE4D/7B9H.cif,https://files.rcsb.org/download/7B9H.cif,1,0,1,Experimental RCSB structure imported by bulk sync; resolution 1.5 A; ligand(s): EDO;MG;T3K;ZN; candidate for docking review.
PDE4D,7CBJ,RCSB_PDB,experimental,X-ray,1.5,A;B,EDO;FTX;MG;ZN,Homo sapiens,Crystal structure of PDE4D catalytic domain in complex with compound 36,cif,data/target_db/cache/rcsb/PDE4D/7CBJ.cif,https://files.rcsb.org/download/7CBJ.cif,1,0,1,Experimental RCSB structure imported by bulk sync; resolution 1.5 A; ligand(s): EDO;FTX;MG;ZN; candidate for docking review.
PDE4D,7CBQ,RCSB_PDB,experimental,X-ray,1.59,A;B,A9L;EDO;MG;ZN,Homo sapiens,Crystal structure of PDE4D catalytic domain in complex with Apremilast,cif,data/target_db/cache/rcsb/PDE4D/7CBQ.cif,https://files.rcsb.org/download/7CBQ.cif,1,0,1,Experimental RCSB structure imported by bulk sync; resolution 1.59 A; ligand(s): A9L;EDO;MG;ZN; candidate for docking review.
PDE4D,7F2K,RCSB_PDB,experimental,X-ray,2.10001966681,A;B,0X8;MG;ZN,Homo sapiens,Crystal structure of PDE4D catalytic domain complexed with compound 17a,cif,data/target_db/cache/rcsb/PDE4D/7F2K.cif,https://files.rcsb.org/download/7F2K.cif,1,0,1,Experimental RCSB structure imported by bulk sync; resolution 2.10001966681 A; ligand(s): 0X8;MG;ZN; candidate for docking review.
PDE4D,7F2L,RCSB_PDB,experimental,X-ray,2.10111436093,A;B,1AS;MG;ZN,Homo sapiens,Crystal structure of PDE4D catalytic domain complexed with compound 18a,cif,data/target_db/cache/rcsb/PDE4D/7F2L.cif,https://files.rcsb.org/download/7F2L.cif,1,0,1,Experimental RCSB structure imported by bulk sync; resolution 2.10111436093 A; ligand(s): 1AS;MG;ZN; candidate for docking review.
PDE4D,7F2M,RCSB_PDB,experimental,X-ray,2.20004160481,A;B,1GF;MG;ZN,Homo sapiens,Crystal structure of PDE4D catalytic domain complexed with compound 18d,cif,data/target_db/cache/rcsb/PDE4D/7F2M.cif,https://files.rcsb.org/download/7F2M.cif,1,0,1,Experimental RCSB structure imported by bulk sync; resolution 2.20004160481 A; ligand(s): 1GF;MG;ZN; candidate for docking review.
PDE4D,7W4X,RCSB_PDB,experimental,X-ray,2.20007326465,A;B,8G7;MG;ZN,Homo sapiens,Crystal structure of PDE4D catalytic domain complexed with 17,cif,data/target_db/cache/rcsb/PDE4D/7W4X.cif,https://files.rcsb.org/download/7W4X.cif,1,0,1,Experimental RCSB structure imported by bulk sync; resolution 2.20007326465 A; ligand(s): 8G7;MG;ZN; candidate for docking review.
PDE4D,7W4Y,RCSB_PDB,experimental,X-ray,2.10002940118,A;B,8GO;MG;ZN,Homo sapiens,Crystal structure of PDE4D catalytic domain complexed with 33a,cif,data/target_db/cache/rcsb/PDE4D/7W4Y.cif,https://files.rcsb.org/download/7W4Y.cif,1,0,1,Experimental RCSB structure imported by bulk sync; resolution 2.10002940118 A; ligand(s): 8GO;MG;ZN; candidate for docking review.
PDE4D,7XAA,RCSB_PDB,experimental,X-ray,2.10041402486,A;B,AQL;MG;ZN,Homo sapiens,Crystal structure of PDE4D catalytic domain complexed with compound 21d,cif,data/target_db/cache/rcsb/PDE4D/7XAA.cif,https://files.rcsb.org/download/7XAA.cif,1,0,1,Experimental RCSB structure imported by bulk sync; resolution 2.10041402486 A; ligand(s): AQL;MG;ZN; candidate for docking review.
PDE4D,7XAB,RCSB_PDB,experimental,X-ray,2.00067450802,A;B,AWI;MG;ZN,Homo sapiens,Crystal structure of PDE4D catalytic domain complexed with compound 22d,cif,data/target_db/cache/rcsb/PDE4D/7XAB.cif,https://files.rcsb.org/download/7XAB.cif,1,0,1,Experimental RCSB structure imported by bulk sync; resolution 2.00067450802 A; ligand(s): AWI;MG;ZN; candidate for docking review.
PDE4D,7XBB,RCSB_PDB,experimental,X-ray,2.10000900931,A;B,B6V;MG;ZN,Homo sapiens,Crystal structure of PDE4D catalytic domain complexed with compound 23a,cif,data/target_db/cache/rcsb/PDE4D/7XBB.cif,https://files.rcsb.org/download/7XBB.cif,1,0,1,Experimental RCSB structure imported by bulk sync; resolution 2.10000900931 A; ligand(s): B6V;MG;ZN; candidate for docking review.
PDE4D,7YQF,RCSB_PDB,experimental,X-ray,1.54,A;B,EDO;JN0;MG;ZN,Homo sapiens,Crystal structure of PDE4D complexed with glycyrrhisoflavone,cif,data/target_db/cache/rcsb/PDE4D/7YQF.cif,https://files.rcsb.org/download/7YQF.cif,1,0,1,Experimental RCSB structure imported by bulk sync; resolution 1.54 A; ligand(s): EDO;JN0;MG;ZN; candidate for docking review.
PDE4D,7YSX,RCSB_PDB,experimental,X-ray,1.65,A;B,EDO;JU3;MG;ZN,Homo sapiens,Crystal structure of PDE4D complexed with licoisoflavone A,cif,data/target_db/cache/rcsb/PDE4D/7YSX.cif,https://files.rcsb.org/download/7YSX.cif,1,0,1,Experimental RCSB structure imported by bulk sync; resolution 1.65 A; ligand(s): EDO;JU3;MG;ZN; candidate for docking review.
PDE4D,8K4C,RCSB_PDB,experimental,X-ray,2.1,A;B,EDO;MG;VIC;ZN,Homo sapiens,Crystal structure of PDE4D complexed with ethaverine hydrochloride,cif,data/target_db/cache/rcsb/PDE4D/8K4C.cif,https://files.rcsb.org/download/8K4C.cif,1,0,1,Experimental RCSB structure imported by bulk sync; resolution 2.1 A; ligand(s): EDO;MG;VIC;ZN; candidate for docking review.
PDE4D,8K4H,RCSB_PDB,experimental,X-ray,1.95,A;B,EDO;MG;R75;ZN,Homo sapiens,Crystal structure of PDE4D complexed with benzbromarone,cif,data/target_db/cache/rcsb/PDE4D/8K4H.cif,https://files.rcsb.org/download/8K4H.cif,1,0,1,Experimental RCSB structure imported by bulk sync; resolution 1.95 A; ligand(s): EDO;MG;R75;ZN; candidate for docking review.
PDE4D,8W4Q,RCSB_PDB,experimental,X-ray,1.55,A;B,3NG;EDO;MG;ZN,Homo sapiens,Crystal structure of PDE4D complexed with CX-4945,cif,data/target_db/cache/rcsb/PDE4D/8W4Q.cif,https://files.rcsb.org/download/8W4Q.cif,1,0,1,Experimental RCSB structure imported by bulk sync; resolution 1.55 A; ligand(s): 3NG;EDO;MG;ZN; candidate for docking review.
PDE4D,8W4R,RCSB_PDB,experimental,X-ray,1.37,A;B,AJR;EDO;MG;ZN,Homo sapiens,Crystal structure of PDE4D complexed with CVT-313,cif,data/target_db/cache/rcsb/PDE4D/8W4R.cif,https://files.rcsb.org/download/8W4R.cif,1,0,1,Experimental RCSB structure imported by bulk sync; resolution 1.37 A; ligand(s): AJR;EDO;MG;ZN; candidate for docking review.
PDE4D,8WDN,RCSB_PDB,experimental,X-ray,1.55,A;B,EDO;MG;W8E;ZN,Homo sapiens,Crystal structure of PDE4D complexed with 7b-1,cif,data/target_db/cache/rcsb/PDE4D/8WDN.cif,https://files.rcsb.org/download/8WDN.cif,1,0,1,Experimental RCSB structure imported by bulk sync; resolution 1.55 A; ligand(s): EDO;MG;W8E;ZN; candidate for docking review.
PDE4D,8WDO,RCSB_PDB,experimental,X-ray,1.67,A;B,EDO;MG;W8O;ZN,Homo sapiens,Crystal structure of PDE4D complexed with DCN,cif,data/target_db/cache/rcsb/PDE4D/8WDO.cif,https://files.rcsb.org/download/8WDO.cif,1,0,1,Experimental RCSB structure imported by bulk sync; resolution 1.67 A; ligand(s): EDO;MG;W8O;ZN; candidate for docking review.
PDE4D,8XXS,RCSB_PDB,experimental,X-ray,2.10000940962,A;B,A1D5M;MG;ZN,Homo sapiens,Crystal structure of PDE4D catalytic domain complexed with L11,cif,data/target_db/cache/rcsb/PDE4D/8XXS.cif,https://files.rcsb.org/download/8XXS.cif,1,0,1,Experimental RCSB structure imported by bulk sync; resolution 2.10000940962 A; ligand(s): A1D5M;MG;ZN; candidate for docking review.
PDE4D,8YLC,RCSB_PDB,experimental,X-ray,2.30003722879,A;B,A1D6Q;MG;ZN,Homo sapiens,The crystal structure of PDE4D with Amentoflavone,cif,data/target_db/cache/rcsb/PDE4D/8YLC.cif,https://files.rcsb.org/download/8YLC.cif,1,0,1,Experimental RCSB structure imported by bulk sync; resolution 2.30003722879 A; ligand(s): A1D6Q;MG;ZN; candidate for docking review.
PDE4D,8ZQ1,RCSB_PDB,experimental,X-ray,2.20000099253,A;B,A1D8N;MG;ZN,Homo sapiens,The crystal structure of PDE4D with isoaurostatin derivatives 1-12,cif,data/target_db/cache/rcsb/PDE4D/8ZQ1.cif,https://files.rcsb.org/download/8ZQ1.cif,1,0,1,Experimental RCSB structure imported by bulk sync; resolution 2.20000099253 A; ligand(s): A1D8N;MG;ZN; candidate for docking review.
PDE4D,8ZQ2,RCSB_PDB,experimental,X-ray,2.10001445151,A;B,A1D8O;MG;ZN,Homo sapiens,The crystal structure of PDE4D with isoaurostatin derivatives 2-1,cif,data/target_db/cache/rcsb/PDE4D/8ZQ2.cif,https://files.rcsb.org/download/8ZQ2.cif,1,0,1,Experimental RCSB structure imported by bulk sync; resolution 2.10001445151 A; ligand(s): A1D8O;MG;ZN; candidate for docking review.
PDE4D,8ZQU,RCSB_PDB,experimental,X-ray,2.00004554556,A;B,A1D8P;MG;ZN,Homo sapiens,The crystal structure of PDE4D with isoaurostatin derivatives 2-6,cif,data/target_db/cache/rcsb/PDE4D/8ZQU.cif,https://files.rcsb.org/download/8ZQU.cif,1,0,1,Experimental RCSB structure imported by bulk sync; resolution 2.00004554556 A; ligand(s): A1D8P;MG;ZN; candidate for docking review.
PDE4D,8ZQW,RCSB_PDB,experimental,X-ray,2.10001903775,A;B,A1D8Q;MG;ZN,Homo sapiens,The crystal structure of PDE4D with isoaurostatin derivatives 2-9,cif,data/target_db/cache/rcsb/PDE4D/8ZQW.cif,https://files.rcsb.org/download/8ZQW.cif,1,0,1,Experimental RCSB structure imported by bulk sync; resolution 2.10001903775 A; ligand(s): A1D8Q;MG;ZN; candidate for docking review.
PDE4D,9LO7,RCSB_PDB,experimental,X-ray,2.20006247911,A;B,A1EKX;MG;ZN,Homo sapiens,The crystal structure of PDE4D with 2317b,cif,data/target_db/cache/rcsb/PDE4D/9LO7.cif,https://files.rcsb.org/download/9LO7.cif,1,0,1,Experimental RCSB structure imported by bulk sync; resolution 2.20006247911 A; ligand(s): A1EKX;MG;ZN; candidate for docking review.
PDE4D,9LRO,RCSB_PDB,experimental,X-ray,2.2000069689,A;B,A1ELI;MG;SO4;ZN,Homo sapiens,The crystal structure of PDE4D with T3700,cif,data/target_db/cache/rcsb/PDE4D/9LRO.cif,https://files.rcsb.org/download/9LRO.cif,1,0,1,Experimental RCSB structure imported by bulk sync; resolution 2.2000069689 A; ligand(s): A1ELI;MG;SO4;ZN; candidate for docking review.
PDE4D,9LRP,RCSB_PDB,experimental,X-ray,2.10000722163,A;B,A1ELB;MG;ZN,Homo sapiens,The crystal structure of PDE4D with 13c,cif,data/target_db/cache/rcsb/PDE4D/9LRP.cif,https://files.rcsb.org/download/9LRP.cif,1,0,1,Experimental RCSB structure imported by bulk sync; resolution 2.10000722163 A; ligand(s): A1ELB;MG;ZN; candidate for docking review.
PDE4D,9VDD,RCSB_PDB,experimental,X-ray,2.3,A;B,A1ERT;MG;ZN,Homo sapiens,The crystal structure of PDE4D with inhibitor LH17,cif,data/target_db/cache/rcsb/PDE4D/9VDD.cif,https://files.rcsb.org/download/9VDD.cif,1,0,1,Experimental RCSB structure imported by bulk sync; resolution 2.3 A; ligand(s): A1ERT;MG;ZN; candidate for docking review.
PDE4D,9WP5,RCSB_PDB,experimental,X-ray,2.1,A;B,A1EYL;MG;ZN,Homo sapiens,The crystal structure of PDE4D with Pinoresinol Dimethyl Ether,cif,data/target_db/cache/rcsb/PDE4D/9WP5.cif,https://files.rcsb.org/download/9WP5.cif,1,0,1,Experimental RCSB structure imported by bulk sync; resolution 2.1 A; ligand(s): A1EYL;MG;ZN; candidate for docking review.
PDE5A,AF-O76074-F1,AlphaFold,predicted,Predicted,,A,,Homo sapiens,AlphaFold predicted model for PDE5A,cif,data/target_db/cache/alphafold/O76074/AF-O76074-F1-model_v4.cif,https://alphafold.ebi.ac.uk/files/AF-O76074-F1-model_v6.cif,0,0,1,AlphaFold predicted model; useful as structural reference when experimental structures are unavailable.
PDE5A,1RKP,RCSB_PDB,experimental,X-ray,2.05,A,IBM;MG;ZN,Homo sapiens,Crystal structure of PDE5A1-IBMX,cif,data/target_db/cache/rcsb/PDE5A/1RKP.cif,https://files.rcsb.org/download/1RKP.cif,1,0,1,Experimental RCSB structure imported by bulk sync; resolution 2.05 A; ligand(s): IBM;MG;ZN; candidate for docking review.
PDE5A,1T9R,RCSB_PDB,experimental,X-ray,2.1,A,CIT;PO4;ZN,Homo sapiens,Catalytic Domain Of Human Phosphodiesterase 5A,cif,data/target_db/cache/rcsb/PDE5A/1T9R.cif,https://files.rcsb.org/download/1T9R.cif,1,0,1,Experimental RCSB structure imported by bulk sync; resolution 2.1 A; ligand(s): CIT;PO4;ZN; candidate for docking review.
PDE5A,1T9S,RCSB_PDB,experimental,X-ray,2.0,A;B,5GP;MG;ZN,Homo sapiens,Catalytic Domain Of Human Phosphodiesterase 5A in Complex with GMP,cif,data/target_db/cache/rcsb/PDE5A/1T9S.cif,https://files.rcsb.org/download/1T9S.cif,1,0,1,Experimental RCSB structure imported by bulk sync; resolution 2.0 A; ligand(s): 5GP;MG;ZN; candidate for docking review.
PDE5A,1TBF,RCSB_PDB,experimental,X-ray,1.3,A,GOL;MG;VIA;ZN,Homo sapiens,Catalytic Domain Of Human Phosphodiesterase 5A in Complex with Sildenafil,cif,data/target_db/cache/rcsb/PDE5A/1TBF.cif,https://files.rcsb.org/download/1TBF.cif,1,0,1,Experimental RCSB structure imported by bulk sync; resolution 1.3 A; ligand(s): GOL;MG;VIA;ZN; candidate for docking review.
PDE5A,1UDT,RCSB_PDB,experimental,X-ray,2.3,A,MG;VIA;ZN,Homo sapiens,Crystal structure of Human Phosphodiesterase 5 complexed with Sildenafil(Viagra),cif,data/target_db/cache/rcsb/PDE5A/1UDT.cif,https://files.rcsb.org/download/1UDT.cif,1,0,1,Experimental RCSB structure imported by bulk sync; resolution 2.3 A; ligand(s): MG;VIA;ZN; candidate for docking review.
PDE5A,1UDU,RCSB_PDB,experimental,X-ray,2.83,A;B,CIA;MG;ZN,Homo sapiens,Crystal structure of Human Phosphodiesterase 5 complexed with tadalafil(Cialis),cif,data/target_db/cache/rcsb/PDE5A/1UDU.cif,https://files.rcsb.org/download/1UDU.cif,1,0,1,Experimental RCSB structure imported by bulk sync; resolution 2.83 A; ligand(s): CIA;MG;ZN; candidate for docking review.
PDE5A,1UHO,RCSB_PDB,experimental,X-ray,2.5,A,MG;VDN;ZN,Homo sapiens,Crystal structure of Human Phosphodiesterase 5 complexed with Vardenafil(Levitra),cif,data/target_db/cache/rcsb/PDE5A/1UHO.cif,https://files.rcsb.org/download/1UHO.cif,1,1,1,Experimental RCSB structure imported by bulk sync; resolution 2.5 A; ligand(s): MG;VDN;ZN; candidate for docking review.
PDE5A,1XOZ,RCSB_PDB,experimental,X-ray,1.37,A,CIA;MG;ZN,Homo sapiens,Catalytic Domain Of Human Phosphodiesterase 5A In Complex With Tadalafil,cif,data/target_db/cache/rcsb/PDE5A/1XOZ.cif,https://files.rcsb.org/download/1XOZ.cif,1,0,1,Experimental RCSB structure imported by bulk sync; resolution 1.37 A; ligand(s): CIA;MG;ZN; candidate for docking review.
PDE5A,1XP0,RCSB_PDB,experimental,X-ray,1.79,A,MG;VDN;ZN,Homo sapiens,Catalytic Domain Of Human Phosphodiesterase 5A In Complex With Vardenafil,cif,data/target_db/cache/rcsb/PDE5A/1XP0.cif,https://files.rcsb.org/download/1XP0.cif,1,0,1,Experimental RCSB structure imported by bulk sync; resolution 1.79 A; ligand(s): MG;VDN;ZN; candidate for docking review.
PDE5A,2CHM,RCSB_PDB,experimental,X-ray,1.6,A,3P4;MES;MG;ZN,Homo sapiens,Crystal structure of N2 substituted pyrazolo pyrimidinones - a flipped binding mode in PDE5,cif,data/target_db/cache/rcsb/PDE5A/2CHM.cif,https://files.rcsb.org/download/2CHM.cif,1,0,1,Experimental RCSB structure imported by bulk sync; resolution 1.6 A; ligand(s): 3P4;MES;MG;ZN; candidate for docking review.
PDE5A,2H40,RCSB_PDB,experimental,X-ray,1.85,A,MG;ZN,Homo sapiens,Crystal structure of the catalytic domain of unliganded PDE5,cif,data/target_db/cache/rcsb/PDE5A/2H40.cif,https://files.rcsb.org/download/2H40.cif,1,0,1,Experimental RCSB structure imported by bulk sync; resolution 1.85 A; ligand(s): MG;ZN; candidate for docking review.
PDE5A,2H42,RCSB_PDB,experimental,X-ray,2.3,A;B;C,MG;VIA;ZN,Homo sapiens,Crystal structure of PDE5 in complex with sildenafil,cif,data/target_db/cache/rcsb/PDE5A/2H42.cif,https://files.rcsb.org/download/2H42.cif,1,0,1,Experimental RCSB structure imported by bulk sync; resolution 2.3 A; ligand(s): MG;VIA;ZN; candidate for docking review.
PDE5A,2H44,RCSB_PDB,experimental,X-ray,1.8,A,7CA;MG;ZN,Homo sapiens,Crystal structure of PDE5A1 in complex with icarisid II,cif,data/target_db/cache/rcsb/PDE5A/2H44.cif,https://files.rcsb.org/download/2H44.cif,1,0,1,Experimental RCSB structure imported by bulk sync; resolution 1.8 A; ligand(s): 7CA;MG;ZN; candidate for docking review.
PDE5A,2XSS,RCSB_PDB,experimental,X-ray,2.5,A;B,,Homo sapiens,Crystal structure of GAFb from the human phosphodiesterase 5,cif,data/target_db/cache/rcsb/PDE5A/2XSS.cif,https://files.rcsb.org/download/2XSS.cif,0,0,1,Experimental RCSB structure imported by bulk sync; resolution 2.5 A.
PDE5A,3B2R,RCSB_PDB,experimental,X-ray,2.07,A;B,VDN,Homo sapiens,Crystal Structure of PDE5A1 catalytic domain in complex with Vardenafil,cif,data/target_db/cache/rcsb/PDE5A/3B2R.cif,https://files.rcsb.org/download/3B2R.cif,1,0,1,Experimental RCSB structure imported by bulk sync; resolution 2.07 A; ligand(s): VDN; candidate for docking review.
PDE5A,3BJC,RCSB_PDB,experimental,X-ray,2.0,A,MG;WAN;ZN,Homo sapiens,Crystal structure of the PDE5A catalytic domain in complex with a novel inhibitor,cif,data/target_db/cache/rcsb/PDE5A/3BJC.cif,https://files.rcsb.org/download/3BJC.cif,1,0,1,Experimental RCSB structure imported by bulk sync; resolution 2.0 A; ligand(s): MG;WAN;ZN; candidate for docking review.
PDE5A,3HC8,RCSB_PDB,experimental,X-ray,1.79,A,MG;PD4;ZN,Homo sapiens,Investigation of Aminopyridiopyrazinones as PDE5 Inhibitors: Evaluation of Modifications to the Central Ring System.,cif,data/target_db/cache/rcsb/PDE5A/3HC8.cif,https://files.rcsb.org/download/3HC8.cif,1,0,1,Experimental RCSB structure imported by bulk sync; resolution 1.79 A; ligand(s): MG;PD4;ZN; candidate for docking review.
PDE5A,3HDZ,RCSB_PDB,experimental,X-ray,1.8,A,MG;PD6;ZN,Homo sapiens,"Identification, Synthesis, and SAR of Amino Substituted Pyrido[3,2b]pryaziones as Potent and Selective PDE5 Inhibitors",cif,data/target_db/cache/rcsb/PDE5A/3HDZ.cif,https://files.rcsb.org/download/3HDZ.cif,1,0,1,Experimental RCSB structure imported by bulk sync; resolution 1.8 A; ligand(s): MG;PD6;ZN; candidate for docking review.
PDE5A,3JWQ,RCSB_PDB,experimental,X-ray,2.87,A;B;C;D,MG;VIA;ZN,Homo sapiens,Crystal structure of chimeric PDE5/PDE6 catalytic domain complexed with sildenafil,cif,data/target_db/cache/rcsb/PDE5A/3JWQ.cif,https://files.rcsb.org/download/3JWQ.cif,1,0,1,Experimental RCSB structure imported by bulk sync; resolution 2.87 A; ligand(s): MG;VIA;ZN; candidate for docking review.
PDE5A,3JWR,RCSB_PDB,experimental,X-ray,2.994,A;B,IBM;MG;ZN,Homo sapiens,Crystal structure of chimeric PDE5/PDE6 catalytic domain complexed with 3-isobutyl-1-methylxanthine (IBMX) and PDE6 gamma-subunit inhibitory peptide 70-87.,cif,data/target_db/cache/rcsb/PDE5A/3JWR.cif,https://files.rcsb.org/download/3JWR.cif,1,0,1,Experimental RCSB structure imported by bulk sync; resolution 2.994 A; ligand(s): IBM;MG;ZN; candidate for docking review.
PDE5A,3LFV,RCSB_PDB,experimental,X-ray,2.8,A;B,,Homo sapiens,crystal structure of unliganded PDE5A GAF domain,cif,data/target_db/cache/rcsb/PDE5A/3LFV.cif,https://files.rcsb.org/download/3LFV.cif,0,0,1,Experimental RCSB structure imported by bulk sync; resolution 2.8 A.
PDE5A,3MF0,RCSB_PDB,experimental,X-ray,3.1,A;B,,Homo sapiens,Crystal structure of PDE5A GAF domain (89-518),cif,data/target_db/cache/rcsb/PDE5A/3MF0.cif,https://files.rcsb.org/download/3MF0.cif,0,0,1,Experimental RCSB structure imported by bulk sync; resolution 3.1 A.
PDE5A,3SHY,RCSB_PDB,experimental,X-ray,2.647,A,5FO;MG;ZN,Homo sapiens,Crystal structure of the PDE5A1 catalytic domain in complex with novel inhibitors,cif,data/target_db/cache/rcsb/PDE5A/3SHY.cif,https://files.rcsb.org/download/3SHY.cif,1,0,1,Experimental RCSB structure imported by bulk sync; resolution 2.647 A; ligand(s): 5FO;MG;ZN; candidate for docking review.
PDE5A,3SHZ,RCSB_PDB,experimental,X-ray,2.449,A,5CO;MG;ZN,Homo sapiens,Crystal structure of the PDE5A1 catalytic domain in complex with novel inhibitors,cif,data/target_db/cache/rcsb/PDE5A/3SHZ.cif,https://files.rcsb.org/download/3SHZ.cif,1,0,1,Experimental RCSB structure imported by bulk sync; resolution 2.449 A; ligand(s): 5CO;MG;ZN; candidate for docking review.
PDE5A,3SIE,RCSB_PDB,experimental,X-ray,1.93,A;B,5BO,Homo sapiens,Crystal structure of the PDE5A1 catalytic domain in complex with novel inhibitors,cif,data/target_db/cache/rcsb/PDE5A/3SIE.cif,https://files.rcsb.org/download/3SIE.cif,1,0,1,Experimental RCSB structure imported by bulk sync; resolution 1.93 A; ligand(s): 5BO; candidate for docking review.
PDE5A,3TGE,RCSB_PDB,experimental,X-ray,1.96,A,MG;TGE;ZN,Homo sapiens,A novel series of potent and selective PDE5 inhibitor1,cif,data/target_db/cache/rcsb/PDE5A/3TGE.cif,https://files.rcsb.org/download/3TGE.cif,1,0,1,Experimental RCSB structure imported by bulk sync; resolution 1.96 A; ligand(s): MG;TGE;ZN; candidate for docking review.
PDE5A,3TGG,RCSB_PDB,experimental,X-ray,1.91,A,0H3;MG;ZN,Homo sapiens,A novel series of potent and selective PDE5 inhibitor2,cif,data/target_db/cache/rcsb/PDE5A/3TGG.cif,https://files.rcsb.org/download/3TGG.cif,1,0,1,Experimental RCSB structure imported by bulk sync; resolution 1.91 A; ligand(s): 0H3;MG;ZN; candidate for docking review.
PDE5A,4G2W,RCSB_PDB,experimental,X-ray,2.28,A,MG;NI0;PEG;ZN,Homo sapiens,Crystal structure of PDE5A in complex with its inhibitor,cif,data/target_db/cache/rcsb/PDE5A/4G2W.cif,https://files.rcsb.org/download/4G2W.cif,1,0,1,Experimental RCSB structure imported by bulk sync; resolution 2.28 A; ligand(s): MG;NI0;PEG;ZN; candidate for docking review.
PDE5A,4G2Y,RCSB_PDB,experimental,X-ray,2.4,A,MG;NI5;PEG;ZN,Homo sapiens,Crystal structure of PDE5A complexed with its inhibitor,cif,data/target_db/cache/rcsb/PDE5A/4G2Y.cif,https://files.rcsb.org/download/4G2Y.cif,1,0,1,Experimental RCSB structure imported by bulk sync; resolution 2.4 A; ligand(s): MG;NI5;PEG;ZN; candidate for docking review.
PDE5A,4I9Z,RCSB_PDB,experimental,X-ray,2.08,A,5BA;MG;PEG;ZN,Homo sapiens,Crystal structure of the PDE5A1 catalytic domain in complex with novel inhibitors,cif,data/target_db/cache/rcsb/PDE5A/4I9Z.cif,https://files.rcsb.org/download/4I9Z.cif,1,0,1,Experimental RCSB structure imported by bulk sync; resolution 2.08 A; ligand(s): 5BA;MG;PEG;ZN; candidate for docking review.
PDE5A,4IA0,RCSB_PDB,experimental,X-ray,2.17,A,5BB;MG;ZN,Homo sapiens,Crystal structure of the PDE5A1 catalytic domain in complex with novel inhibitors,cif,data/target_db/cache/rcsb/PDE5A/4IA0.cif,https://files.rcsb.org/download/4IA0.cif,1,0,1,Experimental RCSB structure imported by bulk sync; resolution 2.17 A; ligand(s): 5BB;MG;ZN; candidate for docking review.
PDE5A,4MD6,RCSB_PDB,experimental,X-ray,2.0,A,24E;MG;SO4;ZN,Homo sapiens,Crystal structure of PDE5 in complex with inhibitor 5R,cif,data/target_db/cache/rcsb/PDE5A/4MD6.cif,https://files.rcsb.org/download/4MD6.cif,1,0,1,Experimental RCSB structure imported by bulk sync; resolution 2.0 A; ligand(s): 24E;MG;SO4;ZN; candidate for docking review.
PDE5A,4OEW,RCSB_PDB,experimental,X-ray,2.44,A,5IO;MG;ZN,Homo sapiens,Crystal structure of the PDE5A1 catalytic domain in complex with novel inhibitors,cif,data/target_db/cache/rcsb/PDE5A/4OEW.cif,https://files.rcsb.org/download/4OEW.cif,1,0,1,Experimental RCSB structure imported by bulk sync; resolution 2.44 A; ligand(s): 5IO;MG;ZN; candidate for docking review.
PDE5A,4OEX,RCSB_PDB,experimental,X-ray,2.14,A,5EO;MG;ZN,Homo sapiens,Crystal structure of the PDE5A1 catalytic domain in complex with novel inhibitors,cif,data/target_db/cache/rcsb/PDE5A/4OEX.cif,https://files.rcsb.org/download/4OEX.cif,1,0,1,Experimental RCSB structure imported by bulk sync; resolution 2.14 A; ligand(s): 5EO;MG;ZN; candidate for docking review.
PDE5A,5JO3,RCSB_PDB,experimental,X-ray,1.49,B,6LK;ZN,Homo sapiens,PDE5A for NaV1.7,cif,data/target_db/cache/rcsb/PDE5A/5JO3.cif,https://files.rcsb.org/download/5JO3.cif,1,0,1,Experimental RCSB structure imported by bulk sync; resolution 1.49 A; ligand(s): 6LK;ZN; candidate for docking review.
PDE5A,5ZZ2,RCSB_PDB,experimental,X-ray,2.6,A,9M0;MG;SO4;ZN,Homo sapiens,Crystal structure of PDE5 in complex with inhibitor LW1634,cif,data/target_db/cache/rcsb/PDE5A/5ZZ2.cif,https://files.rcsb.org/download/5ZZ2.cif,1,0,1,Experimental RCSB structure imported by bulk sync; resolution 2.6 A; ligand(s): 9M0;MG;SO4;ZN; candidate for docking review.
PDE5A,6ACB,RCSB_PDB,experimental,X-ray,2.8,A,9T9;MG;SO4;ZN,Homo sapiens,Crystal structure of PDE5 in complex with inhibitor LW1805,cif,data/target_db/cache/rcsb/PDE5A/6ACB.cif,https://files.rcsb.org/download/6ACB.cif,1,0,1,Experimental RCSB structure imported by bulk sync; resolution 2.8 A; ligand(s): 9T9;MG;SO4;ZN; candidate for docking review.
PDE5A,6IWI,RCSB_PDB,experimental,X-ray,2.155,A,B0C;MG;ZN,Homo sapiens,Crystal structure of PDE5A in complex with a novel inhibitor,cif,data/target_db/cache/rcsb/PDE5A/6IWI.cif,https://files.rcsb.org/download/6IWI.cif,1,0,1,Experimental RCSB structure imported by bulk sync; resolution 2.155 A; ligand(s): B0C;MG;ZN; candidate for docking review.
PDE5A,6L6E,RCSB_PDB,experimental,X-ray,1.92,A,E6L;MG;SO4;ZN,Homo sapiens,Human PDE5 catalytic core in complex with avanafil,cif,data/target_db/cache/rcsb/PDE5A/6L6E.cif,https://files.rcsb.org/download/6L6E.cif,1,0,1,Experimental RCSB structure imported by bulk sync; resolution 1.92 A; ligand(s): E6L;MG;SO4;ZN; candidate for docking review.
PDE5A,6VBI,RCSB_PDB,experimental,X-ray,2.30000752706,A;B,FZA,Homo sapiens,crystal structure of PDE5 in complex with a non-competitive inhibitor,cif,data/target_db/cache/rcsb/PDE5A/6VBI.cif,https://files.rcsb.org/download/6VBI.cif,1,0,1,Experimental RCSB structure imported by bulk sync; resolution 2.30000752706 A; ligand(s): FZA; candidate for docking review.
PDE5A,7FAQ,RCSB_PDB,experimental,X-ray,2.20013606546,A,2OI;MG;SO4;ZN,Homo sapiens,Crystal structure of PDE5A in complex with inhibitor L1,cif,data/target_db/cache/rcsb/PDE5A/7FAQ.cif,https://files.rcsb.org/download/7FAQ.cif,1,0,1,Experimental RCSB structure imported by bulk sync; resolution 2.20013606546 A; ligand(s): 2OI;MG;SO4;ZN; candidate for docking review.
PDE5A,7FAR,RCSB_PDB,experimental,X-ray,2.40006470991,A,2VI;MG;ZN,Homo sapiens,Crystal structure of PDE5A in complex with inhibitor L12,cif,data/target_db/cache/rcsb/PDE5A/7FAR.cif,https://files.rcsb.org/download/7FAR.cif,1,0,1,Experimental RCSB structure imported by bulk sync; resolution 2.40006470991 A; ligand(s): 2VI;MG;ZN; candidate for docking review.
PDE5A,8W4S,RCSB_PDB,experimental,X-ray,1.848,A,AJR;MG;ZN,Homo sapiens,Crystal structure of PDE5A in complex with CVT-313,cif,data/target_db/cache/rcsb/PDE5A/8W4S.cif,https://files.rcsb.org/download/8W4S.cif,1,0,1,Experimental RCSB structure imported by bulk sync; resolution 1.848 A; ligand(s): AJR;MG;ZN; candidate for docking review.
PDE5A,8W4T,RCSB_PDB,experimental,X-ray,2.199,A,MG;VZF;ZN,Homo sapiens,Crystal structure of PDE5A in complex with a novel inhibitor,cif,data/target_db/cache/rcsb/PDE5A/8W4T.cif,https://files.rcsb.org/download/8W4T.cif,1,0,1,Experimental RCSB structure imported by bulk sync; resolution 2.199 A; ligand(s): MG;VZF;ZN; candidate for docking review.
PDE5A,8WKF,RCSB_PDB,experimental,X-ray,2.4,A,MG;WD3;ZN,Homo sapiens,Rational Design of Highly Selective PDE5 inhibitors for the Treatment of Idiopathic Pulmonary Fibrosis,cif,data/target_db/cache/rcsb/PDE5A/8WKF.cif,https://files.rcsb.org/download/8WKF.cif,1,0,1,Experimental RCSB structure imported by bulk sync; resolution 2.4 A; ligand(s): MG;WD3;ZN; candidate for docking review.
PDE5A,8WKG,RCSB_PDB,experimental,X-ray,2.4,A,MG;WDB;ZN,Homo sapiens,Rational Design of Highly Selective PDE5 inhibitors for the Treatment of Idiopathic Pulmonary Fibrosis,cif,data/target_db/cache/rcsb/PDE5A/8WKG.cif,https://files.rcsb.org/download/8WKG.cif,1,0,1,Experimental RCSB structure imported by bulk sync; resolution 2.4 A; ligand(s): MG;WDB;ZN; candidate for docking review.
PDE5A,8XWW,RCSB_PDB,experimental,X-ray,2.46,A,A1D5K;MG;ZN,Homo sapiens,"Crystal structure of the catalytic domain of human PDE5A complexed with 2-(3-chlorobenzyl)-4-oxo-3,4-dihydroquinazoline-7-carboxylic acid",cif,data/target_db/cache/rcsb/PDE5A/8XWW.cif,https://files.rcsb.org/download/8XWW.cif,1,0,1,Experimental RCSB structure imported by bulk sync; resolution 2.46 A; ligand(s): A1D5K;MG;ZN; candidate for docking review.
PDE5A,9LSL,RCSB_PDB,experimental,X-ray,2.5,A,A1ELJ;MG;ZN,Homo sapiens,The crystal structure of PDE5A with L1,cif,data/target_db/cache/rcsb/PDE5A/9LSL.cif,https://files.rcsb.org/download/9LSL.cif,1,0,1,Experimental RCSB structure imported by bulk sync; resolution 2.5 A; ligand(s): A1ELJ;MG;ZN; candidate for docking review.
PDE5A,9LSM,RCSB_PDB,experimental,X-ray,2.7,A,A1ELC;MG;SO4;ZN,Homo sapiens,The crystal structure of PDE5A with L9,cif,data/target_db/cache/rcsb/PDE5A/9LSM.cif,https://files.rcsb.org/download/9LSM.cif,1,0,1,Experimental RCSB structure imported by bulk sync; resolution 2.7 A; ligand(s): A1ELC;MG;SO4;ZN; candidate for docking review.
PDE5A,9LSS,RCSB_PDB,experimental,X-ray,2.50007004666,A,A1EL5;MG;SO4;ZN,Homo sapiens,The crystal structure of PDE5 with 1934,cif,data/target_db/cache/rcsb/PDE5A/9LSS.cif,https://files.rcsb.org/download/9LSS.cif,1,0,1,Experimental RCSB structure imported by bulk sync; resolution 2.50007004666 A; ligand(s): A1EL5;MG;SO4;ZN; candidate for docking review.
PDE6A,AF-P16499-F1,AlphaFold,predicted,Predicted,,A,,Homo sapiens,AlphaFold predicted model for PDE6A,cif,data/target_db/cache/alphafold/P16499/AF-P16499-F1-model_v4.cif,https://alphafold.ebi.ac.uk/files/AF-P16499-F1-model_v6.cif,0,0,1,AlphaFold predicted model; useful as structural reference when experimental structures are unavailable.
PDE6B,AF-P35913-F1,AlphaFold,predicted,Predicted,,A,,Homo sapiens,AlphaFold predicted model for PDE6B,cif,data/target_db/cache/alphafold/P35913/AF-P35913-F1-model_v4.cif,https://alphafold.ebi.ac.uk/files/AF-P35913-F1-model_v6.cif,0,0,1,AlphaFold predicted model; useful as structural reference when experimental structures are unavailable.
PDE6C,AF-P51160-F1,AlphaFold,predicted,Predicted,,A,,Homo sapiens,AlphaFold predicted model for PDE6C,cif,data/target_db/cache/alphafold/P51160/AF-P51160-F1-model_v4.cif,https://alphafold.ebi.ac.uk/files/AF-P51160-F1-model_v6.cif,0,0,1,AlphaFold predicted model; useful as structural reference when experimental structures are unavailable.
PDE6C,3JWQ,RCSB_PDB,experimental,X-ray,2.87,A;B;C;D,MG;VIA;ZN,Homo sapiens,Crystal structure of chimeric PDE5/PDE6 catalytic domain complexed with sildenafil,cif,data/target_db/cache/rcsb/PDE6C/3JWQ.cif,https://files.rcsb.org/download/3JWQ.cif,1,0,1,Experimental RCSB structure imported by bulk sync; resolution 2.87 A; ligand(s): MG;VIA;ZN; candidate for docking review.
PDE6C,3JWR,RCSB_PDB,experimental,X-ray,2.994,A;B,IBM;MG;ZN,Homo sapiens,Crystal structure of chimeric PDE5/PDE6 catalytic domain complexed with 3-isobutyl-1-methylxanthine (IBMX) and PDE6 gamma-subunit inhibitory peptide 70-87.,cif,data/target_db/cache/rcsb/PDE6C/3JWR.cif,https://files.rcsb.org/download/3JWR.cif,1,0,1,Experimental RCSB structure imported by bulk sync; resolution 2.994 A; ligand(s): IBM;MG;ZN; candidate for docking review.
PDE6C,5E8F,RCSB_PDB,experimental,X-ray,2.1,D;E,GER,Homo sapiens,Structure of Fully modified geranylgeranylated PDE6C Peptide in complex with PDE6D,cif,data/target_db/cache/rcsb/PDE6C/5E8F.cif,https://files.rcsb.org/download/5E8F.cif,1,1,1,Experimental RCSB structure imported by bulk sync; resolution 2.1 A; ligand(s): GER; candidate for docking review.
PDE6C,9CXG,RCSB_PDB,experimental,Cryo-EM,3.0,A;B,5GP;MG;PCG;ZN,Homo sapiens,Structure of PDE6C in complex with inhibitory cone p gamma in the presence of cGMP,cif,data/target_db/cache/rcsb/PDE6C/9CXG.cif,https://files.rcsb.org/download/9CXG.cif,1,0,1,Experimental RCSB structure imported by bulk sync; resolution 3.0 A; ligand(s): 5GP;MG;PCG;ZN; candidate for docking review.
PDE6C,9CXH,RCSB_PDB,experimental,Cryo-EM,3.1,A;B,5GP;MG;PCG;ZN,Bos taurus,Structure of PDE6C in complex with the rod inhibitory p gamma subunit in the presence of cGMP,cif,data/target_db/cache/rcsb/PDE6C/9CXH.cif,https://files.rcsb.org/download/9CXH.cif,1,0,1,Experimental RCSB structure imported by bulk sync; resolution 3.1 A; ligand(s): 5GP;MG;PCG;ZN; candidate for docking review.
PDE6C,9CXI,RCSB_PDB,experimental,Cryo-EM,3.0,A;B,MG;PCG;ZN,Mus musculus,Structure of PDE6C in complex with the rod inhibitory p gamma subunit in the absence of added cGMP,cif,data/target_db/cache/rcsb/PDE6C/9CXI.cif,https://files.rcsb.org/download/9CXI.cif,1,0,1,Experimental RCSB structure imported by bulk sync; resolution 3.0 A; ligand(s): MG;PCG;ZN; candidate for docking review.
PDE6C,9CXJ,RCSB_PDB,experimental,Cryo-EM,3.1,A;B,MG;ZN,Bos taurus,Structure of PDE6C in complex with the rod inhibitory p gamma subunit with disordered GafA region,cif,data/target_db/cache/rcsb/PDE6C/9CXJ.cif,https://files.rcsb.org/download/9CXJ.cif,1,0,1,Experimental RCSB structure imported by bulk sync; resolution 3.1 A; ligand(s): MG;ZN; candidate for docking review.
PDE6D,AF-O43924-F1,AlphaFold,predicted,Predicted,,A,,Homo sapiens,AlphaFold predicted model for PDE6D,cif,data/target_db/cache/alphafold/O43924/AF-O43924-F1-model_v4.cif,https://alphafold.ebi.ac.uk/files/AF-O43924-F1-model_v6.cif,0,0,1,AlphaFold predicted model; useful as structural reference when experimental structures are unavailable.
PDE6D,1KSG,RCSB_PDB,experimental,X-ray,2.3,B,GTP;MG,Homo sapiens,"Complex of Arl2 and PDE delta, Crystal Form 1",cif,data/target_db/cache/rcsb/PDE6D/1KSG.cif,https://files.rcsb.org/download/1KSG.cif,1,0,1,Experimental RCSB structure imported by bulk sync; resolution 2.3 A; ligand(s): GTP;MG; candidate for docking review.
PDE6D,1KSH,RCSB_PDB,experimental,X-ray,1.8,B,GDP;MG;PO4,Mus musculus,"Complex of Arl2 and PDE delta, Crystal Form 2 (native)",cif,data/target_db/cache/rcsb/PDE6D/1KSH.cif,https://files.rcsb.org/download/1KSH.cif,1,1,1,Experimental RCSB structure imported by bulk sync; resolution 1.8 A; ligand(s): GDP;MG;PO4; candidate for docking review.
PDE6D,1KSJ,RCSB_PDB,experimental,X-ray,2.6,B,BME;GDP;GTP;MG;PO4,Mus musculus,"Complex of Arl2 and PDE delta, Crystal Form 2 (SeMet)",cif,data/target_db/cache/rcsb/PDE6D/1KSJ.cif,https://files.rcsb.org/download/1KSJ.cif,1,0,1,Experimental RCSB structure imported by bulk sync; resolution 2.6 A; ligand(s): BME;GDP;GTP;MG;PO4; candidate for docking review.
PDE6D,3T5G,RCSB_PDB,experimental,X-ray,1.7,B,FAR;GDP;MG,Homo sapiens,Structure of fully modified farnesylated Rheb in complex with PDE6D,cif,data/target_db/cache/rcsb/PDE6D/3T5G.cif,https://files.rcsb.org/download/3T5G.cif,1,0,1,Experimental RCSB structure imported by bulk sync; resolution 1.7 A; ligand(s): FAR;GDP;MG; candidate for docking review.
PDE6D,3T5I,RCSB_PDB,experimental,X-ray,2.1,A;B;C;D,FAR,Homo sapiens,Structure of Fully modified farnesylated Rheb Peptide in complex with PDE6D,cif,data/target_db/cache/rcsb/PDE6D/3T5I.cif,https://files.rcsb.org/download/3T5I.cif,1,0,1,Experimental RCSB structure imported by bulk sync; resolution 2.1 A; ligand(s): FAR; candidate for docking review.
PDE6D,4JHP,RCSB_PDB,experimental,X-ray,1.9,B,,Homo sapiens,The crystal structure of the RPGR RCC1-like domain in complex with PDE6D,cif,data/target_db/cache/rcsb/PDE6D/4JHP.cif,https://files.rcsb.org/download/4JHP.cif,0,0,1,Experimental RCSB structure imported by bulk sync; resolution 1.9 A.
PDE6D,4JV6,RCSB_PDB,experimental,X-ray,1.87,B,18F,Homo sapiens,The crystal structure of PDE6D in complex to inhibitor-1,cif,data/target_db/cache/rcsb/PDE6D/4JV6.cif,https://files.rcsb.org/download/4JV6.cif,1,0,1,Experimental RCSB structure imported by bulk sync; resolution 1.87 A; ligand(s): 18F; candidate for docking review.
PDE6D,4JV8,RCSB_PDB,experimental,X-ray,1.45,B,1M1,Homo sapiens,The crystal structure of PDE6D in complex with rac-S1,cif,data/target_db/cache/rcsb/PDE6D/4JV8.cif,https://files.rcsb.org/download/4JV8.cif,1,0,1,Experimental RCSB structure imported by bulk sync; resolution 1.45 A; ligand(s): 1M1; candidate for docking review.
PDE6D,4JVB,RCSB_PDB,experimental,X-ray,1.75,B,1M0,Homo sapiens,Crystal structure of PDE6D in complex with the inhibitor rac-2,cif,data/target_db/cache/rcsb/PDE6D/4JVB.cif,https://files.rcsb.org/download/4JVB.cif,1,0,1,Experimental RCSB structure imported by bulk sync; resolution 1.75 A; ligand(s): 1M0; candidate for docking review.
PDE6D,4JVF,RCSB_PDB,experimental,X-ray,2.4,B,17X,Homo sapiens,The Crystal structure of PDE6D in complex with the inhibitor (s)-5,cif,data/target_db/cache/rcsb/PDE6D/4JVF.cif,https://files.rcsb.org/download/4JVF.cif,1,0,1,Experimental RCSB structure imported by bulk sync; resolution 2.4 A; ligand(s): 17X; candidate for docking review.
PDE6D,5E80,RCSB_PDB,experimental,X-ray,2.6,A;B,5KP,Homo sapiens,The crystal structure of PDEd in complex with inhibitor-2a,cif,data/target_db/cache/rcsb/PDE6D/5E80.cif,https://files.rcsb.org/download/5E80.cif,1,0,1,Experimental RCSB structure imported by bulk sync; resolution 2.6 A; ligand(s): 5KP; candidate for docking review.
PDE6D,5E8F,RCSB_PDB,experimental,X-ray,2.1,A;C,GER,Homo sapiens,Structure of Fully modified geranylgeranylated PDE6C Peptide in complex with PDE6D,cif,data/target_db/cache/rcsb/PDE6D/5E8F.cif,https://files.rcsb.org/download/5E8F.cif,1,0,1,Experimental RCSB structure imported by bulk sync; resolution 2.1 A; ligand(s): GER; candidate for docking review.
PDE6D,5F2U,RCSB_PDB,experimental,X-ray,1.85,A;B,FAR,Homo sapiens,Structure of Fully modified farnesylated INPP5E Peptide in complex with PDE6D,cif,data/target_db/cache/rcsb/PDE6D/5F2U.cif,https://files.rcsb.org/download/5F2U.cif,1,0,1,Experimental RCSB structure imported by bulk sync; resolution 1.85 A; ligand(s): FAR; candidate for docking review.
PDE6D,5ML2,RCSB_PDB,experimental,X-ray,1.6,B,NH6,Homo sapiens,The crystal structure of PDE6D in complex with inhibitor-3,cif,data/target_db/cache/rcsb/PDE6D/5ML2.cif,https://files.rcsb.org/download/5ML2.cif,1,0,1,Experimental RCSB structure imported by bulk sync; resolution 1.6 A; ligand(s): NH6; candidate for docking review.
PDE6D,5ML3,RCSB_PDB,experimental,X-ray,1.4,B,DL3,Homo sapiens,The crystal structure of PDE6D in complex to Deltasonamide1,cif,data/target_db/cache/rcsb/PDE6D/5ML3.cif,https://files.rcsb.org/download/5ML3.cif,1,0,1,Experimental RCSB structure imported by bulk sync; resolution 1.4 A; ligand(s): DL3; candidate for docking review.
PDE6D,5ML4,RCSB_PDB,experimental,X-ray,2.4,B,RRQ,Homo sapiens,The crystal structure of PDE6D in complex to inhibitor-7,cif,data/target_db/cache/rcsb/PDE6D/5ML4.cif,https://files.rcsb.org/download/5ML4.cif,1,0,1,Experimental RCSB structure imported by bulk sync; resolution 2.4 A; ligand(s): RRQ; candidate for docking review.
PDE6D,5ML6,RCSB_PDB,experimental,X-ray,1.87,B,9GD,Homo sapiens,The crystal structure of PDE6D in complex to inhibitor-8,cif,data/target_db/cache/rcsb/PDE6D/5ML6.cif,https://files.rcsb.org/download/5ML6.cif,1,0,1,Experimental RCSB structure imported by bulk sync; resolution 1.87 A; ligand(s): 9GD; candidate for docking review.
PDE6D,5ML8,RCSB_PDB,experimental,X-ray,2.6,B,V98,Homo sapiens,The crystal structure of PDE6D in complex to inhibitor-4,cif,data/target_db/cache/rcsb/PDE6D/5ML8.cif,https://files.rcsb.org/download/5ML8.cif,1,0,1,Experimental RCSB structure imported by bulk sync; resolution 2.6 A; ligand(s): V98; candidate for docking review.
PDE6D,5NAL,RCSB_PDB,experimental,X-ray,2.2,B,8RQ,Homo sapiens,The crystal structure of inhibitor-15 covalently bound to PDE6D,cif,data/target_db/cache/rcsb/PDE6D/5NAL.cif,https://files.rcsb.org/download/5NAL.cif,1,0,1,Experimental RCSB structure imported by bulk sync; resolution 2.2 A; ligand(s): 8RQ; candidate for docking review.
PDE6D,5TAR,RCSB_PDB,experimental,X-ray,1.9,B,EDO;FAR;GDP,Homo sapiens,Crystal structure of farnesylated and methylated kras4b in complex with PDE-delta (crystal form II - with ordered hypervariable region),cif,data/target_db/cache/rcsb/PDE6D/5TAR.cif,https://files.rcsb.org/download/5TAR.cif,1,0,1,Experimental RCSB structure imported by bulk sync; resolution 1.9 A; ligand(s): EDO;FAR;GDP; candidate for docking review.
PDE6D,5TB5,RCSB_PDB,experimental,X-ray,2.0,B;D,EDO;FAR;GDP,Homo sapiens,Crystal structure of full-length farnesylated and methylated KRAS4b in complex with PDE-delta (crystal form I - with partially disordered hypervariable region),cif,data/target_db/cache/rcsb/PDE6D/5TB5.cif,https://files.rcsb.org/download/5TB5.cif,1,0,1,Experimental RCSB structure imported by bulk sync; resolution 2.0 A; ligand(s): EDO;FAR;GDP; candidate for docking review.
PDE6D,5X72,RCSB_PDB,experimental,X-ray,1.95,A,P59;P69,Homo sapiens,The crystal Structure PDE delta in complex with (rac)-p9,cif,data/target_db/cache/rcsb/PDE6D/5X72.cif,https://files.rcsb.org/download/5X72.cif,1,0,1,Experimental RCSB structure imported by bulk sync; resolution 1.95 A; ligand(s): P59;P69; candidate for docking review.
PDE6D,5X73,RCSB_PDB,experimental,X-ray,2.5,A,P59,Homo sapiens,The crystal Structure PDE delta in complex with R-p9,cif,data/target_db/cache/rcsb/PDE6D/5X73.cif,https://files.rcsb.org/download/5X73.cif,1,0,1,Experimental RCSB structure imported by bulk sync; resolution 2.5 A; ligand(s): P59; candidate for docking review.
PDE6D,5X74,RCSB_PDB,experimental,X-ray,2.25,A,JAY,Homo sapiens,"The crystal Structure PDE delta in complex with compound (R, R)-1g",cif,data/target_db/cache/rcsb/PDE6D/5X74.cif,https://files.rcsb.org/download/5X74.cif,1,0,1,Experimental RCSB structure imported by bulk sync; resolution 2.25 A; ligand(s): JAY; candidate for docking review.
PDE6D,5YAV,RCSB_PDB,experimental,X-ray,1.989,B,8SF,Homo sapiens,Fragment-based Drug Discovery of inhibitors to block PDEdelta-RAS protein-protein interaction,cif,data/target_db/cache/rcsb/PDE6D/5YAV.cif,https://files.rcsb.org/download/5YAV.cif,1,0,1,Experimental RCSB structure imported by bulk sync; resolution 1.989 A; ligand(s): 8SF; candidate for docking review.
PDE6D,5YAW,RCSB_PDB,experimental,X-ray,2.027,B,8SL,Homo sapiens,Fragment-based Drug Discovery of inhibitors to block PDEdelta-RAS protein-protein interaction,cif,data/target_db/cache/rcsb/PDE6D/5YAW.cif,https://files.rcsb.org/download/5YAW.cif,1,0,1,Experimental RCSB structure imported by bulk sync; resolution 2.027 A; ligand(s): 8SL; candidate for docking review.
PDE6D,7PAC,RCSB_PDB,experimental,X-ray,2.05,B,EPE;NI,Homo sapiens,The crystal structure of PDE6D in the apo state,cif,data/target_db/cache/rcsb/PDE6D/7PAC.cif,https://files.rcsb.org/download/7PAC.cif,1,0,1,Experimental RCSB structure imported by bulk sync; resolution 2.05 A; ligand(s): EPE;NI; candidate for docking review.
PDE6D,7PAD,RCSB_PDB,experimental,X-ray,1.49,B,EPE;GOL;NI;O7W,Homo sapiens,The crystal structure of DW-0254 in complex with PDE6D,cif,data/target_db/cache/rcsb/PDE6D/7PAD.cif,https://files.rcsb.org/download/7PAD.cif,1,0,1,Experimental RCSB structure imported by bulk sync; resolution 1.49 A; ligand(s): EPE;GOL;NI;O7W; candidate for docking review.
PDE6D,7PAE,RCSB_PDB,experimental,X-ray,1.85,B,ACY;O7T,Homo sapiens,The crystal structure of Deltarasin in complex with PDE6D,cif,data/target_db/cache/rcsb/PDE6D/7PAE.cif,https://files.rcsb.org/download/7PAE.cif,1,0,1,Experimental RCSB structure imported by bulk sync; resolution 1.85 A; ligand(s): ACY;O7T; candidate for docking review.
PDE6D,7Q9Q,RCSB_PDB,experimental,X-ray,1.45,BBB,CMT;EDO;GER,Homo sapiens,Crystal structure of PDE6D Geranylgeranylated cystein complex,cif,data/target_db/cache/rcsb/PDE6D/7Q9Q.cif,https://files.rcsb.org/download/7Q9Q.cif,1,0,1,Experimental RCSB structure imported by bulk sync; resolution 1.45 A; ligand(s): CMT;EDO;GER; candidate for docking review.
PDE6D,7Q9R,RCSB_PDB,experimental,X-ray,2.5,BBB,EDO;FAR;SO4,Homo sapiens,Cocrystal structure of PDE6D bound to NRAS peptide,cif,data/target_db/cache/rcsb/PDE6D/7Q9R.cif,https://files.rcsb.org/download/7Q9R.cif,1,0,1,Experimental RCSB structure imported by bulk sync; resolution 2.5 A; ligand(s): EDO;FAR;SO4; candidate for docking review.
PDE6D,7Q9S,RCSB_PDB,experimental,X-ray,1.85,AAA;BBB,9TI;DMS;EDO;FAR;SO4,Homo sapiens,Crystal structure of PDE6D KRas peptide complex with Compound-1,cif,data/target_db/cache/rcsb/PDE6D/7Q9S.cif,https://files.rcsb.org/download/7Q9S.cif,1,0,1,Experimental RCSB structure imported by bulk sync; resolution 1.85 A; ligand(s): 9TI;DMS;EDO;FAR;SO4; candidate for docking review.
PDE6D,7Q9U,RCSB_PDB,experimental,X-ray,2.238,CCC;DDD,EDO;FAR;GDP;SO4,Homo sapiens,Crystal structure of the high affinity KRas mutant PDE6D complex,cif,data/target_db/cache/rcsb/PDE6D/7Q9U.cif,https://files.rcsb.org/download/7Q9U.cif,1,0,1,Experimental RCSB structure imported by bulk sync; resolution 2.238 A; ligand(s): EDO;FAR;GDP;SO4; candidate for docking review.
PDE6D,7QF9,RCSB_PDB,experimental,X-ray,1.95,AAA;BBB,CMT;EDO;FAR,Homo sapiens,Crystal structure of PDE6D bound to HRas peptide,cif,data/target_db/cache/rcsb/PDE6D/7QF9.cif,https://files.rcsb.org/download/7QF9.cif,1,0,1,Experimental RCSB structure imported by bulk sync; resolution 1.95 A; ligand(s): CMT;EDO;FAR; candidate for docking review.
PDE6D,7QJK,RCSB_PDB,experimental,X-ray,3.1,AAA;BBB;CCC;DDD,9VO;EDO;SO4,Homo sapiens,Crystal structure of PDE6D in complex with Compound-2,cif,data/target_db/cache/rcsb/PDE6D/7QJK.cif,https://files.rcsb.org/download/7QJK.cif,1,0,1,Experimental RCSB structure imported by bulk sync; resolution 3.1 A; ligand(s): 9VO;EDO;SO4; candidate for docking review.
PDE6D,9DWW,RCSB_PDB,experimental,Cryo-EM,3.3,P,A1BC8;ZN,Homo sapiens,Ternary complex of CRBN-DDB1-PDE6D with FPFT-2216,cif,data/target_db/cache/rcsb/PDE6D/9DWW.cif,https://files.rcsb.org/download/9DWW.cif,1,0,1,Experimental RCSB structure imported by bulk sync; resolution 3.3 A; ligand(s): A1BC8;ZN; candidate for docking review.
PDE6D,9HMC,RCSB_PDB,experimental,X-ray,1.65,A;B,A1IWC;GOL;PEG,Homo sapiens,Crystal structure of PDE6D in complex with compound 5e,cif,data/target_db/cache/rcsb/PDE6D/9HMC.cif,https://files.rcsb.org/download/9HMC.cif,1,0,1,Experimental RCSB structure imported by bulk sync; resolution 1.65 A; ligand(s): A1IWC;GOL;PEG; candidate for docking review.
PDE6D,9HMD,RCSB_PDB,experimental,X-ray,2.5,A;B,A1IWD,Homo sapiens,Crystal structure of PDE6D in complex with DeltaTag (6a),cif,data/target_db/cache/rcsb/PDE6D/9HMD.cif,https://files.rcsb.org/download/9HMD.cif,1,0,1,Experimental RCSB structure imported by bulk sync; resolution 2.5 A; ligand(s): A1IWD; candidate for docking review.
PDE6D,9RP6,RCSB_PDB,experimental,X-ray,1.8,A,A1JIC;GOL,Homo sapiens,Crystal structure of covalent PDE6delta adduct modified by compound 13b,cif,data/target_db/cache/rcsb/PDE6D/9RP6.cif,https://files.rcsb.org/download/9RP6.cif,1,0,1,Experimental RCSB structure imported by bulk sync; resolution 1.8 A; ligand(s): A1JIC;GOL; candidate for docking review.
PDE6D,9RP7,RCSB_PDB,experimental,X-ray,1.9,B,A1JIB,Homo sapiens,Crystal structure of covalent PDE6delta adduct modified by Deltafluorine (22a),cif,data/target_db/cache/rcsb/PDE6D/9RP7.cif,https://files.rcsb.org/download/9RP7.cif,1,0,1,Experimental RCSB structure imported by bulk sync; resolution 1.9 A; ligand(s): A1JIB; candidate for docking review.
PDE6G,AF-P18545-F1,AlphaFold,predicted,Predicted,,A,,Homo sapiens,AlphaFold predicted model for PDE6G,cif,data/target_db/cache/alphafold/P18545/AF-P18545-F1-model_v4.cif,https://alphafold.ebi.ac.uk/files/AF-P18545-F1-model_v6.cif,0,0,1,AlphaFold predicted model; useful as structural reference when experimental structures are unavailable.
PDE6G,3JWR,RCSB_PDB,experimental,X-ray,2.994,C;D,IBM;MG;ZN,Homo sapiens,Crystal structure of chimeric PDE5/PDE6 catalytic domain complexed with 3-isobutyl-1-methylxanthine (IBMX) and PDE6 gamma-subunit inhibitory peptide 70-87.,cif,data/target_db/cache/rcsb/PDE6G/3JWR.cif,https://files.rcsb.org/download/3JWR.cif,1,1,1,Experimental RCSB structure imported by bulk sync; resolution 2.994 A; ligand(s): IBM;MG;ZN; candidate for docking review.
PDE6H,AF-Q13956-F1,AlphaFold,predicted,Predicted,,A,,Homo sapiens,AlphaFold predicted model for PDE6H,cif,data/target_db/cache/alphafold/Q13956/AF-Q13956-F1-model_v4.cif,https://alphafold.ebi.ac.uk/files/AF-Q13956-F1-model_v6.cif,0,0,1,AlphaFold predicted model; useful as structural reference when experimental structures are unavailable.
PDE7A,AF-Q13946-F1,AlphaFold,predicted,Predicted,,A,,Homo sapiens,AlphaFold predicted model for PDE7A,cif,data/target_db/cache/alphafold/Q13946/AF-Q13946-F1-model_v4.cif,https://alphafold.ebi.ac.uk/files/AF-Q13946-F1-model_v6.cif,0,0,1,AlphaFold predicted model; useful as structural reference when experimental structures are unavailable.
PDE7A,1ZKL,RCSB_PDB,experimental,X-ray,1.67,A,IBM;MG;ZN,Homo sapiens,Multiple Determinants for Inhibitor Selectivity of Cyclic Nucleotide Phosphodiesterases,cif,data/target_db/cache/rcsb/PDE7A/1ZKL.cif,https://files.rcsb.org/download/1ZKL.cif,1,0,1,Experimental RCSB structure imported by bulk sync; resolution 1.67 A; ligand(s): IBM;MG;ZN; candidate for docking review.
PDE7A,3G3N,RCSB_PDB,experimental,X-ray,2.4,A,MG;TC8;ZN,Homo sapiens,"PDE7A catalytic domain in complex with 3-(2,6-difluorophenyl)-2-(methylthio)quinazolin-4(3H)-one",cif,data/target_db/cache/rcsb/PDE7A/3G3N.cif,https://files.rcsb.org/download/3G3N.cif,1,0,1,Experimental RCSB structure imported by bulk sync; resolution 2.4 A; ligand(s): MG;TC8;ZN; candidate for docking review.
PDE7A,4PM0,RCSB_PDB,experimental,X-ray,2.1,A,32V;MG;ZN,Homo sapiens,"PDE7A catalytic domain in complex with 2-(Cyclopentylamino)thieno[3,2-d]pyrimidin-4(3H)-one derivative",cif,data/target_db/cache/rcsb/PDE7A/4PM0.cif,https://files.rcsb.org/download/4PM0.cif,1,0,1,Experimental RCSB structure imported by bulk sync; resolution 2.1 A; ligand(s): 32V;MG;ZN; candidate for docking review.
PDE7A,4Y2B,RCSB_PDB,experimental,X-ray,2.2,A,EPK;MG;ZN,Homo sapiens,"Co-crystal structure of 3-ethyl-2-(isopropylamino)-7-(pyridin-3-yl)thieno[3,2-d]pyrimidin-4(3H)-one bound to PDE7A",cif,data/target_db/cache/rcsb/PDE7A/4Y2B.cif,https://files.rcsb.org/download/4Y2B.cif,1,1,1,Experimental RCSB structure imported by bulk sync; resolution 2.2 A; ligand(s): EPK;MG;ZN; candidate for docking review.
PDE7B,AF-Q9NP56-F1,AlphaFold,predicted,Predicted,,A,,Homo sapiens,AlphaFold predicted model for PDE7B,cif,data/target_db/cache/alphafold/Q9NP56/AF-Q9NP56-F1-model_v4.cif,https://alphafold.ebi.ac.uk/files/AF-Q9NP56-F1-model_v6.cif,0,0,1,AlphaFold predicted model; useful as structural reference when experimental structures are unavailable.
PDE8A,AF-O60658-F1,AlphaFold,predicted,Predicted,,A,,Homo sapiens,AlphaFold predicted model for PDE8A,cif,data/target_db/cache/alphafold/O60658/AF-O60658-F1-model_v4.cif,https://alphafold.ebi.ac.uk/files/AF-O60658-F1-model_v6.cif,0,0,1,AlphaFold predicted model; useful as structural reference when experimental structures are unavailable.
PDE8A,3ECM,RCSB_PDB,experimental,X-ray,1.9,A,MG;ZN,Homo sapiens,Crystal structure of the unliganded PDE8A catalytic domain,cif,data/target_db/cache/rcsb/PDE8A/3ECM.cif,https://files.rcsb.org/download/3ECM.cif,1,0,1,Experimental RCSB structure imported by bulk sync; resolution 1.9 A; ligand(s): MG;ZN; candidate for docking review.
PDE8A,3ECN,RCSB_PDB,experimental,X-ray,2.1,A;B,IBM;MG;ZN,Homo sapiens,Crystal structure of PDE8A catalytic domain in complex with IBMX,cif,data/target_db/cache/rcsb/PDE8A/3ECN.cif,https://files.rcsb.org/download/3ECN.cif,1,1,1,Experimental RCSB structure imported by bulk sync; resolution 2.1 A; ligand(s): IBM;MG;ZN; candidate for docking review.
PDE8A,7CWA,RCSB_PDB,experimental,X-ray,2.8,A,CFB;MG;ZN,Homo sapiens,Crystal structure of PDE8A catalytic domain in complex with clofarabine,cif,data/target_db/cache/rcsb/PDE8A/7CWA.cif,https://files.rcsb.org/download/7CWA.cif,1,0,1,Experimental RCSB structure imported by bulk sync; resolution 2.8 A; ligand(s): CFB;MG;ZN; candidate for docking review.
PDE8A,7CWF,RCSB_PDB,experimental,X-ray,2.8,A,GJR;MG;ZN,Homo sapiens,Crystal structure of PDE8A catalytic domain in complex with 2c,cif,data/target_db/cache/rcsb/PDE8A/7CWF.cif,https://files.rcsb.org/download/7CWF.cif,1,0,1,Experimental RCSB structure imported by bulk sync; resolution 2.8 A; ligand(s): GJR;MG;ZN; candidate for docking review.
PDE8A,7CWG,RCSB_PDB,experimental,X-ray,2.8,A,GJU;MG;ZN,Homo sapiens,Crystal structure of PDE8A catalytic domain in complex with 3a,cif,data/target_db/cache/rcsb/PDE8A/7CWG.cif,https://files.rcsb.org/download/7CWG.cif,1,0,1,Experimental RCSB structure imported by bulk sync; resolution 2.8 A; ligand(s): GJU;MG;ZN; candidate for docking review.
PDE8A,7VSL,RCSB_PDB,experimental,X-ray,2.50006900162,A,7XI;MG;ZN,Homo sapiens,Crystal structure of PDE8A catalytic domain in complex with 10,cif,data/target_db/cache/rcsb/PDE8A/7VSL.cif,https://files.rcsb.org/download/7VSL.cif,1,0,1,Experimental RCSB structure imported by bulk sync; resolution 2.50006900162 A; ligand(s): 7XI;MG;ZN; candidate for docking review.
PDE8A,7VTV,RCSB_PDB,experimental,X-ray,2.8,A,7ZZ;MG;ZN,Homo sapiens,Crystal structure of PDE8A catalytic domain in complex with 15,cif,data/target_db/cache/rcsb/PDE8A/7VTV.cif,https://files.rcsb.org/download/7VTV.cif,1,0,1,Experimental RCSB structure imported by bulk sync; resolution 2.8 A; ligand(s): 7ZZ;MG;ZN; candidate for docking review.
PDE8A,7VTW,RCSB_PDB,experimental,X-ray,2.79971328057,A,807;MG;ZN,Homo sapiens,Crystal structure of PDE8A catalytic domain in complex with 17,cif,data/target_db/cache/rcsb/PDE8A/7VTW.cif,https://files.rcsb.org/download/7VTW.cif,1,0,1,Experimental RCSB structure imported by bulk sync; resolution 2.79971328057 A; ligand(s): 807;MG;ZN; candidate for docking review.
PDE8A,7VTX,RCSB_PDB,experimental,X-ray,2.50010936848,A,80D;MG;ZN,Homo sapiens,Crystal structure of PDE8A catalytic domain in complex with 22,cif,data/target_db/cache/rcsb/PDE8A/7VTX.cif,https://files.rcsb.org/download/7VTX.cif,1,0,1,Experimental RCSB structure imported by bulk sync; resolution 2.50010936848 A; ligand(s): 80D;MG;ZN; candidate for docking review.
PDE8A,8YTA,RCSB_PDB,experimental,X-ray,2.5000125483,A,A1D66;MG;ZN,Homo sapiens,The crystal structure of PDE8A with 1604R,cif,data/target_db/cache/rcsb/PDE8A/8YTA.cif,https://files.rcsb.org/download/8YTA.cif,1,0,1,Experimental RCSB structure imported by bulk sync; resolution 2.5000125483 A; ligand(s): A1D66;MG;ZN; candidate for docking review.
PDE8B,AF-O95263-F1,AlphaFold,predicted,Predicted,,A,,Homo sapiens,AlphaFold predicted model for PDE8B,cif,data/target_db/cache/alphafold/O95263/AF-O95263-F1-model_v4.cif,https://alphafold.ebi.ac.uk/files/AF-O95263-F1-model_v6.cif,0,0,1,AlphaFold predicted model; useful as structural reference when experimental structures are unavailable.
PDE9A,AF-O76083-F1,AlphaFold,predicted,Predicted,,A,,Homo sapiens,AlphaFold predicted model for PDE9A,cif,data/target_db/cache/alphafold/O76083/AF-O76083-F1-model_v4.cif,https://alphafold.ebi.ac.uk/files/AF-O76083-F1-model_v6.cif,0,0,1,AlphaFold predicted model; useful as structural reference when experimental structures are unavailable.
PDE9A,2HD1,RCSB_PDB,experimental,X-ray,2.23,A;B,IBM;MG;ZN,Homo sapiens,Crystal structure of PDE9 in complex with IBMX,cif,data/target_db/cache/rcsb/PDE9A/2HD1.cif,https://files.rcsb.org/download/2HD1.cif,1,0,1,Experimental RCSB structure imported by bulk sync; resolution 2.23 A; ligand(s): IBM;MG;ZN; candidate for docking review.
PDE9A,2YY2,RCSB_PDB,experimental,X-ray,2.8,A;B,IBM;MG;ZN,Homo sapiens,Crystal structure of the human Phosphodiesterase 9A catalytic domain complexed with IBMX,cif,data/target_db/cache/rcsb/PDE9A/2YY2.cif,https://files.rcsb.org/download/2YY2.cif,1,0,1,Experimental RCSB structure imported by bulk sync; resolution 2.8 A; ligand(s): IBM;MG;ZN; candidate for docking review.
PDE9A,3DY8,RCSB_PDB,experimental,X-ray,2.15,A;B,5GP;FMT;IBM;MG;MN,Homo sapiens,Human Phosphodiesterase 9 in complex with product 5'-GMP (E+P complex),cif,data/target_db/cache/rcsb/PDE9A/3DY8.cif,https://files.rcsb.org/download/3DY8.cif,1,0,1,Experimental RCSB structure imported by bulk sync; resolution 2.15 A; ligand(s): 5GP;FMT;IBM;MG;MN; candidate for docking review.
PDE9A,3DYL,RCSB_PDB,experimental,X-ray,2.7,A;B,FMT;IBM;MG;MN;PCG,Homo sapiens,human phosphdiesterase 9 substrate complex (ES complex),cif,data/target_db/cache/rcsb/PDE9A/3DYL.cif,https://files.rcsb.org/download/3DYL.cif,1,0,1,Experimental RCSB structure imported by bulk sync; resolution 2.7 A; ligand(s): FMT;IBM;MG;MN;PCG; candidate for docking review.
PDE9A,3DYN,RCSB_PDB,experimental,X-ray,2.1,A;B,IBM;MG;PCG;ZN,Homo sapiens,human phosphodiestrase 9 in complex with cGMP (Zn inhibited),cif,data/target_db/cache/rcsb/PDE9A/3DYN.cif,https://files.rcsb.org/download/3DYN.cif,1,0,1,Experimental RCSB structure imported by bulk sync; resolution 2.1 A; ligand(s): IBM;MG;PCG;ZN; candidate for docking review.
PDE9A,3DYQ,RCSB_PDB,experimental,X-ray,2.5,A;B,IBM;NA;PCG,Homo sapiens,human phosphodiestrase 9 (inhibited by omitting divalent cation) in complex with cGMP,cif,data/target_db/cache/rcsb/PDE9A/3DYQ.cif,https://files.rcsb.org/download/3DYQ.cif,1,1,1,Experimental RCSB structure imported by bulk sync; resolution 2.5 A; ligand(s): IBM;NA;PCG; candidate for docking review.
PDE9A,3DYS,RCSB_PDB,experimental,X-ray,2.3,A;B,5GP;FMT;IBM;MG;MN,Homo sapiens,"human phosphodiestrase-5'GMP complex (EP), produced by soaking with 20mM cGMP+20 mM MnCl2+20 mM MgCl2 for 2 hours, and flash-cooled to liquid nitrogen temperature when substrate was still abudant.",cif,data/target_db/cache/rcsb/PDE9A/3DYS.cif,https://files.rcsb.org/download/3DYS.cif,1,0,1,Experimental RCSB structure imported by bulk sync; resolution 2.3 A; ligand(s): 5GP;FMT;IBM;MG;MN; candidate for docking review.
PDE9A,3JSI,RCSB_PDB,experimental,X-ray,2.72,A;B,MG;WTC;ZN,Homo sapiens,Human phosphodiesterase 9 in complex with inhibitor,cif,data/target_db/cache/rcsb/PDE9A/3JSI.cif,https://files.rcsb.org/download/3JSI.cif,1,0,1,Experimental RCSB structure imported by bulk sync; resolution 2.72 A; ligand(s): MG;WTC;ZN; candidate for docking review.
PDE9A,3JSW,RCSB_PDB,experimental,X-ray,2.3,A;B,JAR;MG;ZN,Homo sapiens,Human PDE9 in complex with selective inhibitor,cif,data/target_db/cache/rcsb/PDE9A/3JSW.cif,https://files.rcsb.org/download/3JSW.cif,1,0,1,Experimental RCSB structure imported by bulk sync; resolution 2.3 A; ligand(s): JAR;MG;ZN; candidate for docking review.
PDE9A,3K3E,RCSB_PDB,experimental,X-ray,2.7,A;B,MG;PDB;ZN,Homo sapiens,Crystal structure of the PDE9A catalytic domain in complex with (R)-BAY73-6691,cif,data/target_db/cache/rcsb/PDE9A/3K3E.cif,https://files.rcsb.org/download/3K3E.cif,1,0,1,Experimental RCSB structure imported by bulk sync; resolution 2.7 A; ligand(s): MG;PDB;ZN; candidate for docking review.
PDE9A,3K3H,RCSB_PDB,experimental,X-ray,2.5,A;B,BYE;MG;ZN,Homo sapiens,Crystal structure of the PDE9A catalytic domain in complex with (S)-BAY73-6691,cif,data/target_db/cache/rcsb/PDE9A/3K3H.cif,https://files.rcsb.org/download/3K3H.cif,1,0,1,Experimental RCSB structure imported by bulk sync; resolution 2.5 A; ligand(s): BYE;MG;ZN; candidate for docking review.
PDE9A,3N3Z,RCSB_PDB,experimental,X-ray,2.75,A;B,CL;IBM;MG;ZN,Homo sapiens,Crystal structure of PDE9A (E406A) mutant in complex with IBMX,cif,data/target_db/cache/rcsb/PDE9A/3N3Z.cif,https://files.rcsb.org/download/3N3Z.cif,1,0,1,Experimental RCSB structure imported by bulk sync; resolution 2.75 A; ligand(s): CL;IBM;MG;ZN; candidate for docking review.
PDE9A,3QI3,RCSB_PDB,experimental,X-ray,2.3,A;B,MG;PDB;ZN,Homo sapiens,Crystal structure of PDE9A(Q453E) in complex with inhibitor BAY73-6691,cif,data/target_db/cache/rcsb/PDE9A/3QI3.cif,https://files.rcsb.org/download/3QI3.cif,1,0,1,Experimental RCSB structure imported by bulk sync; resolution 2.3 A; ligand(s): MG;PDB;ZN; candidate for docking review.
PDE9A,3QI4,RCSB_PDB,experimental,X-ray,2.5,A;B,IBM;MG;ZN,Homo sapiens,Crystal structure of PDE9A(Q453E) in complex with IBMX,cif,data/target_db/cache/rcsb/PDE9A/3QI4.cif,https://files.rcsb.org/download/3QI4.cif,1,0,1,Experimental RCSB structure imported by bulk sync; resolution 2.5 A; ligand(s): IBM;MG;ZN; candidate for docking review.
PDE9A,4E90,RCSB_PDB,experimental,X-ray,2.5,A;B,7RG;MG;ZN,Homo sapiens,Human phosphodiesterase 9 in complex with inhibitors,cif,data/target_db/cache/rcsb/PDE9A/4E90.cif,https://files.rcsb.org/download/4E90.cif,1,0,1,Experimental RCSB structure imported by bulk sync; resolution 2.5 A; ligand(s): 7RG;MG;ZN; candidate for docking review.
PDE9A,4G2J,RCSB_PDB,experimental,X-ray,2.4,A;B,0WF;MG;ZN,Homo sapiens,Human pde9 in complex with selective compound,cif,data/target_db/cache/rcsb/PDE9A/4G2J.cif,https://files.rcsb.org/download/4G2J.cif,1,0,1,Experimental RCSB structure imported by bulk sync; resolution 2.4 A; ligand(s): 0WF;MG;ZN; candidate for docking review.
PDE9A,4G2L,RCSB_PDB,experimental,X-ray,3.0,A;B,0WL;MG;ZN,Homo sapiens,Human PDE9 in complex with selective compound,cif,data/target_db/cache/rcsb/PDE9A/4G2L.cif,https://files.rcsb.org/download/4G2L.cif,1,0,1,Experimental RCSB structure imported by bulk sync; resolution 3.0 A; ligand(s): 0WL;MG;ZN; candidate for docking review.
PDE9A,4GH6,RCSB_PDB,experimental,X-ray,2.7,A;B,LUO;MG;ZN,Homo sapiens,Crystal structure of the PDE9A catalytic domain in complex with inhibitor 28,cif,data/target_db/cache/rcsb/PDE9A/4GH6.cif,https://files.rcsb.org/download/4GH6.cif,1,0,1,Experimental RCSB structure imported by bulk sync; resolution 2.7 A; ligand(s): LUO;MG;ZN; candidate for docking review.
PDE9A,4Y86,RCSB_PDB,experimental,X-ray,2.01,A;B,49D;49E;MG;ZN,Homo sapiens,Crystal structure of PDE9 in complex with racemic inhibitor C33,cif,data/target_db/cache/rcsb/PDE9A/4Y86.cif,https://files.rcsb.org/download/4Y86.cif,1,0,1,Experimental RCSB structure imported by bulk sync; resolution 2.01 A; ligand(s): 49D;49E;MG;ZN; candidate for docking review.
PDE9A,4Y87,RCSB_PDB,experimental,X-ray,3.1,A;B,49E;MG;ZN,Homo sapiens,"Crystal structure of phosphodiesterase 9 in complex with (R)-C33 (6-{[(1R)-1-(4-chlorophenyl)ethyl]amino}-1-cyclopentyl-1,5-dihydro-4H-pyrazolo[3,4-d]pyrimidin-4-one)",cif,data/target_db/cache/rcsb/PDE9A/4Y87.cif,https://files.rcsb.org/download/4Y87.cif,1,0,1,Experimental RCSB structure imported by bulk sync; resolution 3.1 A; ligand(s): 49E;MG;ZN; candidate for docking review.
PDE9A,4Y8C,RCSB_PDB,experimental,X-ray,2.7,A;B,49D;MG;ZN,Homo sapiens,Crystal structure of phosphodiesterase 9 in complex with (S)-C33,cif,data/target_db/cache/rcsb/PDE9A/4Y8C.cif,https://files.rcsb.org/download/4Y8C.cif,1,0,1,Experimental RCSB structure imported by bulk sync; resolution 2.7 A; ligand(s): 49D;MG;ZN; candidate for docking review.
PDE9A,6A3N,RCSB_PDB,experimental,X-ray,2.6,A;B,9Q9;MG;ZN,Homo sapiens,Crystal structure of the PDE9 catalytic domain in complex with inhibitor 2,cif,data/target_db/cache/rcsb/PDE9A/6A3N.cif,https://files.rcsb.org/download/6A3N.cif,1,0,1,Experimental RCSB structure imported by bulk sync; resolution 2.6 A; ligand(s): 9Q9;MG;ZN; candidate for docking review.
PDE9A,6LZZ,RCSB_PDB,experimental,X-ray,2.40003752238,A;B,EZU;MG;ZN,Homo sapiens,Crystal structure of the PDE9 catalytic domain in complex with inhibitor 4a,cif,data/target_db/cache/rcsb/PDE9A/6LZZ.cif,https://files.rcsb.org/download/6LZZ.cif,1,0,1,Experimental RCSB structure imported by bulk sync; resolution 2.40003752238 A; ligand(s): EZU;MG;ZN; candidate for docking review.
PDE9A,7F0I,RCSB_PDB,experimental,X-ray,2.70000890032,A;B,06A;MG;ZN,Homo sapiens,phosphodiesterase-9A in complex with inhibitor 4b,cif,data/target_db/cache/rcsb/PDE9A/7F0I.cif,https://files.rcsb.org/download/7F0I.cif,1,0,1,Experimental RCSB structure imported by bulk sync; resolution 2.70000890032 A; ligand(s): 06A;MG;ZN; candidate for docking review.
PDE9A,8BPY,RCSB_PDB,experimental,X-ray,3.3,A;B,MG;NA;R4I;ZN,Homo sapiens,X-RAY STRUCTURE OF PDE9A IN COMPLEX WITH Inhibitor 13A,cif,data/target_db/cache/rcsb/PDE9A/8BPY.cif,https://files.rcsb.org/download/8BPY.cif,1,0,1,Experimental RCSB structure imported by bulk sync; resolution 3.3 A; ligand(s): MG;NA;R4I;ZN; candidate for docking review.
